map_name,scen_num,num_agents,solver,solved,soc,lb_soc,makespan,lb_makespan,comp_time
brc202d.map,1,10,PIBT,1,3181,3181,924,924,47
brc202d.map,1,20,PIBT,1,7634,7625,924,924,80
brc202d.map,1,30,PIBT,1,12012,11788,924,924,91
brc202d.map,1,40,PIBT,1,16810,16234,924,924,70
brc202d.map,1,50,PIBT,1,22875,21726,924,924,114
brc202d.map,1,60,PIBT,1,26207,25018,924,924,163
brc202d.map,1,70,PIBT,1,30630,29359,924,924,146
brc202d.map,1,80,PIBT,1,34386,33008,924,924,153
brc202d.map,1,90,PIBT,1,39550,37193,1017,1017,182
brc202d.map,1,100,PIBT,1,45111,42493,1017,1017,163
brc202d.map,1,110,PIBT,1,48700,46151,1017,1017,225
brc202d.map,1,120,PIBT,1,55508,52203,1040,1040,239
brc202d.map,1,130,PIBT,1,60331,56192,1040,1040,232
brc202d.map,1,140,PIBT,1,63647,58653,1040,1040,266
brc202d.map,1,150,PIBT,1,69750,63797,1040,1040,293
brc202d.map,1,160,PIBT,1,76689,70432,1040,1040,172
brc202d.map,1,170,PIBT,1,81569,75598,1040,1040,276
brc202d.map,1,180,PIBT,1,84473,78267,1040,1040,399
brc202d.map,1,190,PIBT,1,88668,80582,1040,1040,177
brc202d.map,1,200,PIBT,1,93468,85080,1040,1040,299
brc202d.map,1,210,PIBT,1,97440,88551,1040,1040,442
brc202d.map,1,220,PIBT,1,103029,93038,1040,1040,432
brc202d.map,1,230,PIBT,1,107706,97065,1040,1040,267
brc202d.map,1,240,PIBT,1,113449,101578,1040,1040,270
brc202d.map,1,10,HCA,1,3181,3181,924,924,186
brc202d.map,1,20,HCA,1,7625,7625,924,924,231
brc202d.map,1,30,HCA,1,11794,11788,924,924,254
brc202d.map,1,40,HCA,1,16249,16234,924,924,304
brc202d.map,1,290,PIBT,1,137965,123716,1040,1040,380
brc202d.map,1,300,PIBT,1,142290,127055,1040,1040,329
brc202d.map,1,310,PIBT,1,147430,130504,1040,1040,322
brc202d.map,1,320,PIBT,1,152124,134984,1040,1040,405
brc202d.map,1,250,PIBT,1,116445,104859,1040,1040,388
brc202d.map,1,260,PIBT,1,120734,109586,1040,1040,476
brc202d.map,1,270,PIBT,1,126017,113873,1040,1040,329
brc202d.map,1,280,PIBT,1,132148,118785,1040,1040,669
brc202d.map,1,330,PIBT,1,156515,139423,1040,1040,467
brc202d.map,1,340,PIBT,1,161962,143034,1040,1040,375
brc202d.map,1,350,PIBT,1,167322,148556,1040,1040,344
brc202d.map,1,360,PIBT,1,172692,153714,1040,1040,635
brc202d.map,1,370,PIBT,1,176206,156806,1040,1040,624
brc202d.map,1,380,PIBT,1,181778,161275,1040,1040,440
brc202d.map,1,390,PIBT,1,186941,164808,1040,1040,629
brc202d.map,1,400,PIBT,1,193176,170938,1040,1040,407
brc202d.map,1,50,HCA,1,21744,21726,924,924,374
brc202d.map,1,60,HCA,1,25040,25018,924,924,355
brc202d.map,1,70,HCA,1,29385,29359,924,924,500
brc202d.map,1,80,HCA,1,33066,33008,924,924,519
brc202d.map,1,410,PIBT,1,198593,175209,1059,1059,909
brc202d.map,1,420,PIBT,1,205547,181348,1059,1059,484
brc202d.map,1,430,PIBT,1,211194,185396,1059,1059,527
brc202d.map,1,440,PIBT,1,217325,189871,1059,1059,487
brc202d.map,1,490,PIBT,1,246790,211311,1059,1059,645
brc202d.map,1,500,PIBT,1,250720,215288,1059,1059,573
brc202d.map,1,510,PIBT,1,256439,218125,1059,1059,542
brc202d.map,1,520,PIBT,1,259993,222118,1059,1059,581
brc202d.map,1,450,PIBT,1,222895,194027,1059,1059,803
brc202d.map,1,460,PIBT,1,228468,198524,1059,1059,490
brc202d.map,1,470,PIBT,1,236888,201445,1059,1059,712
brc202d.map,1,480,PIBT,1,242333,206965,1059,1059,618
brc202d.map,1,90,HCA,1,37589,37193,1017,1017,516
brc202d.map,1,100,HCA,1,43074,42493,1017,1017,714
brc202d.map,1,110,HCA,1,46748,46151,1017,1017,641
brc202d.map,1,120,HCA,1,53239,52203,1040,1040,750
brc202d.map,1,570,PIBT,1,283637,240295,1059,1059,752
brc202d.map,1,580,PIBT,1,288070,244522,1059,1059,628
brc202d.map,1,590,PIBT,1,295777,249560,1059,1059,596
brc202d.map,1,600,PIBT,1,300303,253237,1059,1059,710
brc202d.map,1,530,PIBT,1,263815,226124,1059,1059,684
brc202d.map,1,540,PIBT,1,269263,229778,1059,1059,547
brc202d.map,1,550,PIBT,1,273244,233717,1059,1059,784
brc202d.map,1,560,PIBT,1,278294,236096,1059,1059,796
brc202d.map,1,610,PIBT,1,304208,258064,1059,1059,841
brc202d.map,1,620,PIBT,1,310696,262305,1059,1059,717
brc202d.map,1,630,PIBT,1,314729,266602,1059,1059,753
brc202d.map,1,640,PIBT,1,320796,270762,1059,1059,911
brc202d.map,1,650,PIBT,1,330649,275297,1059,1059,1023
brc202d.map,1,660,PIBT,1,334290,279610,1059,1059,796
brc202d.map,1,670,PIBT,1,341343,283959,1059,1059,701
brc202d.map,1,680,PIBT,1,343785,287089,1059,1059,742
brc202d.map,1,770,PIBT,1,394516,324322,1059,1059,930
brc202d.map,1,780,PIBT,1,405649,330099,1059,1059,861
brc202d.map,1,790,PIBT,1,408584,333734,1059,1059,840
brc202d.map,1,800,PIBT,1,415238,337393,1059,1059,816
brc202d.map,1,690,PIBT,1,351463,292086,1059,1059,954
brc202d.map,1,700,PIBT,1,360703,296445,1059,1059,1317
brc202d.map,1,710,PIBT,1,363922,300002,1059,1059,807
brc202d.map,1,720,PIBT,1,371551,303154,1059,1059,739
brc202d.map,1,130,HCA,1,57671,56192,1040,1040,928
brc202d.map,1,140,HCA,1,60143,58653,1040,1040,962
brc202d.map,1,150,HCA,1,65300,63797,1040,1040,951
brc202d.map,1,160,HCA,1,71957,70432,1040,1040,1166
brc202d.map,1,810,PIBT,1,420702,342090,1059,1059,1081
brc202d.map,1,820,PIBT,1,427546,345957,1059,1059,925
brc202d.map,1,830,PIBT,1,428522,351114,1059,1059,942
brc202d.map,1,840,PIBT,1,437811,354788,1059,1059,967
brc202d.map,1,730,PIBT,1,374332,307628,1059,1059,1169
brc202d.map,1,740,PIBT,1,378975,311110,1059,1059,1621
brc202d.map,1,750,PIBT,1,382845,315803,1059,1059,922
brc202d.map,1,760,PIBT,1,390715,319324,1059,1059,1046
brc202d.map,1,850,PIBT,1,442297,359392,1059,1059,1258
brc202d.map,1,860,PIBT,1,446030,363714,1059,1059,943
brc202d.map,1,870,PIBT,1,452669,368180,1059,1059,1074
brc202d.map,1,880,PIBT,1,455749,371496,1059,1059,1187
brc202d.map,1,890,PIBT,1,462195,375955,1059,1059,1085
brc202d.map,1,900,PIBT,1,470793,379538,1059,1059,1473
brc202d.map,1,910,PIBT,1,473375,383324,1059,1059,1195
brc202d.map,1,920,PIBT,1,473923,385775,1059,1059,1097
brc202d.map,1,930,PIBT,1,481556,390148,1059,1059,989
brc202d.map,1,940,PIBT,1,485807,392430,1059,1059,1150
brc202d.map,1,950,PIBT,1,493182,396040,1059,1059,1097
brc202d.map,1,960,PIBT,1,498161,399026,1059,1059,1233
brc202d.map,1,170,HCA,1,77163,75598,1040,1040,1238
brc202d.map,1,180,HCA,1,79838,78267,1040,1040,1207
brc202d.map,1,190,HCA,1,82163,80582,1040,1040,1267
brc202d.map,1,200,HCA,1,86686,85080,1040,1040,2024
brc202d.map,1,10,PIBT_PLUS,1,3181,3181,924,924,17
brc202d.map,1,20,PIBT_PLUS,1,7634,7625,924,924,35
brc202d.map,1,30,PIBT_PLUS,1,12012,11788,924,924,42
brc202d.map,1,40,PIBT_PLUS,1,16810,16234,924,924,51
brc202d.map,1,50,PIBT_PLUS,1,22875,21726,924,924,71
brc202d.map,1,60,PIBT_PLUS,1,26207,25018,924,924,68
brc202d.map,1,70,PIBT_PLUS,1,30630,29359,924,924,85
brc202d.map,1,80,PIBT_PLUS,1,34386,33008,924,924,100
brc202d.map,1,970,PIBT,1,502915,405249,1059,1059,1388
brc202d.map,1,980,PIBT,1,508106,408606,1059,1059,1347
brc202d.map,1,990,PIBT,1,512497,411823,1059,1059,1075
brc202d.map,1,1000,PIBT,1,521608,415985,1059,1059,965
brc202d.map,1,90,PIBT_PLUS,1,39550,37193,1017,1017,99
brc202d.map,1,100,PIBT_PLUS,1,45111,42493,1017,1017,114
brc202d.map,1,110,PIBT_PLUS,1,48700,46151,1017,1017,133
brc202d.map,1,120,PIBT_PLUS,1,55508,52203,1040,1040,150
brc202d.map,1,130,PIBT_PLUS,1,60331,56192,1040,1040,140
brc202d.map,1,140,PIBT_PLUS,1,63647,58653,1040,1040,160
brc202d.map,1,150,PIBT_PLUS,1,69750,63797,1040,1040,185
brc202d.map,1,160,PIBT_PLUS,1,76689,70432,1040,1040,192
brc202d.map,1,210,HCA,1,90392,88551,1040,1040,1430
brc202d.map,1,220,HCA,1,95361,93038,1040,1040,1473
brc202d.map,1,230,HCA,1,99405,97065,1040,1040,1973
brc202d.map,1,240,HCA,1,103927,101578,1040,1040,1657
brc202d.map,1,170,PIBT_PLUS,1,81569,75598,1040,1040,200
brc202d.map,1,180,PIBT_PLUS,1,84473,78267,1040,1040,220
brc202d.map,1,190,PIBT_PLUS,1,88668,80582,1040,1040,225
brc202d.map,1,200,PIBT_PLUS,1,93468,85080,1040,1040,435
brc202d.map,1,210,PIBT_PLUS,1,97440,88551,1040,1040,253
brc202d.map,1,220,PIBT_PLUS,1,103029,93038,1040,1040,247
brc202d.map,1,230,PIBT_PLUS,1,107706,97065,1040,1040,487
brc202d.map,1,240,PIBT_PLUS,1,113449,101578,1040,1040,291
brc202d.map,1,250,PIBT_PLUS,1,116445,104859,1040,1040,275
brc202d.map,1,260,PIBT_PLUS,1,120734,109586,1040,1040,539
brc202d.map,1,270,PIBT_PLUS,1,126017,113873,1040,1040,379
brc202d.map,1,280,PIBT_PLUS,1,132148,118785,1040,1040,502
brc202d.map,1,250,HCA,1,107220,104859,1040,1040,1785
brc202d.map,1,260,HCA,1,111993,109586,1040,1040,1846
brc202d.map,1,270,HCA,1,116675,113873,1040,1040,2611
brc202d.map,1,280,HCA,1,121620,118785,1040,1040,2418
brc202d.map,1,290,PIBT_PLUS,1,137965,123716,1040,1040,559
brc202d.map,1,300,PIBT_PLUS,1,142290,127055,1040,1040,371
brc202d.map,1,310,PIBT_PLUS,1,147430,130504,1040,1040,606
brc202d.map,1,320,PIBT_PLUS,1,152124,134984,1040,1040,368
brc202d.map,1,330,PIBT_PLUS,1,156515,139423,1040,1040,573
brc202d.map,1,340,PIBT_PLUS,1,161962,143034,1040,1040,396
brc202d.map,1,350,PIBT_PLUS,1,167322,148556,1040,1040,475
brc202d.map,1,360,PIBT_PLUS,1,172692,153714,1040,1040,636
brc202d.map,1,370,PIBT_PLUS,1,176206,156806,1040,1040,425
brc202d.map,1,380,PIBT_PLUS,1,181778,161275,1040,1040,491
brc202d.map,1,390,PIBT_PLUS,1,186941,164808,1040,1040,644
brc202d.map,1,400,PIBT_PLUS,1,193176,170938,1040,1040,494
brc202d.map,1,410,PIBT_PLUS,1,198593,175209,1059,1059,671
brc202d.map,1,420,PIBT_PLUS,1,205547,181348,1059,1059,601
brc202d.map,1,430,PIBT_PLUS,1,211194,185396,1059,1059,488
brc202d.map,1,440,PIBT_PLUS,1,217325,189871,1059,1059,618
brc202d.map,1,290,HCA,1,126554,123716,1040,1040,2397
brc202d.map,1,300,HCA,1,129904,127055,1040,1040,3148
brc202d.map,1,310,HCA,1,134819,130504,1040,1040,2645
brc202d.map,1,320,HCA,1,139311,134984,1040,1040,2544
brc202d.map,1,450,PIBT_PLUS,1,222895,194027,1059,1059,562
brc202d.map,1,460,PIBT_PLUS,1,228468,198524,1059,1059,521
brc202d.map,1,470,PIBT_PLUS,1,236888,201445,1059,1059,636
brc202d.map,1,480,PIBT_PLUS,1,242333,206965,1059,1059,587
brc202d.map,1,490,PIBT_PLUS,1,246790,211311,1059,1059,749
brc202d.map,1,500,PIBT_PLUS,1,250720,215288,1059,1059,669
brc202d.map,1,510,PIBT_PLUS,1,256439,218125,1059,1059,769
brc202d.map,1,520,PIBT_PLUS,1,259993,222118,1059,1059,668
brc202d.map,1,330,HCA,1,143560,139423,1040,1040,2524
brc202d.map,1,340,HCA,1,146584,143034,1040,1040,3525
brc202d.map,1,350,HCA,1,152132,148556,1040,1040,3250
brc202d.map,1,360,HCA,1,157405,153714,1040,1040,3398
brc202d.map,1,530,PIBT_PLUS,1,263815,226124,1059,1059,644
brc202d.map,1,540,PIBT_PLUS,1,269263,229778,1059,1059,706
brc202d.map,1,550,PIBT_PLUS,1,273244,233717,1059,1059,921
brc202d.map,1,560,PIBT_PLUS,1,278294,236096,1059,1059,726
brc202d.map,1,570,PIBT_PLUS,1,283637,240295,1059,1059,671
brc202d.map,1,580,PIBT_PLUS,1,288070,244522,1059,1059,709
brc202d.map,1,590,PIBT_PLUS,1,295777,249560,1059,1059,816
brc202d.map,1,600,PIBT_PLUS,1,300303,253237,1059,1059,764
brc202d.map,1,370,HCA,1,161108,156806,1040,1040,2967
brc202d.map,1,380,HCA,1,165580,161275,1040,1040,3581
brc202d.map,1,390,HCA,1,169134,164808,1040,1040,3546
brc202d.map,1,400,HCA,1,175517,170938,1040,1040,4253
brc202d.map,1,610,PIBT_PLUS,1,304208,258064,1059,1059,713
brc202d.map,1,620,PIBT_PLUS,1,310696,262305,1059,1059,997
brc202d.map,1,630,PIBT_PLUS,1,314729,266602,1059,1059,790
brc202d.map,1,640,PIBT_PLUS,1,320796,270762,1059,1059,1357
brc202d.map,1,650,PIBT_PLUS,1,330649,275297,1059,1059,1334
brc202d.map,1,660,PIBT_PLUS,1,334290,279610,1059,1059,840
brc202d.map,1,670,PIBT_PLUS,1,341343,283959,1059,1059,1009
brc202d.map,1,680,PIBT_PLUS,1,343785,287089,1059,1059,804
brc202d.map,1,410,HCA,1,179263,175209,1059,1059,3479
brc202d.map,1,420,HCA,1,185786,181348,1059,1059,3874
brc202d.map,1,430,HCA,1,190692,185396,1059,1059,4340
brc202d.map,1,440,HCA,1,195135,189871,1059,1059,4381
brc202d.map,1,690,PIBT_PLUS,1,351463,292086,1059,1059,1332
brc202d.map,1,700,PIBT_PLUS,1,360703,296445,1059,1059,1013
brc202d.map,1,710,PIBT_PLUS,1,363922,300002,1059,1059,1250
brc202d.map,1,720,PIBT_PLUS,1,371551,303154,1059,1059,1129
brc202d.map,1,10,PushAndSwap,1,4567,3181,1075,924,105
brc202d.map,1,20,PushAndSwap,1,17663,7625,1489,924,237
brc202d.map,1,30,PushAndSwap,0,44404,11788,2001,924,110
brc202d.map,1,40,PushAndSwap,0,35074,16234,2001,924,169
brc202d.map,1,50,PushAndSwap,0,35559,21726,2001,924,183
brc202d.map,1,60,PushAndSwap,0,36519,25018,2001,924,210
brc202d.map,1,70,PushAndSwap,0,43232,29359,2001,924,303
brc202d.map,1,80,PushAndSwap,0,46978,33008,2001,924,337
brc202d.map,1,730,PIBT_PLUS,1,374332,307628,1059,1059,872
brc202d.map,1,740,PIBT_PLUS,1,378975,311110,1059,1059,1306
brc202d.map,1,750,PIBT_PLUS,1,382845,315803,1059,1059,915
brc202d.map,1,760,PIBT_PLUS,1,390715,319324,1059,1059,938
brc202d.map,1,90,PushAndSwap,0,32777,37193,2001,1017,352
brc202d.map,1,100,PushAndSwap,0,23473,42493,2001,1017,449
brc202d.map,1,110,PushAndSwap,0,26121,46151,2001,1017,516
brc202d.map,1,120,PushAndSwap,0,28999,52203,2001,1040,839
brc202d.map,1,130,PushAndSwap,0,28444,56192,2001,1040,530
brc202d.map,1,140,PushAndSwap,0,28530,58653,2001,1040,631
brc202d.map,1,150,PushAndSwap,0,31970,63797,2001,1040,856
brc202d.map,1,160,PushAndSwap,0,37553,70432,2001,1040,790
brc202d.map,1,770,PIBT_PLUS,1,394516,324322,1059,1059,1061
brc202d.map,1,780,PIBT_PLUS,1,405649,330099,1059,1059,996
brc202d.map,1,790,PIBT_PLUS,1,408584,333734,1059,1059,1020
brc202d.map,1,800,PIBT_PLUS,1,415238,337393,1059,1059,1384
brc202d.map,1,810,PIBT_PLUS,1,420702,342090,1059,1059,1035
brc202d.map,1,820,PIBT_PLUS,1,427546,345957,1059,1059,1058
brc202d.map,1,830,PIBT_PLUS,1,428522,351114,1059,1059,1156
brc202d.map,1,840,PIBT_PLUS,1,437811,354788,1059,1059,1301
brc202d.map,1,450,HCA,1,199779,194027,1059,1059,4951
brc202d.map,1,460,HCA,1,205113,198524,1059,1059,4668
brc202d.map,1,470,HCA,1,208727,201445,1059,1059,5441
brc202d.map,1,480,HCA,1,214230,206965,1059,1059,4393
brc202d.map,1,850,PIBT_PLUS,1,442297,359392,1059,1059,1491
brc202d.map,1,860,PIBT_PLUS,1,446030,363714,1059,1059,1129
brc202d.map,1,870,PIBT_PLUS,1,452669,368180,1059,1059,1240
brc202d.map,1,880,PIBT_PLUS,1,455749,371496,1059,1059,1092
brc202d.map,1,170,PushAndSwap,0,38724,75598,2001,1040,774
brc202d.map,1,180,PushAndSwap,0,38882,78267,2001,1040,991
brc202d.map,1,190,PushAndSwap,0,38982,80582,2001,1040,865
brc202d.map,1,200,PushAndSwap,0,40291,85080,2001,1040,966
brc202d.map,1,890,PIBT_PLUS,1,462195,375955,1059,1059,1511
brc202d.map,1,900,PIBT_PLUS,1,470793,379538,1059,1059,1179
brc202d.map,1,910,PIBT_PLUS,1,473375,383324,1059,1059,1735
brc202d.map,1,920,PIBT_PLUS,1,473923,385775,1059,1059,1173
brc202d.map,1,490,HCA,1,218870,211311,1059,1059,5855
brc202d.map,1,500,HCA,1,223769,215288,1059,1059,5216
brc202d.map,1,510,HCA,1,227309,218125,1059,1059,5816
brc202d.map,1,520,HCA,1,231371,222118,1059,1059,5324
brc202d.map,1,210,PushAndSwap,0,41067,88551,2001,1040,1317
brc202d.map,1,220,PushAndSwap,0,43391,93038,2001,1040,1239
brc202d.map,1,230,PushAndSwap,0,43394,97065,2001,1040,1270
brc202d.map,1,240,PushAndSwap,0,44515,101578,2001,1040,1230
brc202d.map,1,930,PIBT_PLUS,1,481556,390148,1059,1059,1687
brc202d.map,1,940,PIBT_PLUS,1,485807,392430,1059,1059,1320
brc202d.map,1,950,PIBT_PLUS,1,493182,396040,1059,1059,1303
brc202d.map,1,960,PIBT_PLUS,1,498161,399026,1059,1059,1324
brc202d.map,1,970,PIBT_PLUS,1,502915,405249,1059,1059,1427
brc202d.map,1,980,PIBT_PLUS,1,508106,408606,1059,1059,1830
brc202d.map,1,990,PIBT_PLUS,1,512497,411823,1059,1059,1414
brc202d.map,1,1000,PIBT_PLUS,1,521608,415985,1059,1059,1318
brc202d.map,1,530,HCA,1,235548,226124,1059,1059,6793
brc202d.map,1,540,HCA,1,239007,229778,1059,1059,5681
brc202d.map,1,550,HCA,1,243436,233717,1059,1059,5883
brc202d.map,1,560,HCA,1,245821,236096,1059,1059,5971
brc202d.map,1,250,PushAndSwap,0,44170,104859,2001,1040,1328
brc202d.map,1,260,PushAndSwap,0,50097,109586,2001,1040,1539
brc202d.map,1,270,PushAndSwap,0,40415,113873,2001,1040,1677
brc202d.map,1,280,PushAndSwap,0,41904,118785,2001,1040,2107
brc202d.map,1,290,PushAndSwap,0,37241,123716,2001,1040,1827
brc202d.map,1,300,PushAndSwap,0,37556,127055,2001,1040,1809
brc202d.map,1,310,PushAndSwap,0,37795,130504,2001,1040,2235
brc202d.map,1,320,PushAndSwap,0,43227,134984,2001,1040,2879
brc202d.map,1,330,PushAndSwap,0,42031,139423,2001,1040,2177
brc202d.map,1,340,PushAndSwap,0,40615,143034,2001,1040,2122
brc202d.map,1,350,PushAndSwap,0,40698,148556,2001,1040,2301
brc202d.map,1,360,PushAndSwap,0,42078,153714,2001,1040,3124
brc202d.map,1,370,PushAndSwap,0,41680,156806,2001,1040,2779
brc202d.map,1,380,PushAndSwap,0,41931,161275,2001,1040,2872
brc202d.map,1,390,PushAndSwap,0,45092,164808,2001,1040,3782
brc202d.map,1,400,PushAndSwap,0,39330,170938,2001,1040,4226
brc202d.map,1,570,HCA,1,250465,240295,1059,1059,7830
brc202d.map,1,580,HCA,1,254676,244522,1059,1059,6903
brc202d.map,1,590,HCA,1,259859,249560,1059,1059,6242
brc202d.map,1,600,HCA,1,263776,253237,1059,1059,12502
brc202d.map,1,410,PushAndSwap,0,41304,175209,2001,1059,2974
brc202d.map,1,420,PushAndSwap,0,43988,181348,2001,1059,3380
brc202d.map,1,430,PushAndSwap,0,45488,185396,2001,1059,3932
brc202d.map,1,440,PushAndSwap,0,47159,189871,2001,1059,4636
brc202d.map,1,610,HCA,1,269556,258064,1059,1059,8417
brc202d.map,1,620,HCA,1,273672,262305,1059,1059,7933
brc202d.map,1,630,HCA,1,277912,266602,1059,1059,6985
brc202d.map,1,640,HCA,1,282265,270762,1059,1059,13601
brc202d.map,1,10,PushAndSwap --no-compress,0,25317,3181,3181,924,22
brc202d.map,1,20,PushAndSwap --no-compress,0,111131,7625,7637,924,54
brc202d.map,1,30,PushAndSwap --no-compress,0,246431,11788,11800,924,54
brc202d.map,1,40,PushAndSwap --no-compress,0,447057,16234,16282,924,88
brc202d.map,1,50,PushAndSwap --no-compress,0,750499,21726,21786,924,116
brc202d.map,1,60,PushAndSwap --no-compress,0,1062710,25018,25096,924,155
brc202d.map,1,70,PushAndSwap --no-compress,0,1460047,29359,29513,924,284
brc202d.map,1,80,PushAndSwap --no-compress,0,1875288,33008,33200,924,412
brc202d.map,1,90,PushAndSwap --no-compress,0,2394898,37193,37423,1017,379
brc202d.map,1,100,PushAndSwap --no-compress,0,3012729,42493,42735,1017,468
brc202d.map,1,110,PushAndSwap --no-compress,0,3628320,46151,46435,1017,479
brc202d.map,1,120,PushAndSwap --no-compress,0,4468991,52203,52505,1040,419
brc202d.map,1,450,PushAndSwap,0,44030,194027,2001,1059,3842
brc202d.map,1,460,PushAndSwap,0,44352,198524,2001,1059,3922
brc202d.map,1,470,PushAndSwap,0,44334,201445,2001,1059,7599
brc202d.map,1,480,PushAndSwap,0,44510,206965,2001,1059,9152
brc202d.map,1,130,PushAndSwap --no-compress,0,5220441,56192,56512,1040,667
brc202d.map,1,140,PushAndSwap --no-compress,0,5922063,58653,59015,1040,518
brc202d.map,1,150,PushAndSwap --no-compress,0,6861673,63797,64195,1040,727
brc202d.map,1,160,PushAndSwap --no-compress,0,8021291,70432,70850,1040,780
brc202d.map,1,170,PushAndSwap --no-compress,0,9201858,75598,76056,1040,1117
brc202d.map,1,180,PushAndSwap --no-compress,0,10127735,78267,78749,1040,598
brc202d.map,1,190,PushAndSwap --no-compress,0,11031439,80582,81042,1040,827
brc202d.map,1,200,PushAndSwap --no-compress,0,12326119,85080,85680,1040,1009
brc202d.map,1,490,PushAndSwap,0,44616,211311,2001,1059,4355
brc202d.map,1,500,PushAndSwap,0,44693,215288,2001,1059,5071
brc202d.map,1,510,PushAndSwap,0,44789,218125,2001,1059,12552
brc202d.map,1,520,PushAndSwap,0,46207,222118,2001,1059,6633
brc202d.map,1,210,PushAndSwap --no-compress,0,13638802,88551,89185,1040,1028
brc202d.map,1,220,PushAndSwap --no-compress,0,14976373,93038,93724,1040,1114
brc202d.map,1,230,PushAndSwap --no-compress,0,16361131,97065,97795,1040,862
brc202d.map,1,240,PushAndSwap --no-compress,0,17803085,101578,102362,1040,949
brc202d.map,1,650,HCA,1,287227,275297,1059,1059,8885
brc202d.map,1,660,HCA,1,291868,279610,1059,1059,9314
brc202d.map,1,670,HCA,1,295963,283959,1059,1059,10211
brc202d.map,1,680,HCA,1,299529,287089,1059,1059,23027
brc202d.map,1,250,PushAndSwap --no-compress,0,19102046,104859,105691,1040,877
brc202d.map,1,260,PushAndSwap --no-compress,0,20676708,109586,110520,1040,1049
brc202d.map,1,270,PushAndSwap --no-compress,0,22339814,113873,114813,1040,1229
brc202d.map,1,280,PushAndSwap --no-compress,0,24132787,118785,119783,1040,1617
brc202d.map,1,290,PushAndSwap --no-compress,0,26039439,123716,124748,1040,1099
brc202d.map,1,300,PushAndSwap --no-compress,0,27703628,127055,128149,1040,1287
brc202d.map,1,310,PushAndSwap --no-compress,0,29485428,130504,131664,1040,1913
brc202d.map,1,320,PushAndSwap --no-compress,0,31425692,134984,136176,1040,1741
brc202d.map,1,530,PushAndSwap,0,46276,226124,2001,1059,5339
brc202d.map,1,540,PushAndSwap,0,41998,229778,2001,1059,10824
brc202d.map,1,550,PushAndSwap,0,42087,233717,2001,1059,13313
brc202d.map,1,560,PushAndSwap,0,42794,236096,2001,1059,8634
brc202d.map,1,330,PushAndSwap --no-compress,0,33378182,139423,140657,1040,2275
brc202d.map,1,340,PushAndSwap --no-compress,0,35387567,143034,144320,1040,1773
brc202d.map,1,350,PushAndSwap --no-compress,0,37788321,148556,149908,1040,1538
brc202d.map,1,360,PushAndSwap --no-compress,0,40054820,153714,155096,1040,1798
brc202d.map,1,730,HCA,1,322071,307628,1059,1059,11031
brc202d.map,1,740,HCA,1,325780,311110,1059,1059,10290
brc202d.map,1,750,HCA,1,330912,315803,1059,1059,22020
brc202d.map,1,760,HCA,1,335728,319324,1059,1059,16461
brc202d.map,1,370,PushAndSwap --no-compress,0,42059429,156806,158228,1040,2355
brc202d.map,1,380,PushAndSwap --no-compress,0,44359530,161275,162735,1040,2143
brc202d.map,1,390,PushAndSwap --no-compress,0,46562514,164808,166362,1040,1779
brc202d.map,1,400,PushAndSwap --no-compress,0,49561281,170938,172490,1040,2481
brc202d.map,1,690,HCA,1,304998,292086,1059,1059,10641
brc202d.map,1,700,HCA,1,309901,296445,1059,1059,9804
brc202d.map,1,710,HCA,1,314459,300002,1059,1059,22075
brc202d.map,1,720,HCA,1,317724,303154,1059,1059,19820
brc202d.map,1,410,PushAndSwap --no-compress,0,52197573,175209,176791,1059,2027
brc202d.map,1,420,PushAndSwap --no-compress,0,55316738,181348,182994,1059,1996
brc202d.map,1,430,PushAndSwap --no-compress,0,57820455,185396,187098,1059,2777
brc202d.map,1,440,PushAndSwap --no-compress,0,60642721,189871,191567,1059,3487
brc202d.map,1,570,PushAndSwap,0,44351,240295,2001,1059,7885
brc202d.map,1,580,PushAndSwap,0,43278,244522,2001,1059,16562
brc202d.map,1,590,PushAndSwap,0,43016,249560,2001,1059,9940
brc202d.map,1,600,PushAndSwap,0,42913,253237,2001,1059,16227
brc202d.map,1,450,PushAndSwap --no-compress,0,63357791,194027,195767,1059,2537
brc202d.map,1,460,PushAndSwap --no-compress,0,66305709,198524,200292,1059,2877
brc202d.map,1,470,PushAndSwap --no-compress,0,69057418,201445,203325,1059,3629
brc202d.map,1,480,PushAndSwap --no-compress,0,72501914,206965,209003,1059,4935
brc202d.map,1,770,HCA,1,340651,324322,1059,1059,11953
brc202d.map,1,780,HCA,1,346802,330099,1059,1059,13235
brc202d.map,1,790,HCA,1,351484,333734,1059,1059,24897
brc202d.map,1,800,HCA,1,356568,337393,1059,1059,27411
brc202d.map,1,490,PushAndSwap --no-compress,0,75689808,211311,213447,1059,3421
brc202d.map,1,500,PushAndSwap --no-compress,0,78867945,215288,217740,1059,3685
brc202d.map,1,510,PushAndSwap --no-compress,0,81623606,218125,220669,1059,3494
brc202d.map,1,520,PushAndSwap --no-compress,0,84947848,222118,224756,1059,3327
brc202d.map,1,810,HCA,1,362134,342090,1059,1059,14539
brc202d.map,1,820,HCA,1,366632,345957,1059,1059,15524
brc202d.map,1,830,HCA,1,370473,351114,1059,1059,27169
brc202d.map,1,840,HCA,0,0,354788,-1,1059,30006
brc202d.map,1,530,PushAndSwap --no-compress,0,88129654,226124,228778,1059,3980
brc202d.map,1,540,PushAndSwap --no-compress,0,91463722,229778,232480,1059,5042
brc202d.map,1,550,PushAndSwap --no-compress,0,94956551,233717,236515,1059,3907
brc202d.map,1,560,PushAndSwap --no-compress,0,97938003,236096,238928,1059,2603
brc202d.map,1,850,HCA,1,379387,359392,1059,1059,15078
brc202d.map,1,860,HCA,1,384906,363714,1059,1059,21357
brc202d.map,1,870,HCA,1,390961,368180,1059,1059,25788
brc202d.map,1,880,HCA,0,0,371496,-1,1059,30091
brc202d.map,1,890,HCA,0,0,375955,-1,1059,33276
brc202d.map,1,900,HCA,0,0,379538,-1,1059,33094
brc202d.map,1,910,HCA,0,0,383324,-1,1059,30020
brc202d.map,1,920,HCA,0,0,385775,-1,1059,30002
brc202d.map,10,10,PIBT,1,4385,4378,723,723,8
brc202d.map,10,20,PIBT,1,8700,8390,831,831,17
brc202d.map,10,30,PIBT,1,11915,11586,831,831,23
brc202d.map,10,40,PIBT,1,15707,15333,839,839,31
brc202d.map,1,930,HCA,0,0,390148,-1,1059,33363
brc202d.map,1,940,HCA,0,0,392430,-1,1059,31585
brc202d.map,1,950,HCA,0,0,396040,-1,1059,30109
brc202d.map,1,960,HCA,0,0,399026,-1,1059,30005
brc202d.map,10,50,PIBT,1,19992,18938,926,926,41
brc202d.map,10,60,PIBT,1,24098,22903,926,926,45
brc202d.map,10,70,PIBT,1,29740,28346,926,926,67
brc202d.map,10,80,PIBT,1,34237,31949,926,926,105
brc202d.map,10,90,PIBT,1,38757,36819,987,987,68
brc202d.map,10,100,PIBT,1,42507,40120,987,987,110
brc202d.map,10,110,PIBT,1,46985,44346,987,987,156
brc202d.map,10,120,PIBT,1,51712,47962,987,987,184
brc202d.map,1,970,HCA,0,0,405249,-1,1059,34729
brc202d.map,1,980,HCA,0,0,408606,-1,1059,30073
brc202d.map,1,990,HCA,0,0,411823,-1,1059,30008
brc202d.map,1,1000,HCA,0,0,415985,-1,1059,30017
brc202d.map,10,130,PIBT,1,54979,51125,987,987,189
brc202d.map,10,140,PIBT,1,61745,56431,987,987,206
brc202d.map,10,150,PIBT,1,66678,60558,987,987,234
brc202d.map,10,160,PIBT,1,72330,65632,1023,1023,230
brc202d.map,10,170,PIBT,1,78098,70581,1023,1023,246
brc202d.map,10,180,PIBT,1,83228,74588,1023,1023,278
brc202d.map,10,190,PIBT,1,89084,80925,1023,1023,196
brc202d.map,10,200,PIBT,1,93997,84467,1023,1023,272
brc202d.map,10,210,PIBT,1,97994,87311,1023,1023,319
brc202d.map,10,220,PIBT,1,102136,92106,1023,1023,459
brc202d.map,10,230,PIBT,1,106743,96213,1023,1023,286
brc202d.map,10,240,PIBT,1,113028,101654,1023,1023,271
brc202d.map,10,250,PIBT,1,119470,106470,1023,1023,345
brc202d.map,10,260,PIBT,1,123669,110862,1023,1023,404
brc202d.map,10,270,PIBT,1,127836,114524,1023,1023,261
brc202d.map,10,280,PIBT,1,131946,117560,1023,1023,382
brc202d.map,10,290,PIBT,1,136937,121850,1023,1023,402
brc202d.map,10,300,PIBT,1,142118,126567,1023,1023,366
brc202d.map,10,310,PIBT,1,147838,129947,1023,1023,295
brc202d.map,10,320,PIBT,1,150330,134147,1023,1023,226
brc202d.map,10,330,PIBT,1,156789,138599,1023,1023,424
brc202d.map,10,340,PIBT,1,159713,142122,1023,1023,459
brc202d.map,10,350,PIBT,1,163417,145646,1023,1023,739
brc202d.map,10,360,PIBT,1,170789,149919,1023,1023,380
brc202d.map,1,970,PushAndSwap,-1,-1,-1,-1,-1,-1
brc202d.map,1,980,PushAndSwap,-1,-1,-1,-1,-1,-1
brc202d.map,1,990,PushAndSwap,-1,-1,-1,-1,-1,-1
brc202d.map,1,1000,PushAndSwap,-1,-1,-1,-1,-1,-1
brc202d.map,10,370,PIBT,1,173749,154723,1023,1023,331
brc202d.map,10,380,PIBT,1,178764,158045,1023,1023,497
brc202d.map,10,390,PIBT,1,183511,162044,1023,1023,532
brc202d.map,10,400,PIBT,1,188777,166233,1023,1023,494
brc202d.map,10,410,PIBT,1,194266,171412,1023,1023,718
brc202d.map,10,420,PIBT,1,201816,175515,1023,1023,429
brc202d.map,10,430,PIBT,1,205935,180332,1023,1023,423
brc202d.map,10,440,PIBT,1,211137,183807,1023,1023,411
brc202d.map,1,570,PushAndSwap --no-compress,0,101605978,240295,243225,1059,4291
brc202d.map,1,580,PushAndSwap --no-compress,0,105319449,244522,247634,1059,4727
brc202d.map,1,590,PushAndSwap --no-compress,0,109129943,249560,252760,1059,4317
brc202d.map,1,600,PushAndSwap --no-compress,0,113011041,253237,256509,1059,5170
brc202d.map,10,450,PIBT,1,216969,187771,1023,1023,449
brc202d.map,10,460,PIBT,1,221398,191942,1023,1023,714
brc202d.map,10,470,PIBT,1,224722,195862,1023,1023,452
brc202d.map,10,480,PIBT,1,231263,201658,1023,1023,352
brc202d.map,10,490,PIBT,1,237487,204819,1023,1023,668
brc202d.map,10,500,PIBT,1,244350,210756,1023,1023,620
brc202d.map,10,510,PIBT,1,248118,215327,1023,1023,419
brc202d.map,10,520,PIBT,1,253808,219336,1023,1023,419
brc202d.map,10,530,PIBT,1,258899,224397,1023,1023,586
brc202d.map,10,540,PIBT,1,267344,229058,1023,1023,701
brc202d.map,10,550,PIBT,1,270786,234275,1023,1023,433
brc202d.map,10,560,PIBT,1,280591,237202,1023,1023,632
brc202d.map,10,570,PIBT,1,280182,241454,1023,1023,753
brc202d.map,10,580,PIBT,1,287198,245962,1023,1023,484
brc202d.map,10,590,PIBT,1,292567,249927,1023,1023,675
brc202d.map,10,600,PIBT,1,299529,254954,1023,1023,773
brc202d.map,10,610,PIBT,1,305868,259421,1023,1023,555
brc202d.map,10,620,PIBT,1,312143,264292,1023,1023,918
brc202d.map,10,630,PIBT,1,316901,268647,1023,1023,724
brc202d.map,10,640,PIBT,1,323454,274293,1023,1023,942
brc202d.map,1,610,PushAndSwap --no-compress,0,117002239,258064,261392,1059,5156
brc202d.map,1,620,PushAndSwap --no-compress,0,121289067,262305,265701,1059,5992
brc202d.map,1,630,PushAndSwap --no-compress,0,125178960,266602,270006,1059,6406
brc202d.map,1,640,PushAndSwap --no-compress,0,128884960,270762,274264,1059,5428
brc202d.map,10,650,PIBT,1,334950,280416,1023,1023,724
brc202d.map,10,660,PIBT,1,340036,283797,1023,1023,783
brc202d.map,10,670,PIBT,1,347111,288504,1023,1023,1060
brc202d.map,10,680,PIBT,1,348365,292268,1023,1023,582
brc202d.map,10,690,PIBT,1,351069,295336,1023,1023,1014
brc202d.map,10,700,PIBT,1,360702,298504,1023,1023,1127
brc202d.map,10,710,PIBT,1,366691,302528,1023,1023,844
brc202d.map,10,720,PIBT,1,369109,304515,1023,1023,943
brc202d.map,10,730,PIBT,1,372557,307748,1023,1023,873
brc202d.map,10,740,PIBT,1,379459,311315,1023,1023,1094
brc202d.map,10,750,PIBT,1,384051,316295,1023,1023,820
brc202d.map,10,760,PIBT,1,393229,321509,1023,1023,757
brc202d.map,10,770,PIBT,1,398243,325392,1023,1023,1124
brc202d.map,10,780,PIBT,1,400248,328691,1023,1023,857
brc202d.map,10,790,PIBT,1,405890,334474,1023,1023,988
brc202d.map,10,800,PIBT,1,410414,338071,1023,1023,1252
brc202d.map,10,810,PIBT,1,418498,343265,1023,1023,647
brc202d.map,10,820,PIBT,1,421930,347424,1023,1023,925
brc202d.map,10,830,PIBT,1,431452,351818,1023,1023,1322
brc202d.map,10,840,PIBT,1,433495,356067,1023,1023,911
brc202d.map,10,850,PIBT,1,443158,360394,1023,1023,992
brc202d.map,10,860,PIBT,1,444616,363821,1023,1023,819
brc202d.map,10,870,PIBT,1,452839,369763,1023,1023,838
brc202d.map,10,880,PIBT,1,462198,373850,1023,1023,685
brc202d.map,10,10,HCA,1,4382,4378,723,723,534
brc202d.map,10,20,HCA,1,8402,8390,831,831,722
brc202d.map,10,30,HCA,1,11604,11586,831,831,473
brc202d.map,10,40,HCA,1,15467,15333,839,839,421
brc202d.map,10,890,PIBT,1,467630,376550,1023,1023,1028
brc202d.map,10,900,PIBT,1,472121,381096,1023,1023,1459
brc202d.map,10,910,PIBT,1,480380,386971,1033,1033,798
brc202d.map,10,920,PIBT,1,490214,389836,1033,1033,1097
brc202d.map,10,930,PIBT,1,492965,393884,1033,1033,949
brc202d.map,10,940,PIBT,1,498501,397523,1033,1033,902
brc202d.map,10,950,PIBT,1,501897,401640,1033,1033,919
brc202d.map,10,960,PIBT,1,507468,405391,1033,1033,1501
brc202d.map,10,50,HCA,1,19082,18938,926,926,496
brc202d.map,10,60,HCA,1,23091,22903,926,926,691
brc202d.map,10,70,HCA,1,28538,28346,926,926,969
brc202d.map,10,80,HCA,1,32126,31949,926,926,1548
brc202d.map,10,970,PIBT,1,514080,410036,1052,1052,1511
brc202d.map,10,980,PIBT,1,521465,415023,1052,1052,1142
brc202d.map,10,990,PIBT,1,525295,418161,1052,1052,987
brc202d.map,10,1000,PIBT,1,529703,422106,1052,1052,1426
brc202d.map,1,610,PushAndSwap,0,45057,258064,2001,1059,10206
brc202d.map,1,620,PushAndSwap,0,44584,262305,2001,1059,17149
brc202d.map,1,630,PushAndSwap,0,44823,266602,2001,1059,12991
brc202d.map,1,640,PushAndSwap,0,43812,270762,2001,1059,100857
brc202d.map,10,90,HCA,1,37003,36819,987,987,644
brc202d.map,10,100,HCA,1,40315,40120,987,987,1127
brc202d.map,10,110,HCA,1,44553,44346,987,987,611
brc202d.map,10,120,HCA,1,49003,47962,987,987,1765
brc202d.map,10,130,HCA,1,52174,51125,987,987,1109
brc202d.map,10,140,HCA,1,57668,56431,987,987,1767
brc202d.map,10,150,HCA,1,62250,60558,987,987,1625
brc202d.map,10,160,HCA,1,67723,65632,1023,1023,1180
brc202d.map,10,170,HCA,1,72752,70581,1023,1023,2010
brc202d.map,10,180,HCA,1,76708,74588,1023,1023,2136
brc202d.map,10,190,HCA,1,83138,80925,1023,1023,3656
brc202d.map,10,200,HCA,1,86695,84467,1023,1023,1926
brc202d.map,10,250,HCA,1,109889,106470,1023,1023,2524
brc202d.map,10,260,HCA,1,114208,110862,1023,1023,4439
brc202d.map,10,270,HCA,1,117919,114524,1023,1023,2471
brc202d.map,10,280,HCA,1,120958,117560,1023,1023,4227
brc202d.map,10,210,HCA,1,89961,87311,1023,1023,2150
brc202d.map,10,220,HCA,1,94691,92106,1023,1023,2995
brc202d.map,10,230,HCA,1,98822,96213,1023,1023,2561
brc202d.map,10,240,HCA,1,104504,101654,1023,1023,7008
brc202d.map,1,930,PushAndSwap,-1,-1,-1,-1,-1,-1
brc202d.map,1,940,PushAndSwap,-1,-1,-1,-1,-1,-1
brc202d.map,1,950,PushAndSwap,-1,-1,-1,-1,-1,-1
brc202d.map,1,960,PushAndSwap,-1,-1,-1,-1,-1,-1
brc202d.map,10,290,HCA,1,125259,121850,1023,1023,3476
brc202d.map,10,300,HCA,1,129903,126567,1023,1023,4824
brc202d.map,10,310,HCA,1,133832,129947,1023,1023,12795
brc202d.map,10,320,HCA,1,138004,134147,1023,1023,4866
brc202d.map,10,330,HCA,1,142437,138599,1023,1023,7132
brc202d.map,10,340,HCA,1,146412,142122,1023,1023,12433
brc202d.map,10,350,HCA,1,149597,145646,1023,1023,5688
brc202d.map,10,360,HCA,1,154496,149919,1023,1023,4675
brc202d.map,10,410,HCA,1,175995,171412,1023,1023,6618
brc202d.map,10,420,HCA,1,180111,175515,1023,1023,5760
brc202d.map,10,430,HCA,1,185852,180332,1023,1023,6616
brc202d.map,10,440,HCA,1,189759,183807,1023,1023,11096
brc202d.map,10,370,HCA,1,159151,154723,1023,1023,7000
brc202d.map,10,380,HCA,1,162523,158045,1023,1023,13049
brc202d.map,10,390,HCA,1,166711,162044,1023,1023,9058
brc202d.map,10,400,HCA,1,170786,166233,1023,1023,4239
brc202d.map,1,970,PushAndSwap --no-compress,-1,-1,-1,-1,-1,-1
brc202d.map,1,980,PushAndSwap --no-compress,-1,-1,-1,-1,-1,-1
brc202d.map,1,990,PushAndSwap --no-compress,-1,-1,-1,-1,-1,-1
brc202d.map,1,1000,PushAndSwap --no-compress,-1,-1,-1,-1,-1,-1
brc202d.map,1,650,PushAndSwap --no-compress,0,132991929,275297,278951,1059,7975
brc202d.map,1,660,PushAndSwap --no-compress,0,137481619,279610,283608,1059,5857
brc202d.map,1,670,PushAndSwap --no-compress,0,142039907,283959,288001,1059,6005
brc202d.map,1,680,PushAndSwap --no-compress,0,145986011,287089,291491,1059,6073
brc202d.map,10,490,HCA,1,210822,204819,1023,1023,7959
brc202d.map,10,500,HCA,1,217044,210756,1023,1023,15814
brc202d.map,10,510,HCA,1,221739,215327,1023,1023,10948
brc202d.map,10,520,HCA,1,226011,219336,1023,1023,8471
brc202d.map,10,450,HCA,1,193514,187771,1023,1023,29604
brc202d.map,10,460,HCA,1,197736,191942,1023,1023,12085
brc202d.map,10,470,HCA,1,201678,195862,1023,1023,8460
brc202d.map,10,480,HCA,1,207814,201658,1023,1023,9173
brc202d.map,1,690,PushAndSwap,0,45024,292086,2001,1059,23962
brc202d.map,1,700,PushAndSwap,0,48331,296445,2001,1059,20119
brc202d.map,1,710,PushAndSwap,0,50618,300002,2001,1059,149548
brc202d.map,1,720,PushAndSwap,0,49526,303154,2001,1059,25666
brc202d.map,1,650,PushAndSwap,0,42983,275297,2001,1059,14435
brc202d.map,1,660,PushAndSwap,0,45117,279610,2001,1059,20026
brc202d.map,1,670,PushAndSwap,0,44146,283959,2001,1059,164806
brc202d.map,1,680,PushAndSwap,0,43987,287089,2001,1059,22260
brc202d.map,10,530,HCA,1,230796,224397,1023,1023,11427
brc202d.map,10,540,HCA,1,235748,229058,1023,1023,9634
brc202d.map,10,550,HCA,1,240821,234275,1023,1023,19009
brc202d.map,10,560,HCA,1,243972,237202,1023,1023,23515
brc202d.map,10,10,PIBT_PLUS,1,4385,4378,723,723,61
brc202d.map,10,20,PIBT_PLUS,1,8700,8390,831,831,64
brc202d.map,10,30,PIBT_PLUS,1,11915,11586,831,831,83
brc202d.map,10,40,PIBT_PLUS,1,15707,15333,839,839,92
brc202d.map,10,50,PIBT_PLUS,1,19992,18938,926,926,69
brc202d.map,10,60,PIBT_PLUS,1,24098,22903,926,926,68
brc202d.map,10,70,PIBT_PLUS,1,29740,28346,926,926,114
brc202d.map,10,80,PIBT_PLUS,1,34237,31949,926,926,150
brc202d.map,10,90,PIBT_PLUS,1,38757,36819,987,987,140
brc202d.map,10,100,PIBT_PLUS,1,42507,40120,987,987,203
brc202d.map,10,110,PIBT_PLUS,1,46985,44346,987,987,253
brc202d.map,10,120,PIBT_PLUS,1,51712,47962,987,987,226
brc202d.map,10,130,PIBT_PLUS,1,54979,51125,987,987,294
brc202d.map,10,140,PIBT_PLUS,1,61745,56431,987,987,247
brc202d.map,10,150,PIBT_PLUS,1,66678,60558,987,987,278
brc202d.map,10,160,PIBT_PLUS,1,72330,65632,1023,1023,303
brc202d.map,10,170,PIBT_PLUS,1,78098,70581,1023,1023,299
brc202d.map,10,180,PIBT_PLUS,1,83228,74588,1023,1023,322
brc202d.map,10,190,PIBT_PLUS,1,89084,80925,1023,1023,487
brc202d.map,10,200,PIBT_PLUS,1,93997,84467,1023,1023,252
brc202d.map,10,210,PIBT_PLUS,1,97994,87311,1023,1023,375
brc202d.map,10,220,PIBT_PLUS,1,102136,92106,1023,1023,388
brc202d.map,10,230,PIBT_PLUS,1,106743,96213,1023,1023,678
brc202d.map,10,240,PIBT_PLUS,1,113028,101654,1023,1023,249
brc202d.map,10,250,PIBT_PLUS,1,119470,106470,1023,1023,461
brc202d.map,10,260,PIBT_PLUS,1,123669,110862,1023,1023,498
brc202d.map,10,270,PIBT_PLUS,1,127836,114524,1023,1023,465
brc202d.map,10,280,PIBT_PLUS,1,131946,117560,1023,1023,380
brc202d.map,10,690,HCA,1,305439,295336,1023,1023,14448
brc202d.map,10,700,HCA,1,309464,298504,1023,1023,18341
brc202d.map,10,710,HCA,1,313559,302528,1023,1023,11552
brc202d.map,10,720,HCA,1,315654,304515,1023,1023,14393
brc202d.map,10,650,HCA,1,290367,280416,1023,1023,15393
brc202d.map,10,660,HCA,1,293176,283797,1023,1023,18642
brc202d.map,10,670,HCA,1,298313,288504,1023,1023,15531
brc202d.map,10,680,HCA,1,302028,292268,1023,1023,13870
brc202d.map,10,290,PIBT_PLUS,1,136937,121850,1023,1023,706
brc202d.map,10,300,PIBT_PLUS,1,142118,126567,1023,1023,671
brc202d.map,10,310,PIBT_PLUS,1,147838,129947,1023,1023,412
brc202d.map,10,320,PIBT_PLUS,1,150330,134147,1023,1023,504
brc202d.map,10,570,HCA,1,248369,241454,1023,1023,18453
brc202d.map,10,580,HCA,1,254043,245962,1023,1023,22510
brc202d.map,10,590,HCA,1,258256,249927,1023,1023,17948
brc202d.map,10,600,HCA,1,263401,254954,1023,1023,18362
brc202d.map,10,610,HCA,1,268339,259421,1023,1023,23585
brc202d.map,10,620,HCA,1,273098,264292,1023,1023,13682
brc202d.map,10,630,HCA,1,277896,268647,1023,1023,16895
brc202d.map,10,640,HCA,1,283841,274293,1023,1023,15755
brc202d.map,10,330,PIBT_PLUS,1,156789,138599,1023,1023,679
brc202d.map,10,340,PIBT_PLUS,1,159713,142122,1023,1023,540
brc202d.map,10,350,PIBT_PLUS,1,163417,145646,1023,1023,679
brc202d.map,10,360,PIBT_PLUS,1,170789,149919,1023,1023,1021
brc202d.map,10,370,PIBT_PLUS,1,173749,154723,1023,1023,706
brc202d.map,10,380,PIBT_PLUS,1,178764,158045,1023,1023,1079
brc202d.map,10,390,PIBT_PLUS,1,183511,162044,1023,1023,603
brc202d.map,10,400,PIBT_PLUS,1,188777,166233,1023,1023,554
brc202d.map,10,410,PIBT_PLUS,1,194266,171412,1023,1023,774
brc202d.map,10,420,PIBT_PLUS,1,201816,175515,1023,1023,951
brc202d.map,10,430,PIBT_PLUS,1,205935,180332,1023,1023,1053
brc202d.map,10,440,PIBT_PLUS,1,211137,183807,1023,1023,921
brc202d.map,10,450,PIBT_PLUS,1,216969,187771,1023,1023,721
brc202d.map,10,460,PIBT_PLUS,1,221398,191942,1023,1023,565
brc202d.map,10,470,PIBT_PLUS,1,224722,195862,1023,1023,507
brc202d.map,10,480,PIBT_PLUS,1,231263,201658,1023,1023,830
brc202d.map,10,490,PIBT_PLUS,1,237487,204819,1023,1023,1187
brc202d.map,10,500,PIBT_PLUS,1,244350,210756,1023,1023,1131
brc202d.map,10,510,PIBT_PLUS,1,248118,215327,1023,1023,1060
brc202d.map,10,520,PIBT_PLUS,1,253808,219336,1023,1023,1346
brc202d.map,10,530,PIBT_PLUS,1,258899,224397,1023,1023,1111
brc202d.map,10,540,PIBT_PLUS,1,267344,229058,1023,1023,1116
brc202d.map,10,550,PIBT_PLUS,1,270786,234275,1023,1023,1454
brc202d.map,10,560,PIBT_PLUS,1,280591,237202,1023,1023,3842
brc202d.map,10,570,PIBT_PLUS,1,280182,241454,1023,1023,1608
brc202d.map,10,580,PIBT_PLUS,1,287198,245962,1023,1023,3884
brc202d.map,10,590,PIBT_PLUS,1,292567,249927,1023,1023,1690
brc202d.map,10,600,PIBT_PLUS,1,299529,254954,1023,1023,2306
brc202d.map,10,650,PIBT_PLUS,1,334950,280416,1023,1023,1094
brc202d.map,10,660,PIBT_PLUS,1,340036,283797,1023,1023,3120
brc202d.map,10,670,PIBT_PLUS,1,347111,288504,1023,1023,1576
brc202d.map,10,680,PIBT_PLUS,1,348365,292268,1023,1023,2321
brc202d.map,10,610,PIBT_PLUS,1,305868,259421,1023,1023,1577
brc202d.map,10,620,PIBT_PLUS,1,312143,264292,1023,1023,3589
brc202d.map,10,630,PIBT_PLUS,1,316901,268647,1023,1023,1718
brc202d.map,10,640,PIBT_PLUS,1,323454,274293,1023,1023,2891
brc202d.map,10,690,PIBT_PLUS,1,351069,295336,1023,1023,3842
brc202d.map,10,700,PIBT_PLUS,1,360702,298504,1023,1023,1481
brc202d.map,10,710,PIBT_PLUS,1,366691,302528,1023,1023,2439
brc202d.map,10,720,PIBT_PLUS,1,369109,304515,1023,1023,2061
brc202d.map,10,730,PIBT_PLUS,1,372557,307748,1023,1023,2118
brc202d.map,10,740,PIBT_PLUS,1,379459,311315,1023,1023,2671
brc202d.map,10,750,PIBT_PLUS,1,384051,316295,1023,1023,1280
brc202d.map,10,760,PIBT_PLUS,1,393229,321509,1023,1023,1869
brc202d.map,1,690,PushAndSwap --no-compress,0,150505341,292086,296574,1059,6752
brc202d.map,1,700,PushAndSwap --no-compress,0,155537741,296445,301195,1059,8331
brc202d.map,1,710,PushAndSwap --no-compress,0,159726673,300002,304706,1059,5786
brc202d.map,1,720,PushAndSwap --no-compress,0,163655084,303154,307924,1059,6441
brc202d.map,10,850,PIBT_PLUS,1,443158,360394,1023,1023,1921
brc202d.map,10,860,PIBT_PLUS,1,444616,363821,1023,1023,1981
brc202d.map,10,870,PIBT_PLUS,1,452839,369763,1023,1023,1338
brc202d.map,10,880,PIBT_PLUS,1,462198,373850,1023,1023,1781
brc202d.map,10,10,PushAndSwap,1,12366,4378,1650,723,76
brc202d.map,10,20,PushAndSwap,0,26447,8390,2001,831,108
brc202d.map,10,30,PushAndSwap,0,21539,11586,2001,831,174
brc202d.map,10,40,PushAndSwap,0,24296,15333,2001,839,486
brc202d.map,10,50,PushAndSwap,0,27612,18938,2001,926,426
brc202d.map,10,60,PushAndSwap,0,31008,22903,2001,926,573
brc202d.map,10,70,PushAndSwap,0,27664,28346,2001,926,389
brc202d.map,10,80,PushAndSwap,0,28604,31949,2001,926,345
brc202d.map,10,890,PIBT_PLUS,1,467630,376550,1023,1023,2171
brc202d.map,10,900,PIBT_PLUS,1,472121,381096,1023,1023,1363
brc202d.map,10,910,PIBT_PLUS,1,480380,386971,1033,1033,1816
brc202d.map,10,920,PIBT_PLUS,1,490214,389836,1033,1033,2478
brc202d.map,10,90,PushAndSwap,0,24249,36819,2001,987,213
brc202d.map,10,100,PushAndSwap,0,22890,40120,2001,987,258
brc202d.map,10,110,PushAndSwap,0,21395,44346,2001,987,273
brc202d.map,10,120,PushAndSwap,0,21050,47962,2001,987,348
brc202d.map,10,130,PushAndSwap,0,21225,51125,2001,987,307
brc202d.map,10,140,PushAndSwap,0,25104,56431,2001,987,430
brc202d.map,10,150,PushAndSwap,0,26481,60558,2001,987,452
brc202d.map,10,160,PushAndSwap,0,35791,65632,2001,1023,741
brc202d.map,10,930,PIBT_PLUS,1,492965,393884,1033,1033,1457
brc202d.map,10,940,PIBT_PLUS,1,498501,397523,1033,1033,1846
brc202d.map,10,950,PIBT_PLUS,1,501897,401640,1033,1033,2079
brc202d.map,10,960,PIBT_PLUS,1,507468,405391,1033,1033,1652
brc202d.map,10,810,PIBT_PLUS,1,418498,343265,1023,1023,8343
brc202d.map,10,820,PIBT_PLUS,1,421930,347424,1023,1023,2215
brc202d.map,10,830,PIBT_PLUS,1,431452,351818,1023,1023,938
brc202d.map,10,840,PIBT_PLUS,1,433495,356067,1023,1023,1017
brc202d.map,10,170,PushAndSwap,0,32008,70581,2001,1023,895
brc202d.map,10,180,PushAndSwap,0,28185,74588,2001,1023,560
brc202d.map,10,190,PushAndSwap,0,35648,80925,2001,1023,652
brc202d.map,10,200,PushAndSwap,0,38731,84467,2001,1023,809
brc202d.map,10,770,PIBT_PLUS,1,398243,325392,1023,1023,11115
brc202d.map,10,780,PIBT_PLUS,1,400248,328691,1023,1023,972
brc202d.map,10,790,PIBT_PLUS,1,405890,334474,1023,1023,1533
brc202d.map,10,800,PIBT_PLUS,1,410414,338071,1023,1023,1473
brc202d.map,10,970,PIBT_PLUS,1,514080,410036,1052,1052,1291
brc202d.map,10,980,PIBT_PLUS,1,521465,415023,1052,1052,2977
brc202d.map,10,990,PIBT_PLUS,1,525295,418161,1052,1052,1466
brc202d.map,10,1000,PIBT_PLUS,1,529703,422106,1052,1052,1799
brc202d.map,10,770,HCA,1,340465,325392,1023,1023,15053
brc202d.map,10,780,HCA,1,343876,328691,1023,1023,25726
brc202d.map,10,790,HCA,1,349695,334474,1023,1023,15168
brc202d.map,10,800,HCA,0,0,338071,-1,1023,30004
brc202d.map,10,210,PushAndSwap,0,41456,87311,2001,1023,667
brc202d.map,10,220,PushAndSwap,0,44955,92106,2001,1023,1241
brc202d.map,10,230,PushAndSwap,0,46182,96213,2001,1023,793
brc202d.map,10,240,PushAndSwap,0,40897,101654,2001,1023,1521
brc202d.map,10,250,PushAndSwap,0,41450,106470,2001,1023,972
brc202d.map,10,260,PushAndSwap,0,39881,110862,2001,1023,1099
brc202d.map,10,270,PushAndSwap,0,40396,114524,2001,1023,1713
brc202d.map,10,280,PushAndSwap,0,41636,117560,2001,1023,1638
brc202d.map,10,290,PushAndSwap,0,43826,121850,2001,1023,1599
brc202d.map,10,300,PushAndSwap,0,42981,126567,2001,1023,1571
brc202d.map,10,310,PushAndSwap,0,43082,129947,2001,1023,1523
brc202d.map,10,320,PushAndSwap,0,45197,134147,2001,1023,2479
brc202d.map,10,730,HCA,0,0,307748,-1,1023,30011
brc202d.map,10,740,HCA,1,324152,311315,1023,1023,27572
brc202d.map,10,750,HCA,1,329134,316295,1023,1023,17538
brc202d.map,10,760,HCA,0,0,321509,-1,1023,30005
brc202d.map,10,330,PushAndSwap,0,43550,138599,2001,1023,1736
brc202d.map,10,340,PushAndSwap,0,45468,142122,2001,1023,2229
brc202d.map,10,350,PushAndSwap,0,46676,145646,2001,1023,2623
brc202d.map,10,360,PushAndSwap,0,49612,149919,2001,1023,2403
brc202d.map,10,370,PushAndSwap,0,49816,154723,2001,1023,2675
brc202d.map,10,380,PushAndSwap,0,51680,158045,2001,1023,3653
brc202d.map,10,390,PushAndSwap,0,52650,162044,2001,1023,3265
brc202d.map,10,400,PushAndSwap,0,54512,166233,2001,1023,3812
brc202d.map,10,410,PushAndSwap,0,55678,171412,2001,1023,3121
brc202d.map,10,420,PushAndSwap,0,61149,175515,2001,1023,5680
brc202d.map,10,430,PushAndSwap,0,61126,180332,2001,1023,3752
brc202d.map,10,440,PushAndSwap,0,61251,183807,2001,1023,3000
brc202d.map,10,450,PushAndSwap,0,65134,187771,2001,1023,3870
brc202d.map,10,460,PushAndSwap,0,68284,191942,2001,1023,4633
brc202d.map,10,470,PushAndSwap,0,68160,195862,2001,1023,4620
brc202d.map,10,480,PushAndSwap,0,66277,201658,2001,1023,3372
brc202d.map,10,530,PushAndSwap,0,60014,224397,2001,1023,9450
brc202d.map,10,540,PushAndSwap,0,62197,229058,2001,1023,4714
brc202d.map,10,550,PushAndSwap,0,61719,234275,2001,1023,4906
brc202d.map,10,560,PushAndSwap,0,61962,237202,2001,1023,4070
brc202d.map,10,810,HCA,1,359155,343265,1023,1023,23501
brc202d.map,10,820,HCA,1,363064,347424,1023,1023,22665
brc202d.map,10,830,HCA,0,0,351818,-1,1023,30032
brc202d.map,10,840,HCA,0,0,356067,-1,1023,30022
brc202d.map,1,930,PushAndSwap --no-compress,-1,-1,-1,-1,-1,-1
brc202d.map,1,940,PushAndSwap --no-compress,-1,-1,-1,-1,-1,-1
brc202d.map,1,950,PushAndSwap --no-compress,-1,-1,-1,-1,-1,-1
brc202d.map,1,960,PushAndSwap --no-compress,-1,-1,-1,-1,-1,-1
brc202d.map,10,850,HCA,1,376230,360394,1023,1023,24952
brc202d.map,10,860,HCA,1,381051,363821,1023,1023,27542
brc202d.map,10,870,HCA,0,0,369763,-1,1023,30065
brc202d.map,10,880,HCA,0,0,373850,-1,1023,30004
brc202d.map,1,890,PushAndSwap,-1,-1,-1,-1,-1,-1
brc202d.map,1,900,PushAndSwap,-1,-1,-1,-1,-1,-1
brc202d.map,1,910,PushAndSwap,-1,-1,-1,-1,-1,-1
brc202d.map,1,920,PushAndSwap,-1,-1,-1,-1,-1,-1
brc202d.map,10,890,HCA,1,394267,376550,1023,1023,23512
brc202d.map,10,900,HCA,1,398634,381096,1023,1023,29848
brc202d.map,10,910,HCA,0,0,386971,-1,1033,30004
brc202d.map,10,920,HCA,0,0,389836,-1,1033,30017
brc202d.map,10,10,PushAndSwap --no-compress,0,29949,4378,4378,723,16
brc202d.map,10,20,PushAndSwap --no-compress,0,113022,8390,8396,831,29
brc202d.map,10,30,PushAndSwap --no-compress,0,232700,11586,11592,831,45
brc202d.map,10,40,PushAndSwap --no-compress,0,412639,15333,15339,839,51
brc202d.map,10,50,PushAndSwap --no-compress,0,652294,18938,18944,926,81
brc202d.map,10,60,PushAndSwap --no-compress,0,946677,22903,22915,926,125
brc202d.map,10,70,PushAndSwap --no-compress,0,1354288,28346,28358,926,172
brc202d.map,10,80,PushAndSwap --no-compress,0,1750791,31949,32067,926,238
brc202d.map,10,90,PushAndSwap --no-compress,0,2291825,36819,36949,987,202
brc202d.map,10,100,PushAndSwap --no-compress,0,2778194,40120,40250,987,128
brc202d.map,10,110,PushAndSwap --no-compress,0,3372708,44346,44490,987,104
brc202d.map,10,120,PushAndSwap --no-compress,0,3974364,47962,48112,987,114
brc202d.map,10,130,PushAndSwap --no-compress,0,4595441,51125,51287,987,132
brc202d.map,10,140,PushAndSwap --no-compress,0,5466928,56431,56719,987,245
brc202d.map,10,150,PushAndSwap --no-compress,0,6269351,60558,60852,987,326
brc202d.map,10,160,PushAndSwap --no-compress,0,7222430,65632,65966,1023,656
brc202d.map,10,170,PushAndSwap --no-compress,0,8370484,70581,70927,1023,182
brc202d.map,10,180,PushAndSwap --no-compress,0,9390754,74588,74940,1023,488
brc202d.map,10,190,PushAndSwap --no-compress,0,10753204,80925,81163,1023,295
brc202d.map,10,200,PushAndSwap --no-compress,0,11906987,84467,84729,1023,267
brc202d.map,10,930,HCA,1,413436,393884,1033,1033,25124
brc202d.map,10,940,HCA,0,0,397523,-1,1033,30003
brc202d.map,10,950,HCA,0,0,401640,-1,1033,30028
brc202d.map,10,960,HCA,0,0,405391,-1,1033,30007
brc202d.map,10,210,PushAndSwap --no-compress,0,12990456,87311,87609,1023,590
brc202d.map,10,220,PushAndSwap --no-compress,0,14331367,92106,92416,1023,343
brc202d.map,10,230,PushAndSwap --no-compress,0,15643355,96213,96529,1023,1590
brc202d.map,10,240,PushAndSwap --no-compress,0,17240107,101654,101996,1023,585
brc202d.map,10,570,PushAndSwap,0,66387,241454,2001,1023,23222
brc202d.map,10,580,PushAndSwap,0,52138,245962,2001,1023,25663
brc202d.map,10,590,PushAndSwap,0,52613,249927,2001,1023,7274
brc202d.map,10,600,PushAndSwap,0,50054,254954,2001,1023,6665
brc202d.map,10,250,PushAndSwap --no-compress,0,18799637,106470,106822,1023,1229
brc202d.map,10,260,PushAndSwap --no-compress,0,20297904,110862,111230,1023,364
brc202d.map,10,270,PushAndSwap --no-compress,0,21861017,114524,114910,1023,1029
brc202d.map,10,280,PushAndSwap --no-compress,0,23296865,117560,117946,1023,1667
brc202d.map,10,970,HCA,1,431055,410036,1052,1052,29831
brc202d.map,10,980,HCA,0,0,415023,-1,1052,30008
brc202d.map,10,990,HCA,0,0,418161,-1,1052,30032
brc202d.map,10,1000,HCA,0,0,422106,-1,1052,30006
brc202d.map,10,490,PushAndSwap,0,66460,204819,2001,1023,6801
brc202d.map,10,500,PushAndSwap,0,58577,210756,2001,1023,52864
brc202d.map,10,510,PushAndSwap,0,58600,215327,2001,1023,5380
brc202d.map,10,520,PushAndSwap,0,59666,219336,2001,1023,4443
brc202d.map,10,290,PushAndSwap --no-compress,0,25022813,121850,122254,1023,1150
brc202d.map,10,300,PushAndSwap --no-compress,0,26829741,126567,126989,1023,1732
brc202d.map,10,310,PushAndSwap --no-compress,0,28491861,129947,130387,1023,1219
brc202d.map,10,320,PushAndSwap --no-compress,0,30293757,134147,134605,1023,1000
brc202d.map,10,330,PushAndSwap --no-compress,0,32312212,138599,139099,1023,1080
brc202d.map,10,340,PushAndSwap --no-compress,0,34227764,142122,142654,1023,1150
brc202d.map,10,350,PushAndSwap --no-compress,0,36299733,145646,146208,1023,2510
brc202d.map,10,360,PushAndSwap --no-compress,0,38569876,149919,150507,1023,633
brc202d.map,10,370,PushAndSwap --no-compress,0,40865208,154723,155329,1023,1775
brc202d.map,10,380,PushAndSwap --no-compress,0,43062306,158045,158673,1023,962
brc202d.map,10,390,PushAndSwap --no-compress,0,45442048,162044,162724,1023,2075
brc202d.map,10,400,PushAndSwap --no-compress,0,47885564,166233,166985,1023,2140
brc202d.map,10,410,PushAndSwap --no-compress,0,50519121,171412,172182,1023,2108
brc202d.map,10,420,PushAndSwap --no-compress,0,52879294,175515,176291,1023,2971
brc202d.map,10,430,PushAndSwap --no-compress,0,55522766,180332,181176,1023,1361
brc202d.map,10,440,PushAndSwap --no-compress,0,58044796,183807,184759,1023,2305
brc202d.map,10,930,PushAndSwap,-1,-1,-1,-1,-1,-1
brc202d.map,10,940,PushAndSwap,-1,-1,-1,-1,-1,-1
brc202d.map,10,950,PushAndSwap,-1,-1,-1,-1,-1,-1
brc202d.map,10,960,PushAndSwap,-1,-1,-1,-1,-1,-1
brc202d.map,10,490,PushAndSwap --no-compress,0,72444468,204819,206063,1023,3055
brc202d.map,10,500,PushAndSwap --no-compress,0,76330609,210756,212040,1023,2896
brc202d.map,10,510,PushAndSwap --no-compress,0,79418423,215327,216655,1023,3902
brc202d.map,10,520,PushAndSwap --no-compress,0,83218315,219336,220850,1023,1917
brc202d.map,10,450,PushAndSwap --no-compress,0,60954778,187771,188873,1023,4234
brc202d.map,10,460,PushAndSwap --no-compress,0,63744076,191942,193060,1023,1857
brc202d.map,10,470,PushAndSwap --no-compress,0,66446050,195862,197038,1023,2198
brc202d.map,10,480,PushAndSwap --no-compress,0,69608431,201658,202836,1023,2661
brc202d.map,10,970,PushAndSwap,-1,-1,-1,-1,-1,-1
brc202d.map,10,980,PushAndSwap,-1,-1,-1,-1,-1,-1
brc202d.map,10,990,PushAndSwap,-1,-1,-1,-1,-1,-1
brc202d.map,10,1000,PushAndSwap,-1,-1,-1,-1,-1,-1
brc202d.map,10,890,PushAndSwap,-1,-1,-1,-1,-1,-1
brc202d.map,10,900,PushAndSwap,-1,-1,-1,-1,-1,-1
brc202d.map,10,910,PushAndSwap,-1,-1,-1,-1,-1,-1
brc202d.map,10,920,PushAndSwap,-1,-1,-1,-1,-1,-1
brc202d.map,1,850,PushAndSwap --no-compress,0,231726385,359392,366044,1059,7557
brc202d.map,1,860,PushAndSwap --no-compress,0,237243711,363714,370618,1059,10035
brc202d.map,1,870,PushAndSwap --no-compress,-1,-1,-1,-1,-1,-1
brc202d.map,1,880,PushAndSwap --no-compress,-1,-1,-1,-1,-1,-1
brc202d.map,10,530,PushAndSwap --no-compress,0,86724627,224397,226043,1023,3118
brc202d.map,10,540,PushAndSwap --no-compress,0,90109259,229058,230710,1023,4540
brc202d.map,10,550,PushAndSwap --no-compress,0,93766773,234275,235961,1023,3656
brc202d.map,10,560,PushAndSwap --no-compress,0,96843896,237202,238936,1023,3091
brc202d.map,1,890,PushAndSwap --no-compress,0,254022753,375955,383737,1059,10144
brc202d.map,1,900,PushAndSwap --no-compress,-1,-1,-1,-1,-1,-1
brc202d.map,1,910,PushAndSwap --no-compress,-1,-1,-1,-1,-1,-1
brc202d.map,1,920,PushAndSwap --no-compress,-1,-1,-1,-1,-1,-1
brc202d.map,1,850,PushAndSwap,0,59123,359392,2001,1059,273898
brc202d.map,1,860,PushAndSwap,-1,-1,-1,-1,-1,-1
brc202d.map,1,870,PushAndSwap,-1,-1,-1,-1,-1,-1
brc202d.map,1,880,PushAndSwap,-1,-1,-1,-1,-1,-1
brc202d.map,10,930,PushAndSwap --no-compress,-1,-1,-1,-1,-1,-1
brc202d.map,10,940,PushAndSwap --no-compress,-1,-1,-1,-1,-1,-1
brc202d.map,10,950,PushAndSwap --no-compress,-1,-1,-1,-1,-1,-1
brc202d.map,10,960,PushAndSwap --no-compress,-1,-1,-1,-1,-1,-1
brc202d.map,11,10,PIBT,1,2574,2391,897,897,7
brc202d.map,11,20,PIBT,1,6586,6398,998,998,14
brc202d.map,11,30,PIBT,1,10150,9942,998,998,20
brc202d.map,11,40,PIBT,1,13581,13367,998,998,28
brc202d.map,11,50,PIBT,1,18334,17863,998,998,37
brc202d.map,11,60,PIBT,1,24416,23585,998,998,44
brc202d.map,11,70,PIBT,1,29326,28007,998,998,48
brc202d.map,11,80,PIBT,1,33718,31995,998,998,60
brc202d.map,11,90,PIBT,1,39027,36827,998,998,105
brc202d.map,11,100,PIBT,1,43550,41109,998,998,115
brc202d.map,11,110,PIBT,1,48378,45598,998,998,247
brc202d.map,11,120,PIBT,1,53747,51034,998,998,151
brc202d.map,10,890,PushAndSwap --no-compress,-1,-1,-1,-1,-1,-1
brc202d.map,10,900,PushAndSwap --no-compress,-1,-1,-1,-1,-1,-1
brc202d.map,10,910,PushAndSwap --no-compress,-1,-1,-1,-1,-1,-1
brc202d.map,10,920,PushAndSwap --no-compress,-1,-1,-1,-1,-1,-1
brc202d.map,11,130,PIBT,1,57858,54880,999,999,93
brc202d.map,11,140,PIBT,1,63193,59267,999,999,92
brc202d.map,11,150,PIBT,1,67578,64066,999,999,113
brc202d.map,11,160,PIBT,1,73212,69314,999,999,110
brc202d.map,11,170,PIBT,1,76751,72060,999,999,120
brc202d.map,11,180,PIBT,1,79113,74929,999,999,129
brc202d.map,11,190,PIBT,1,84438,79240,999,999,178
brc202d.map,11,200,PIBT,1,88085,82541,999,999,286
brc202d.map,11,210,PIBT,1,93446,87459,999,999,277
brc202d.map,11,220,PIBT,1,98275,91134,999,999,260
brc202d.map,11,230,PIBT,1,102449,95741,999,999,366
brc202d.map,11,240,PIBT,1,107562,100668,999,999,274
brc202d.map,11,250,PIBT,1,113867,104989,999,999,287
brc202d.map,11,260,PIBT,1,118655,109048,999,999,498
brc202d.map,11,270,PIBT,1,123536,113518,999,999,332
brc202d.map,11,280,PIBT,1,128960,117041,999,999,199
brc202d.map,11,290,PIBT,1,131979,120044,999,999,205
brc202d.map,11,300,PIBT,1,136602,123182,999,999,210
brc202d.map,11,310,PIBT,1,140160,125915,999,999,364
brc202d.map,11,320,PIBT,1,146721,130798,999,999,516
brc202d.map,11,330,PIBT,1,152319,136070,999,999,272
brc202d.map,11,340,PIBT,1,157915,140265,999,999,424
brc202d.map,11,350,PIBT,1,162864,144845,999,999,425
brc202d.map,11,360,PIBT,1,170899,149681,999,999,308
brc202d.map,10,570,PushAndSwap --no-compress,0,100596494,241454,243280,1023,4200
brc202d.map,10,580,PushAndSwap --no-compress,0,104529272,245962,247932,1023,3773
brc202d.map,10,590,PushAndSwap --no-compress,0,108226492,249927,251923,1023,3448
brc202d.map,10,600,PushAndSwap --no-compress,0,112239815,254954,256982,1023,4924
brc202d.map,11,370,PIBT,1,174296,153072,999,999,489
brc202d.map,11,380,PIBT,1,177257,156655,999,999,371
brc202d.map,11,390,PIBT,1,183028,161265,999,999,273
brc202d.map,11,400,PIBT,1,185415,163735,999,999,419
brc202d.map,11,410,PIBT,1,192989,167429,999,999,368
brc202d.map,11,420,PIBT,1,197155,171670,999,999,290
brc202d.map,11,430,PIBT,1,202345,175892,999,999,392
brc202d.map,11,440,PIBT,1,208347,180423,999,999,436
brc202d.map,11,450,PIBT,1,212552,184127,999,999,345
brc202d.map,11,460,PIBT,1,218078,188812,999,999,328
brc202d.map,11,470,PIBT,1,223904,193473,999,999,370
brc202d.map,11,480,PIBT,1,230923,199230,999,999,397
brc202d.map,11,490,PIBT,1,237818,204781,999,999,472
brc202d.map,11,500,PIBT,1,242285,208785,999,999,628
brc202d.map,11,510,PIBT,1,246579,212643,999,999,550
brc202d.map,11,520,PIBT,1,252266,216766,999,999,588
brc202d.map,11,530,PIBT,1,258455,221468,999,999,727
brc202d.map,11,540,PIBT,1,262924,225576,999,999,913
brc202d.map,11,550,PIBT,1,270096,230099,999,999,397
brc202d.map,11,560,PIBT,1,276566,234888,999,999,520
brc202d.map,11,570,PIBT,1,280275,238501,999,999,878
brc202d.map,11,580,PIBT,1,287323,243004,999,999,412
brc202d.map,11,590,PIBT,1,291158,246699,999,999,432
brc202d.map,11,600,PIBT,1,299205,251709,999,999,732
brc202d.map,10,690,PushAndSwap --no-compress,0,150417804,295336,298050,1023,4648
brc202d.map,10,700,PushAndSwap --no-compress,0,154618023,298504,301312,1023,5053
brc202d.map,10,710,PushAndSwap --no-compress,0,159420005,302528,305610,1023,4499
brc202d.map,10,720,PushAndSwap --no-compress,0,162983370,304515,307733,1023,5204
brc202d.map,11,610,PIBT,1,300911,254978,999,999,629
brc202d.map,11,620,PIBT,1,304792,258260,999,999,503
brc202d.map,11,630,PIBT,1,310308,262425,999,999,544
brc202d.map,11,640,PIBT,1,312906,265985,999,999,784
brc202d.map,11,650,PIBT,1,320495,271121,999,999,668
brc202d.map,11,660,PIBT,1,327052,275913,999,999,830
brc202d.map,11,670,PIBT,1,333695,280096,999,999,739
brc202d.map,11,680,PIBT,1,337657,284219,999,999,737
brc202d.map,11,690,PIBT,1,344209,288930,999,999,667
brc202d.map,11,700,PIBT,1,352782,293760,999,999,804
brc202d.map,11,710,PIBT,1,354987,297761,999,999,623
brc202d.map,11,720,PIBT,1,362520,301789,999,999,979
brc202d.map,11,730,PIBT,1,365473,305112,999,999,658
brc202d.map,11,740,PIBT,1,373319,309270,999,999,702
brc202d.map,11,750,PIBT,1,376678,311317,999,999,650
brc202d.map,11,760,PIBT,1,381730,314990,1015,1015,921
brc202d.map,11,770,PIBT,1,384073,317497,1015,1015,792
brc202d.map,11,780,PIBT,1,387197,321870,1015,1015,1250
brc202d.map,11,790,PIBT,1,398700,324811,1015,1015,932
brc202d.map,11,800,PIBT,1,401081,330374,1015,1015,956
brc202d.map,11,810,PIBT,1,409028,335075,1015,1015,1230
brc202d.map,11,820,PIBT,1,414522,338470,1015,1015,1010
brc202d.map,11,830,PIBT,1,416066,341759,1015,1015,950
brc202d.map,11,840,PIBT,1,425756,347114,1015,1015,951
brc202d.map,11,850,PIBT,1,429689,351512,1015,1015,1326
brc202d.map,11,860,PIBT,1,435658,356112,1015,1015,720
brc202d.map,11,870,PIBT,1,443438,361086,1015,1015,1284
brc202d.map,11,880,PIBT,1,451669,365696,1015,1015,1557
brc202d.map,11,890,PIBT,1,458356,371081,1015,1015,1249
brc202d.map,11,900,PIBT,1,462292,374528,1015,1015,1047
brc202d.map,11,910,PIBT,1,467832,377748,1015,1015,1057
brc202d.map,11,920,PIBT,1,475145,382182,1015,1015,1443
brc202d.map,11,10,HCA,1,2391,2391,897,897,702
brc202d.map,11,20,HCA,1,6398,6398,998,998,847
brc202d.map,11,30,HCA,1,9946,9942,998,998,1118
brc202d.map,11,40,HCA,1,13416,13367,998,998,534
brc202d.map,11,50,HCA,1,17917,17863,998,998,1209
brc202d.map,11,60,HCA,1,23655,23585,998,998,1106
brc202d.map,11,70,HCA,1,28085,28007,998,998,478
brc202d.map,11,80,HCA,1,32077,31995,998,998,851
brc202d.map,11,930,PIBT,1,478454,386933,1015,1015,1083
brc202d.map,11,940,PIBT,1,485326,389972,1015,1015,1203
brc202d.map,11,950,PIBT,1,490445,393866,1015,1015,1103
brc202d.map,11,960,PIBT,1,496144,398085,1015,1015,858
brc202d.map,11,970,PIBT,1,502997,401290,1015,1015,1149
brc202d.map,11,980,PIBT,1,507095,404893,1015,1015,912
brc202d.map,11,990,PIBT,1,516246,410925,1015,1015,1187
brc202d.map,11,1000,PIBT,1,522231,415548,1015,1015,1121
brc202d.map,11,90,HCA,1,36957,36827,998,998,1210
brc202d.map,11,100,HCA,1,41303,41109,998,998,1421
brc202d.map,11,110,HCA,1,45807,45598,998,998,447
brc202d.map,11,120,HCA,1,51249,51034,998,998,1314
brc202d.map,11,130,HCA,1,55104,54880,999,999,1440
brc202d.map,11,140,HCA,1,59419,59267,999,999,728
brc202d.map,11,150,HCA,1,64257,64066,999,999,1337
brc202d.map,11,160,HCA,1,69525,69314,999,999,3767
brc202d.map,11,170,HCA,1,72277,72060,999,999,1731
brc202d.map,11,180,HCA,1,75218,74929,999,999,1221
brc202d.map,11,190,HCA,1,79615,79240,999,999,1541
brc202d.map,11,200,HCA,1,83151,82541,999,999,2113
brc202d.map,11,210,HCA,1,88000,87459,999,999,3664
brc202d.map,11,220,HCA,1,91679,91134,999,999,1351
brc202d.map,11,230,HCA,1,96408,95741,999,999,2374
brc202d.map,11,240,HCA,1,101345,100668,999,999,1323
brc202d.map,11,250,HCA,1,105672,104989,999,999,4125
brc202d.map,11,260,HCA,1,109945,109048,999,999,2946
brc202d.map,11,270,HCA,1,114395,113518,999,999,1278
brc202d.map,11,280,HCA,1,117923,117041,999,999,3183
brc202d.map,11,290,HCA,1,121164,120044,999,999,2860
brc202d.map,11,300,HCA,1,124325,123182,999,999,1658
brc202d.map,11,310,HCA,1,127074,125915,999,999,3455
brc202d.map,11,320,HCA,1,131964,130798,999,999,2350
brc202d.map,11,330,HCA,1,138372,136070,999,999,3605
brc202d.map,11,340,HCA,1,143386,140265,999,999,3899
brc202d.map,11,350,HCA,1,148122,144845,999,999,3521
brc202d.map,11,360,HCA,1,152863,149681,999,999,5384
brc202d.map,10,850,PushAndSwap,-1,-1,-1,-1,-1,-1
brc202d.map,10,860,PushAndSwap,-1,-1,-1,-1,-1,-1
brc202d.map,10,870,PushAndSwap,-1,-1,-1,-1,-1,-1
brc202d.map,10,880,PushAndSwap,-1,-1,-1,-1,-1,-1
brc202d.map,11,370,HCA,1,156275,153072,999,999,2596
brc202d.map,11,380,HCA,1,159873,156655,999,999,4999
brc202d.map,11,390,HCA,1,164896,161265,999,999,2884
brc202d.map,11,400,HCA,1,167296,163735,999,999,6356
brc202d.map,10,610,PushAndSwap --no-compress,0,116309063,259421,261493,1023,5176
brc202d.map,10,620,PushAndSwap --no-compress,0,120953770,264292,266662,1023,4198
brc202d.map,10,630,PushAndSwap --no-compress,0,124833907,268647,271035,1023,7081
brc202d.map,10,640,PushAndSwap --no-compress,0,129519266,274293,276873,1023,5037
brc202d.map,10,650,PushAndSwap --no-compress,0,134759399,280416,283068,1023,4825
brc202d.map,10,660,PushAndSwap --no-compress,0,138524894,283797,286361,1023,6314
brc202d.map,10,670,PushAndSwap --no-compress,0,142868354,288504,291072,1023,6503
brc202d.map,10,680,PushAndSwap --no-compress,0,146685991,292268,294876,1023,6815
brc202d.map,1,730,PushAndSwap --no-compress,0,168596065,307628,312492,1059,8855
brc202d.map,1,740,PushAndSwap --no-compress,0,173275551,311110,316124,1059,6152
brc202d.map,1,750,PushAndSwap --no-compress,0,178419654,315803,320935,1059,6411
brc202d.map,1,760,PushAndSwap --no-compress,0,183072399,319324,324614,1059,9247
brc202d.map,10,850,PushAndSwap --no-compress,-1,-1,-1,-1,-1,-1
brc202d.map,10,860,PushAndSwap --no-compress,-1,-1,-1,-1,-1,-1
brc202d.map,10,870,PushAndSwap --no-compress,-1,-1,-1,-1,-1,-1
brc202d.map,10,880,PushAndSwap --no-compress,0,248301995,373850,378936,1023,7051
brc202d.map,11,450,HCA,1,188705,184127,999,999,6920
brc202d.map,11,460,HCA,1,193360,188812,999,999,7150
brc202d.map,11,470,HCA,1,198088,193473,999,999,5163
brc202d.map,11,480,HCA,1,203871,199230,999,999,6250
brc202d.map,10,610,PushAndSwap,0,50144,259421,2001,1023,175278
brc202d.map,10,620,PushAndSwap,0,50091,264292,2001,1023,9266
brc202d.map,10,630,PushAndSwap,0,50116,268647,2001,1023,27813
brc202d.map,10,640,PushAndSwap,0,50464,274293,2001,1023,9754
brc202d.map,11,410,HCA,1,171139,167429,999,999,8870
brc202d.map,11,420,HCA,1,175563,171670,999,999,12263
brc202d.map,11,430,HCA,1,179997,175892,999,999,7039
brc202d.map,11,440,HCA,1,185279,180423,999,999,6027
brc202d.map,11,490,HCA,1,209471,204781,999,999,10981
brc202d.map,11,500,HCA,1,214488,208785,999,999,8480
brc202d.map,11,510,HCA,1,218374,212643,999,999,9063
brc202d.map,11,520,HCA,1,222438,216766,999,999,10722
brc202d.map,11,570,HCA,1,245163,238501,999,999,6434
brc202d.map,11,580,HCA,1,249657,243004,999,999,8291
brc202d.map,11,590,HCA,1,253392,246699,999,999,9072
brc202d.map,11,600,HCA,1,258505,251709,999,999,12087
brc202d.map,11,610,HCA,1,262067,254978,999,999,8627
brc202d.map,11,620,HCA,1,265450,258260,999,999,8597
brc202d.map,11,630,HCA,1,270017,262425,999,999,10094
brc202d.map,11,640,HCA,1,273296,265985,999,999,9882
brc202d.map,11,530,HCA,1,227311,221468,999,999,6128
brc202d.map,11,540,HCA,1,231444,225576,999,999,13379
brc202d.map,11,550,HCA,1,235980,230099,999,999,13362
brc202d.map,11,560,HCA,1,240851,234888,999,999,15817
brc202d.map,11,10,PIBT_PLUS,1,2574,2391,897,897,17
brc202d.map,11,20,PIBT_PLUS,1,6586,6398,998,998,36
brc202d.map,11,30,PIBT_PLUS,1,10150,9942,998,998,61
brc202d.map,11,40,PIBT_PLUS,1,13581,13367,998,998,77
brc202d.map,11,50,PIBT_PLUS,1,18334,17863,998,998,90
brc202d.map,11,60,PIBT_PLUS,1,24416,23585,998,998,101
brc202d.map,11,70,PIBT_PLUS,1,29326,28007,998,998,135
brc202d.map,11,80,PIBT_PLUS,1,33718,31995,998,998,133
brc202d.map,11,90,PIBT_PLUS,1,39027,36827,998,998,173
brc202d.map,11,100,PIBT_PLUS,1,43550,41109,998,998,161
brc202d.map,11,110,PIBT_PLUS,1,48378,45598,998,998,176
brc202d.map,11,120,PIBT_PLUS,1,53747,51034,998,998,170
brc202d.map,11,650,HCA,1,278543,271121,999,999,9605
brc202d.map,11,660,HCA,1,283502,275913,999,999,11746
brc202d.map,11,670,HCA,1,288686,280096,999,999,10110
brc202d.map,11,680,HCA,1,293253,284219,999,999,14848
brc202d.map,11,130,PIBT_PLUS,1,57858,54880,999,999,137
brc202d.map,11,140,PIBT_PLUS,1,63193,59267,999,999,160
brc202d.map,11,150,PIBT_PLUS,1,67578,64066,999,999,223
brc202d.map,11,160,PIBT_PLUS,1,73212,69314,999,999,164
brc202d.map,11,170,PIBT_PLUS,1,76751,72060,999,999,181
brc202d.map,11,180,PIBT_PLUS,1,79113,74929,999,999,283
brc202d.map,11,190,PIBT_PLUS,1,84438,79240,999,999,203
brc202d.map,11,200,PIBT_PLUS,1,88085,82541,999,999,456
brc202d.map,11,210,PIBT_PLUS,1,93446,87459,999,999,466
brc202d.map,11,220,PIBT_PLUS,1,98275,91134,999,999,528
brc202d.map,11,230,PIBT_PLUS,1,102449,95741,999,999,487
brc202d.map,11,240,PIBT_PLUS,1,107562,100668,999,999,667
brc202d.map,11,250,PIBT_PLUS,1,113867,104989,999,999,556
brc202d.map,11,260,PIBT_PLUS,1,118655,109048,999,999,350
brc202d.map,11,270,PIBT_PLUS,1,123536,113518,999,999,438
brc202d.map,11,280,PIBT_PLUS,1,128960,117041,999,999,681
brc202d.map,11,290,PIBT_PLUS,1,131979,120044,999,999,556
brc202d.map,11,300,PIBT_PLUS,1,136602,123182,999,999,775
brc202d.map,11,310,PIBT_PLUS,1,140160,125915,999,999,560
brc202d.map,11,320,PIBT_PLUS,1,146721,130798,999,999,591
brc202d.map,11,330,PIBT_PLUS,1,152319,136070,999,999,921
brc202d.map,11,340,PIBT_PLUS,1,157915,140265,999,999,626
brc202d.map,11,350,PIBT_PLUS,1,162864,144845,999,999,714
brc202d.map,11,360,PIBT_PLUS,1,170899,149681,999,999,956
brc202d.map,11,370,PIBT_PLUS,1,174296,153072,999,999,1144
brc202d.map,11,380,PIBT_PLUS,1,177257,156655,999,999,872
brc202d.map,11,390,PIBT_PLUS,1,183028,161265,999,999,538
brc202d.map,11,400,PIBT_PLUS,1,185415,163735,999,999,993
brc202d.map,11,410,PIBT_PLUS,1,192989,167429,999,999,938
brc202d.map,11,420,PIBT_PLUS,1,197155,171670,999,999,1111
brc202d.map,11,430,PIBT_PLUS,1,202345,175892,999,999,1551
brc202d.map,11,440,PIBT_PLUS,1,208347,180423,999,999,1114
brc202d.map,11,450,PIBT_PLUS,1,212552,184127,999,999,1265
brc202d.map,11,460,PIBT_PLUS,1,218078,188812,999,999,957
brc202d.map,11,470,PIBT_PLUS,1,223904,193473,999,999,1000
brc202d.map,11,480,PIBT_PLUS,1,230923,199230,999,999,957
brc202d.map,11,690,HCA,1,298772,288930,999,999,13711
brc202d.map,11,700,HCA,1,303719,293760,999,999,19669
brc202d.map,11,710,HCA,1,307760,297761,999,999,14908
brc202d.map,11,720,HCA,1,312847,301789,999,999,17526
brc202d.map,11,490,PIBT_PLUS,1,237818,204781,999,999,1068
brc202d.map,11,500,PIBT_PLUS,1,242285,208785,999,999,986
brc202d.map,11,510,PIBT_PLUS,1,246579,212643,999,999,1428
brc202d.map,11,520,PIBT_PLUS,1,252266,216766,999,999,1000
brc202d.map,11,530,PIBT_PLUS,1,258455,221468,999,999,1460
brc202d.map,11,540,PIBT_PLUS,1,262924,225576,999,999,1060
brc202d.map,11,550,PIBT_PLUS,1,270096,230099,999,999,1304
brc202d.map,11,560,PIBT_PLUS,1,276566,234888,999,999,1501
brc202d.map,11,730,HCA,1,316188,305112,999,999,13363
brc202d.map,11,740,HCA,1,320347,309270,999,999,14387
brc202d.map,11,750,HCA,1,323123,311317,999,999,15731
brc202d.map,11,760,HCA,1,326603,314990,1015,1015,21217
brc202d.map,11,570,PIBT_PLUS,1,280275,238501,999,999,1390
brc202d.map,11,580,PIBT_PLUS,1,287323,243004,999,999,1553
brc202d.map,11,590,PIBT_PLUS,1,291158,246699,999,999,1311
brc202d.map,11,600,PIBT_PLUS,1,299205,251709,999,999,1531
brc202d.map,10,730,PushAndSwap --no-compress,0,167169915,307748,310994,1023,6207
brc202d.map,10,740,PushAndSwap --no-compress,0,171296593,311315,314601,1023,4531
brc202d.map,10,750,PushAndSwap --no-compress,0,176417148,316295,319691,1023,4154
brc202d.map,10,760,PushAndSwap --no-compress,0,181734208,321509,325199,1023,6995
brc202d.map,11,610,PIBT_PLUS,1,300911,254978,999,999,748
brc202d.map,11,620,PIBT_PLUS,1,304792,258260,999,999,1113
brc202d.map,11,630,PIBT_PLUS,1,310308,262425,999,999,908
brc202d.map,11,640,PIBT_PLUS,1,312906,265985,999,999,1558
brc202d.map,11,770,HCA,1,330382,317497,1015,1015,14999
brc202d.map,11,780,HCA,1,334877,321870,1015,1015,18211
brc202d.map,11,790,HCA,1,337745,324811,1015,1015,14482
brc202d.map,11,800,HCA,1,345316,330374,1015,1015,17408
brc202d.map,10,770,PushAndSwap --no-compress,0,186568305,325392,329186,1023,9400
brc202d.map,10,780,PushAndSwap --no-compress,0,191146428,328691,332557,1023,9100
brc202d.map,10,790,PushAndSwap --no-compress,0,197354249,334474,338514,1023,4724
brc202d.map,10,800,PushAndSwap --no-compress,0,202506866,338071,342209,1023,5699
brc202d.map,11,650,PIBT_PLUS,1,320495,271121,999,999,1240
brc202d.map,11,660,PIBT_PLUS,1,327052,275913,999,999,1609
brc202d.map,11,670,PIBT_PLUS,1,333695,280096,999,999,1736
brc202d.map,11,680,PIBT_PLUS,1,337657,284219,999,999,2118
brc202d.map,11,690,PIBT_PLUS,1,344209,288930,999,999,844
brc202d.map,11,700,PIBT_PLUS,1,352782,293760,999,999,1093
brc202d.map,11,710,PIBT_PLUS,1,354987,297761,999,999,1025
brc202d.map,11,720,PIBT_PLUS,1,362520,301789,999,999,796
brc202d.map,11,730,PIBT_PLUS,1,365473,305112,999,999,1682
brc202d.map,11,740,PIBT_PLUS,1,373319,309270,999,999,2334
brc202d.map,11,750,PIBT_PLUS,1,376678,311317,999,999,2928
brc202d.map,11,760,PIBT_PLUS,1,381730,314990,1015,1015,3195
brc202d.map,11,770,PIBT_PLUS,1,384073,317497,1015,1015,1868
brc202d.map,11,780,PIBT_PLUS,1,387197,321870,1015,1015,2104
brc202d.map,11,790,PIBT_PLUS,1,398700,324811,1015,1015,2818
brc202d.map,11,800,PIBT_PLUS,1,401081,330374,1015,1015,3628
brc202d.map,11,10,PushAndSwap,1,4421,2391,897,897,323
brc202d.map,11,20,PushAndSwap,1,14350,6398,1060,998,99
brc202d.map,11,30,PushAndSwap,1,24940,9942,1094,998,106
brc202d.map,11,40,PushAndSwap,1,47717,13367,1760,998,127
brc202d.map,11,810,PIBT_PLUS,1,409028,335075,1015,1015,1882
brc202d.map,11,820,PIBT_PLUS,1,414522,338470,1015,1015,1329
brc202d.map,11,830,PIBT_PLUS,1,416066,341759,1015,1015,2529
brc202d.map,11,840,PIBT_PLUS,1,425756,347114,1015,1015,3815
brc202d.map,11,50,PushAndSwap,0,15098,17863,2001,998,128
brc202d.map,11,60,PushAndSwap,0,23769,23585,2001,998,158
brc202d.map,11,70,PushAndSwap,0,22246,28007,2001,998,190
brc202d.map,11,80,PushAndSwap,0,24147,31995,2001,998,231
brc202d.map,11,90,PushAndSwap,0,24649,36827,2001,998,237
brc202d.map,11,100,PushAndSwap,0,25854,41109,2001,998,282
brc202d.map,11,110,PushAndSwap,0,31424,45598,2001,998,972
brc202d.map,11,120,PushAndSwap,0,15149,51034,2001,998,962
brc202d.map,11,890,PIBT_PLUS,1,458356,371081,1015,1015,2404
brc202d.map,11,900,PIBT_PLUS,1,462292,374528,1015,1015,2911
brc202d.map,11,910,PIBT_PLUS,1,467832,377748,1015,1015,2943
brc202d.map,11,920,PIBT_PLUS,1,475145,382182,1015,1015,3360
brc202d.map,11,850,PIBT_PLUS,1,429689,351512,1015,1015,2999
brc202d.map,11,860,PIBT_PLUS,1,435658,356112,1015,1015,1833
brc202d.map,11,870,PIBT_PLUS,1,443438,361086,1015,1015,3988
brc202d.map,11,880,PIBT_PLUS,1,451669,365696,1015,1015,2981
brc202d.map,11,130,PushAndSwap,0,15185,54880,2001,999,384
brc202d.map,11,140,PushAndSwap,0,14982,59267,2001,999,1020
brc202d.map,11,150,PushAndSwap,0,15200,64066,2001,999,1155
brc202d.map,11,160,PushAndSwap,0,16031,69314,2001,999,448
brc202d.map,11,170,PushAndSwap,0,18862,72060,2001,999,1261
brc202d.map,11,180,PushAndSwap,0,18035,74929,2001,999,1225
brc202d.map,11,190,PushAndSwap,0,21462,79240,2001,999,532
brc202d.map,11,200,PushAndSwap,0,22342,82541,2001,999,766
brc202d.map,11,810,HCA,1,349184,335075,1015,1015,17151
brc202d.map,11,820,HCA,1,353309,338470,1015,1015,22673
brc202d.map,11,830,HCA,1,356924,341759,1015,1015,19274
brc202d.map,11,840,HCA,1,362995,347114,1015,1015,19945
brc202d.map,11,930,PIBT_PLUS,1,478454,386933,1015,1015,3102
brc202d.map,11,940,PIBT_PLUS,1,485326,389972,1015,1015,3334
brc202d.map,11,950,PIBT_PLUS,1,490445,393866,1015,1015,3288
brc202d.map,11,960,PIBT_PLUS,1,496144,398085,1015,1015,1768
brc202d.map,11,210,PushAndSwap,0,23771,87459,2001,999,773
brc202d.map,11,220,PushAndSwap,0,27996,91134,2001,999,707
brc202d.map,11,230,PushAndSwap,0,28226,95741,2001,999,1112
brc202d.map,11,240,PushAndSwap,0,45326,100668,2001,999,1331
brc202d.map,11,970,PIBT_PLUS,1,502997,401290,1015,1015,3988
brc202d.map,11,980,PIBT_PLUS,1,507095,404893,1015,1015,3107
brc202d.map,11,990,PIBT_PLUS,1,516246,410925,1015,1015,1890
brc202d.map,11,1000,PIBT_PLUS,1,522231,415548,1015,1015,2086
brc202d.map,11,250,PushAndSwap,0,43909,104989,2001,999,980
brc202d.map,11,260,PushAndSwap,0,44316,109048,2001,999,1507
brc202d.map,11,270,PushAndSwap,0,44605,113518,2001,999,2093
brc202d.map,11,280,PushAndSwap,0,44502,117041,2001,999,1617
brc202d.map,11,290,PushAndSwap,0,44352,120044,2001,999,1390
brc202d.map,11,300,PushAndSwap,0,44222,123182,2001,999,1607
brc202d.map,11,310,PushAndSwap,0,44441,125915,2001,999,1830
brc202d.map,11,320,PushAndSwap,0,45293,130798,2001,999,1928
brc202d.map,11,850,HCA,1,368251,351512,1015,1015,21169
brc202d.map,11,860,HCA,1,373659,356112,1015,1015,19861
brc202d.map,11,870,HCA,1,379016,361086,1015,1015,21451
brc202d.map,11,880,HCA,1,383642,365696,1015,1015,22155
brc202d.map,11,330,PushAndSwap,0,63881,136070,2001,999,2013
brc202d.map,11,340,PushAndSwap,0,66253,140265,2001,999,2178
brc202d.map,11,350,PushAndSwap,0,66656,144845,2001,999,2244
brc202d.map,11,360,PushAndSwap,0,32892,149681,2001,999,3090
brc202d.map,11,370,PushAndSwap,0,34978,153072,2001,999,2406
brc202d.map,11,380,PushAndSwap,0,34813,156655,2001,999,3101
brc202d.map,11,390,PushAndSwap,0,34994,161265,2001,999,3245
brc202d.map,11,400,PushAndSwap,0,35070,163735,2001,999,4180
brc202d.map,11,410,PushAndSwap,0,35320,167429,2001,999,3377
brc202d.map,11,420,PushAndSwap,0,35361,171670,2001,999,3249
brc202d.map,11,430,PushAndSwap,0,35408,175892,2001,999,6291
brc202d.map,11,440,PushAndSwap,0,36630,180423,2001,999,5989
brc202d.map,10,650,PushAndSwap,0,54790,280416,2001,1023,258453
brc202d.map,10,660,PushAndSwap,0,57002,283797,2001,1023,37409
brc202d.map,10,670,PushAndSwap,0,61049,288504,2001,1023,14733
brc202d.map,10,680,PushAndSwap,0,61109,292268,2001,1023,28179
brc202d.map,11,890,HCA,1,388864,371081,1015,1015,20679
brc202d.map,11,900,HCA,1,393913,374528,1015,1015,25810
brc202d.map,11,910,HCA,1,397756,377748,1015,1015,24026
brc202d.map,11,920,HCA,0,0,382182,-1,1015,30017
brc202d.map,11,450,PushAndSwap,0,36738,184127,2001,999,4204
brc202d.map,11,460,PushAndSwap,0,36805,188812,2001,999,7222
brc202d.map,11,470,PushAndSwap,0,37066,193473,2001,999,24730
brc202d.map,11,480,PushAndSwap,0,37470,199230,2001,999,3851
brc202d.map,10,970,PushAndSwap --no-compress,-1,-1,-1,-1,-1,-1
brc202d.map,10,980,PushAndSwap --no-compress,-1,-1,-1,-1,-1,-1
brc202d.map,10,990,PushAndSwap --no-compress,-1,-1,-1,-1,-1,-1
brc202d.map,10,1000,PushAndSwap --no-compress,-1,-1,-1,-1,-1,-1
brc202d.map,11,930,HCA,0,0,386933,-1,1015,30006
brc202d.map,11,940,HCA,0,0,389972,-1,1015,30006
brc202d.map,11,950,HCA,0,0,393866,-1,1015,30012
brc202d.map,11,960,HCA,0,0,398085,-1,1015,30023
brc202d.map,11,970,HCA,1,426068,401290,1015,1015,26848
brc202d.map,11,980,HCA,0,0,404893,-1,1015,30019
brc202d.map,11,990,HCA,0,0,410925,-1,1015,30001
brc202d.map,11,1000,HCA,0,0,415548,-1,1015,30005
brc202d.map,11,10,PushAndSwap --no-compress,0,18985,2391,2391,897,9
brc202d.map,11,20,PushAndSwap --no-compress,0,97349,6398,6398,998,18
brc202d.map,11,30,PushAndSwap --no-compress,0,220298,9942,9942,998,38
brc202d.map,11,40,PushAndSwap --no-compress,0,384375,13367,13367,998,46
brc202d.map,11,50,PushAndSwap --no-compress,0,627730,17863,17863,998,125
brc202d.map,11,60,PushAndSwap --no-compress,0,990357,23585,23591,998,215
brc202d.map,11,70,PushAndSwap --no-compress,0,1367425,28007,28019,998,179
brc202d.map,11,80,PushAndSwap --no-compress,0,1801200,31995,32019,998,218
brc202d.map,11,90,PushAndSwap --no-compress,0,2304873,36827,36851,998,101
brc202d.map,11,100,PushAndSwap --no-compress,0,2856022,41109,41133,998,113
brc202d.map,11,110,PushAndSwap --no-compress,0,3482506,45598,45628,998,214
brc202d.map,11,120,PushAndSwap --no-compress,0,4251588,51034,51064,998,118
brc202d.map,11,130,PushAndSwap --no-compress,0,4998491,54880,54928,999,141
brc202d.map,11,140,PushAndSwap --no-compress,0,5821175,59267,59327,999,328
brc202d.map,11,150,PushAndSwap --no-compress,0,6750603,64066,64138,999,580
brc202d.map,11,160,PushAndSwap --no-compress,0,7761446,69314,69386,999,563
brc202d.map,11,570,PushAndSwap,0,38665,238501,2001,999,17877
brc202d.map,11,580,PushAndSwap,0,38768,243004,2001,999,5986
brc202d.map,11,590,PushAndSwap,0,38946,246699,2001,999,17547
brc202d.map,11,600,PushAndSwap,0,39274,251709,2001,999,22106
brc202d.map,11,170,PushAndSwap --no-compress,0,8591534,72060,72132,999,460
brc202d.map,11,180,PushAndSwap --no-compress,0,9476695,74929,75007,999,191
brc202d.map,11,190,PushAndSwap --no-compress,0,10553341,79240,79324,999,370
brc202d.map,11,200,PushAndSwap --no-compress,0,11541744,82541,82641,999,670
brc202d.map,11,210,PushAndSwap --no-compress,0,12864404,87459,87575,999,254
brc202d.map,11,220,PushAndSwap --no-compress,0,14133913,91134,91320,999,965
brc202d.map,11,230,PushAndSwap --no-compress,0,15565523,95741,95951,999,459
brc202d.map,11,240,PushAndSwap --no-compress,0,17125551,100668,100922,999,1636
brc202d.map,11,250,PushAndSwap --no-compress,0,18710896,104989,105261,999,608
brc202d.map,11,260,PushAndSwap --no-compress,0,20329311,109048,109402,999,1205
brc202d.map,11,270,PushAndSwap --no-compress,0,21922201,113518,113904,999,588
brc202d.map,11,280,PushAndSwap --no-compress,0,23486961,117041,117483,999,427
brc202d.map,11,290,PushAndSwap --no-compress,0,24999623,120044,120510,999,457
brc202d.map,11,300,PushAndSwap --no-compress,0,26524358,123182,123670,999,459
brc202d.map,11,310,PushAndSwap --no-compress,0,28022210,125915,126405,999,1679
brc202d.map,11,320,PushAndSwap --no-compress,0,30188393,130798,131332,999,1284
brc202d.map,11,330,PushAndSwap --no-compress,0,32447826,136070,136672,999,1396
brc202d.map,11,340,PushAndSwap --no-compress,0,34579753,140265,140939,999,1473
brc202d.map,11,350,PushAndSwap --no-compress,0,36731511,144845,145521,999,1228
brc202d.map,11,360,PushAndSwap --no-compress,0,39145069,149681,150401,999,2387
brc202d.map,11,370,PushAndSwap --no-compress,0,41354168,153072,153952,999,1438
brc202d.map,11,380,PushAndSwap --no-compress,0,43415151,156655,157571,999,2452
brc202d.map,11,390,PushAndSwap --no-compress,0,45932929,161265,162385,999,1681
brc202d.map,11,400,PushAndSwap --no-compress,0,47967368,163735,164915,999,10135
brc202d.map,1,770,PushAndSwap --no-compress,0,188915801,324322,329960,1059,8827
brc202d.map,1,780,PushAndSwap --no-compress,0,194522849,330099,335791,1059,7670
brc202d.map,1,790,PushAndSwap --no-compress,0,199224822,333734,339646,1059,6437
brc202d.map,1,800,PushAndSwap --no-compress,0,204288836,337393,343399,1059,8619
brc202d.map,11,410,PushAndSwap --no-compress,0,50405178,167429,168711,999,1877
brc202d.map,11,420,PushAndSwap --no-compress,0,52884833,171670,172988,999,9539
brc202d.map,11,430,PushAndSwap --no-compress,0,55725627,175892,177270,999,1891
brc202d.map,11,440,PushAndSwap --no-compress,0,58597090,180423,181881,999,3378
brc202d.map,11,530,PushAndSwap,0,38363,221468,2001,999,62002
brc202d.map,11,540,PushAndSwap,0,38538,225576,2001,999,5330
brc202d.map,11,550,PushAndSwap,0,38644,230099,2001,999,26185
brc202d.map,11,560,PushAndSwap,0,38625,234888,2001,999,6237
brc202d.map,11,450,PushAndSwap --no-compress,0,61255891,184127,185651,999,1734
brc202d.map,11,460,PushAndSwap --no-compress,0,64478015,188812,190526,999,3493
brc202d.map,11,470,PushAndSwap --no-compress,0,67400330,193473,195393,999,3026
brc202d.map,11,480,PushAndSwap --no-compress,0,70737690,199230,201168,999,2286
brc202d.map,11,490,PushAndSwap --no-compress,0,74131625,204781,206731,999,2762
brc202d.map,11,500,PushAndSwap --no-compress,0,77253452,208785,210871,999,2770
brc202d.map,11,510,PushAndSwap --no-compress,0,80247735,212643,214781,999,4545
brc202d.map,11,520,PushAndSwap --no-compress,0,83350805,216766,219004,999,2631
brc202d.map,11,970,PushAndSwap,-1,-1,-1,-1,-1,-1
brc202d.map,11,980,PushAndSwap,-1,-1,-1,-1,-1,-1
brc202d.map,11,990,PushAndSwap,-1,-1,-1,-1,-1,-1
brc202d.map,11,1000,PushAndSwap,-1,-1,-1,-1,-1,-1
brc202d.map,11,530,PushAndSwap --no-compress,0,86815768,221468,223910,999,3698
brc202d.map,11,540,PushAndSwap --no-compress,0,90351710,225576,228178,999,3634
brc202d.map,11,550,PushAndSwap --no-compress,0,93694497,230099,232777,999,3049
brc202d.map,11,560,PushAndSwap --no-compress,0,97548587,234888,237632,999,3855
brc202d.map,11,570,PushAndSwap --no-compress,0,100790484,238501,241295,999,3490
brc202d.map,11,580,PushAndSwap --no-compress,0,104492124,243004,245872,999,5016
brc202d.map,11,590,PushAndSwap --no-compress,0,107968284,246699,249651,999,4504
brc202d.map,11,600,PushAndSwap --no-compress,0,111954943,251709,254719,999,5476
brc202d.map,11,930,PushAndSwap,-1,-1,-1,-1,-1,-1
brc202d.map,11,940,PushAndSwap,-1,-1,-1,-1,-1,-1
brc202d.map,11,950,PushAndSwap,-1,-1,-1,-1,-1,-1
brc202d.map,11,960,PushAndSwap,-1,-1,-1,-1,-1,-1
brc202d.map,11,610,PushAndSwap --no-compress,0,115345774,254978,258064,999,5310
brc202d.map,11,620,PushAndSwap --no-compress,0,118952710,258260,261482,999,5199
brc202d.map,11,630,PushAndSwap --no-compress,0,123119675,262425,266075,999,5574
brc202d.map,11,640,PushAndSwap --no-compress,0,127107571,265985,270055,999,11708
brc202d.map,11,890,PushAndSwap,-1,-1,-1,-1,-1,-1
brc202d.map,11,900,PushAndSwap,-1,-1,-1,-1,-1,-1
brc202d.map,11,910,PushAndSwap,-1,-1,-1,-1,-1,-1
brc202d.map,11,920,PushAndSwap,-1,-1,-1,-1,-1,-1
brc202d.map,11,850,PushAndSwap,0,60332,351512,2001,1015,26737
brc202d.map,11,860,PushAndSwap,-1,-1,-1,-1,-1,-1
brc202d.map,11,870,PushAndSwap,-1,-1,-1,-1,-1,-1
brc202d.map,11,880,PushAndSwap,-1,-1,-1,-1,-1,-1
brc202d.map,1,810,PushAndSwap --no-compress,0,209711473,342090,348196,1059,7472
brc202d.map,1,820,PushAndSwap --no-compress,0,214562357,345957,352129,1059,9588
brc202d.map,1,830,PushAndSwap --no-compress,0,220410324,351114,357448,1059,9034
brc202d.map,1,840,PushAndSwap --no-compress,-1,-1,-1,-1,-1,-1
brc202d.map,1,810,PushAndSwap,0,57477,342090,2001,1059,274908
brc202d.map,1,820,PushAndSwap,-1,-1,-1,-1,-1,-1
brc202d.map,1,830,PushAndSwap,-1,-1,-1,-1,-1,-1
brc202d.map,1,840,PushAndSwap,-1,-1,-1,-1,-1,-1
brc202d.map,12,10,PIBT,1,4358,4358,770,770,8
brc202d.map,12,20,PIBT,1,8480,8454,862,862,19
brc202d.map,12,30,PIBT,1,12130,11963,862,862,35
brc202d.map,12,40,PIBT,1,16857,15756,1000,1000,51
brc202d.map,12,50,PIBT,1,21303,19792,1000,1000,77
brc202d.map,12,60,PIBT,1,24542,23272,1000,1000,82
brc202d.map,12,70,PIBT,1,29853,27932,1000,1000,115
brc202d.map,12,80,PIBT,1,34181,32211,1081,1081,170
brc202d.map,12,90,PIBT,1,39781,36433,1081,1081,77
brc202d.map,12,100,PIBT,1,42846,40151,1081,1081,81
brc202d.map,12,110,PIBT,1,47639,44873,1081,1081,84
brc202d.map,12,120,PIBT,1,54047,50361,1081,1081,143
brc202d.map,12,130,PIBT,1,58496,55009,1081,1081,141
brc202d.map,12,140,PIBT,1,61688,58323,1081,1081,147
brc202d.map,12,150,PIBT,1,66975,62799,1081,1081,252
brc202d.map,12,160,PIBT,1,71134,66970,1081,1081,272
brc202d.map,12,170,PIBT,1,75623,70504,1081,1081,238
brc202d.map,12,180,PIBT,1,79467,74743,1081,1081,137
brc202d.map,12,190,PIBT,1,84485,78473,1081,1081,141
brc202d.map,12,200,PIBT,1,89173,82591,1081,1081,220
brc202d.map,12,210,PIBT,1,94120,87345,1081,1081,190
brc202d.map,12,220,PIBT,1,96893,90487,1081,1081,227
brc202d.map,12,230,PIBT,1,100756,93575,1081,1081,303
brc202d.map,12,240,PIBT,1,104724,96351,1081,1081,305
brc202d.map,12,250,PIBT,1,108311,100378,1081,1081,191
brc202d.map,12,260,PIBT,1,114296,104487,1081,1081,299
brc202d.map,12,270,PIBT,1,117147,107973,1081,1081,312
brc202d.map,12,280,PIBT,1,121626,111544,1081,1081,370
brc202d.map,12,290,PIBT,1,127276,114569,1081,1081,215
brc202d.map,12,300,PIBT,1,129473,117386,1081,1081,357
brc202d.map,12,310,PIBT,1,132996,120644,1081,1081,474
brc202d.map,12,320,PIBT,1,137175,124602,1081,1081,331
brc202d.map,11,890,PushAndSwap --no-compress,-1,-1,-1,-1,-1,-1
brc202d.map,11,900,PushAndSwap --no-compress,-1,-1,-1,-1,-1,-1
brc202d.map,11,910,PushAndSwap --no-compress,-1,-1,-1,-1,-1,-1
brc202d.map,11,920,PushAndSwap --no-compress,-1,-1,-1,-1,-1,-1
brc202d.map,12,330,PIBT,1,145000,128988,1081,1081,359
brc202d.map,12,340,PIBT,1,148888,132168,1081,1081,441
brc202d.map,12,350,PIBT,1,155948,137407,1081,1081,470
brc202d.map,12,360,PIBT,1,160257,140811,1081,1081,549
brc202d.map,12,370,PIBT,1,162603,144761,1081,1081,418
brc202d.map,12,380,PIBT,1,168878,149035,1081,1081,358
brc202d.map,12,390,PIBT,1,176257,153604,1081,1081,439
brc202d.map,12,400,PIBT,1,180536,157292,1081,1081,824
brc202d.map,12,450,PIBT,1,203817,176699,1081,1081,778
brc202d.map,12,460,PIBT,1,207301,180097,1081,1081,626
brc202d.map,12,470,PIBT,1,212121,185481,1081,1081,420
brc202d.map,12,480,PIBT,1,218788,189548,1081,1081,576
brc202d.map,12,410,PIBT,1,185365,160474,1081,1081,592
brc202d.map,12,420,PIBT,1,189224,164336,1081,1081,569
brc202d.map,12,430,PIBT,1,192411,167433,1081,1081,311
brc202d.map,12,440,PIBT,1,197138,171337,1081,1081,603
brc202d.map,11,970,PushAndSwap --no-compress,-1,-1,-1,-1,-1,-1
brc202d.map,11,980,PushAndSwap --no-compress,-1,-1,-1,-1,-1,-1
brc202d.map,11,990,PushAndSwap --no-compress,-1,-1,-1,-1,-1,-1
brc202d.map,11,1000,PushAndSwap --no-compress,-1,-1,-1,-1,-1,-1
brc202d.map,12,490,PIBT,1,226741,194694,1081,1081,367
brc202d.map,12,500,PIBT,1,231422,198903,1081,1081,555
brc202d.map,12,510,PIBT,1,232691,201428,1081,1081,594
brc202d.map,12,520,PIBT,1,242683,206327,1081,1081,638
brc202d.map,12,530,PIBT,1,246055,209557,1081,1081,374
brc202d.map,12,540,PIBT,1,251303,214396,1081,1081,635
brc202d.map,12,550,PIBT,1,259697,219566,1081,1081,560
brc202d.map,12,560,PIBT,1,263466,223092,1081,1081,666
brc202d.map,12,570,PIBT,1,269304,227946,1081,1081,507
brc202d.map,12,580,PIBT,1,277316,233518,1081,1081,512
brc202d.map,12,590,PIBT,1,286084,237958,1081,1081,724
brc202d.map,12,600,PIBT,1,288765,242470,1081,1081,623
brc202d.map,11,690,PushAndSwap --no-compress,0,150535442,288930,293840,999,7618
brc202d.map,11,700,PushAndSwap --no-compress,0,155514924,293760,299042,999,9092
brc202d.map,11,710,PushAndSwap --no-compress,0,160005716,297761,303123,999,8978
brc202d.map,11,720,PushAndSwap --no-compress,0,164907428,301789,307483,999,10508
brc202d.map,12,610,PIBT,1,293355,246971,1081,1081,597
brc202d.map,12,620,PIBT,1,298295,251213,1081,1081,719
brc202d.map,12,630,PIBT,1,308086,257264,1081,1081,775
brc202d.map,12,640,PIBT,1,310272,261428,1081,1081,687
brc202d.map,12,650,PIBT,1,315123,265262,1081,1081,611
brc202d.map,12,660,PIBT,1,318908,269039,1081,1081,843
brc202d.map,12,670,PIBT,1,326027,272945,1081,1081,675
brc202d.map,12,680,PIBT,1,331883,276690,1081,1081,669
brc202d.map,12,690,PIBT,1,334152,280318,1081,1081,652
brc202d.map,12,700,PIBT,1,340302,286219,1081,1081,846
brc202d.map,12,710,PIBT,1,347081,290527,1081,1081,778
brc202d.map,12,720,PIBT,1,355396,294028,1081,1081,974
brc202d.map,12,730,PIBT,1,361601,299926,1081,1081,851
brc202d.map,12,740,PIBT,1,365506,304298,1081,1081,885
brc202d.map,12,750,PIBT,1,369494,307778,1081,1081,705
brc202d.map,12,760,PIBT,1,377076,311385,1081,1081,947
brc202d.map,12,770,PIBT,1,383902,315729,1081,1081,1110
brc202d.map,12,780,PIBT,1,391534,321233,1081,1081,846
brc202d.map,12,790,PIBT,1,395593,324111,1081,1081,816
brc202d.map,12,800,PIBT,1,401273,329442,1081,1081,1129
brc202d.map,12,810,PIBT,1,409549,335050,1081,1081,1064
brc202d.map,12,820,PIBT,1,412834,337895,1081,1081,1010
brc202d.map,12,830,PIBT,1,416542,342542,1081,1081,960
brc202d.map,12,840,PIBT,1,423635,346156,1081,1081,1152
brc202d.map,12,850,PIBT,1,427753,350417,1081,1081,843
brc202d.map,12,860,PIBT,1,433583,353610,1081,1081,1011
brc202d.map,12,870,PIBT,1,438284,357182,1081,1081,1018
brc202d.map,12,880,PIBT,1,444965,361979,1081,1081,1315
brc202d.map,11,490,PushAndSwap,0,37463,204781,2001,999,8799
brc202d.map,11,500,PushAndSwap,0,38004,208785,2001,999,234847
brc202d.map,11,510,PushAndSwap,0,37530,212643,2001,999,6278
brc202d.map,11,520,PushAndSwap,0,38123,216766,2001,999,7711
brc202d.map,12,10,HCA,1,4358,4358,770,770,510
brc202d.map,12,20,HCA,1,8462,8454,862,862,1165
brc202d.map,12,30,HCA,1,12100,11963,862,862,1559
brc202d.map,12,40,HCA,1,15898,15756,1000,1000,827
brc202d.map,12,890,PIBT,1,452875,366163,1081,1081,1263
brc202d.map,12,900,PIBT,1,456233,370543,1081,1081,1162
brc202d.map,12,910,PIBT,1,461526,374758,1081,1081,997
brc202d.map,12,920,PIBT,1,467550,377968,1081,1081,1337
brc202d.map,12,930,PIBT,1,471106,382627,1081,1081,1135
brc202d.map,12,940,PIBT,1,484112,387778,1081,1081,1165
brc202d.map,12,950,PIBT,1,483419,392280,1081,1081,1148
brc202d.map,12,960,PIBT,1,495022,396474,1081,1081,1115
brc202d.map,12,970,PIBT,1,500324,400388,1081,1081,1241
brc202d.map,12,980,PIBT,1,504965,404182,1081,1081,943
brc202d.map,12,990,PIBT,1,507299,405706,1081,1081,1005
brc202d.map,12,1000,PIBT,1,511542,408951,1081,1081,1335
brc202d.map,12,50,HCA,1,19988,19792,1000,1000,1006
brc202d.map,12,60,HCA,1,23482,23272,1000,1000,1230
brc202d.map,12,70,HCA,1,28155,27932,1000,1000,1582
brc202d.map,12,80,HCA,1,32442,32211,1081,1081,1510
brc202d.map,12,90,HCA,1,36677,36433,1081,1081,1416
brc202d.map,12,100,HCA,1,40402,40151,1081,1081,1606
brc202d.map,12,110,HCA,1,45234,44873,1081,1081,1544
brc202d.map,12,120,HCA,1,50866,50361,1081,1081,674
brc202d.map,12,130,HCA,1,55532,55009,1081,1081,1867
brc202d.map,12,140,HCA,1,58751,58323,1081,1081,1513
brc202d.map,12,150,HCA,1,63353,62799,1081,1081,1036
brc202d.map,12,160,HCA,1,67441,66970,1081,1081,2485
brc202d.map,10,690,PushAndSwap,0,61173,295336,2001,1023,260735
brc202d.map,10,700,PushAndSwap,0,60318,298504,2001,1023,22510
brc202d.map,10,710,PushAndSwap,0,60529,302528,2001,1023,21294
brc202d.map,10,720,PushAndSwap,0,60446,304515,2001,1023,273883
brc202d.map,12,170,HCA,1,71070,70504,1081,1081,1349
brc202d.map,12,180,HCA,1,75318,74743,1081,1081,2482
brc202d.map,12,190,HCA,1,78964,78473,1081,1081,2516
brc202d.map,12,200,HCA,1,83105,82591,1081,1081,3304
brc202d.map,12,210,HCA,1,87875,87345,1081,1081,2225
brc202d.map,12,220,HCA,1,91073,90487,1081,1081,2850
brc202d.map,12,230,HCA,1,94428,93575,1081,1081,3706
brc202d.map,12,240,HCA,1,97162,96351,1081,1081,3811
brc202d.map,12,250,HCA,1,101491,100378,1081,1081,2728
brc202d.map,12,260,HCA,1,105933,104487,1081,1081,3367
brc202d.map,12,270,HCA,1,109582,107973,1081,1081,3539
brc202d.map,12,280,HCA,1,113317,111544,1081,1081,2694
brc202d.map,12,290,HCA,1,116500,114569,1081,1081,3338
brc202d.map,12,300,HCA,1,119262,117386,1081,1081,4367
brc202d.map,12,310,HCA,1,122591,120644,1081,1081,4032
brc202d.map,12,320,HCA,1,126541,124602,1081,1081,2920
brc202d.map,12,330,HCA,1,131089,128988,1081,1081,7475
brc202d.map,12,340,HCA,1,134453,132168,1081,1081,3187
brc202d.map,12,350,HCA,1,139732,137407,1081,1081,3600
brc202d.map,12,360,HCA,1,143939,140811,1081,1081,3035
brc202d.map,12,370,HCA,1,148124,144761,1081,1081,5799
brc202d.map,12,380,HCA,1,152340,149035,1081,1081,4261
brc202d.map,12,390,HCA,1,157266,153604,1081,1081,4793
brc202d.map,12,400,HCA,1,161446,157292,1081,1081,4429
brc202d.map,12,410,HCA,1,164929,160474,1081,1081,6361
brc202d.map,12,420,HCA,1,168979,164336,1081,1081,4328
brc202d.map,12,430,HCA,1,172507,167433,1081,1081,3567
brc202d.map,12,440,HCA,1,176707,171337,1081,1081,5032
brc202d.map,12,450,HCA,1,182824,176699,1081,1081,5100
brc202d.map,12,460,HCA,1,186257,180097,1081,1081,5420
brc202d.map,12,470,HCA,1,191448,185481,1081,1081,5460
brc202d.map,12,480,HCA,1,195467,189548,1081,1081,6867
brc202d.map,12,490,HCA,1,201362,194694,1081,1081,6773
brc202d.map,12,500,HCA,1,205638,198903,1081,1081,6462
brc202d.map,12,510,HCA,1,209010,201428,1081,1081,4099
brc202d.map,12,520,HCA,1,214144,206327,1081,1081,6300
brc202d.map,12,530,HCA,1,218448,209557,1081,1081,6207
brc202d.map,12,540,HCA,1,223108,214396,1081,1081,5859
brc202d.map,12,550,HCA,1,229083,219566,1081,1081,7360
brc202d.map,12,560,HCA,1,233010,223092,1081,1081,5792
brc202d.map,11,650,PushAndSwap,0,37833,271121,2001,999,213914
brc202d.map,11,660,PushAndSwap,0,37648,275913,2001,999,30975
brc202d.map,11,670,PushAndSwap,0,35773,280096,2001,999,55884
brc202d.map,11,680,PushAndSwap,0,37140,284219,2001,999,12035
brc202d.map,12,570,HCA,1,238082,227946,1081,1081,6763
brc202d.map,12,580,HCA,1,244637,233518,1081,1081,7934
brc202d.map,12,590,HCA,1,250274,237958,1081,1081,6486
brc202d.map,12,600,HCA,1,254772,242470,1081,1081,7799
brc202d.map,11,610,PushAndSwap,0,39373,254978,2001,999,196390
brc202d.map,11,620,PushAndSwap,0,39466,258260,2001,999,19472
brc202d.map,11,630,PushAndSwap,0,40256,262425,2001,999,25481
brc202d.map,11,640,PushAndSwap,0,37626,265985,2001,999,86112
brc202d.map,12,650,HCA,1,278342,265262,1081,1081,8944
brc202d.map,12,660,HCA,1,281851,269039,1081,1081,14237
brc202d.map,12,670,HCA,1,286350,272945,1081,1081,12449
brc202d.map,12,680,HCA,1,290296,276690,1081,1081,11137
brc202d.map,12,690,HCA,1,293847,280318,1081,1081,7024
brc202d.map,12,700,HCA,1,300317,286219,1081,1081,8715
brc202d.map,12,710,HCA,1,305121,290527,1081,1081,19007
brc202d.map,12,720,HCA,1,309496,294028,1081,1081,25621
brc202d.map,11,650,PushAndSwap --no-compress,0,131666049,271121,275227,999,5402
brc202d.map,11,660,PushAndSwap --no-compress,0,135815283,275913,280057,999,7751
brc202d.map,11,670,PushAndSwap --no-compress,0,140387517,280096,284278,999,5858
brc202d.map,11,680,PushAndSwap --no-compress,0,145307906,284219,288901,999,5344
brc202d.map,12,10,PIBT_PLUS,1,4358,4358,770,770,11
brc202d.map,12,20,PIBT_PLUS,1,8480,8454,862,862,21
brc202d.map,12,30,PIBT_PLUS,1,12130,11963,862,862,27
brc202d.map,12,40,PIBT_PLUS,1,16857,15756,1000,1000,41
brc202d.map,12,50,PIBT_PLUS,1,21303,19792,1000,1000,47
brc202d.map,12,60,PIBT_PLUS,1,24542,23272,1000,1000,59
brc202d.map,12,70,PIBT_PLUS,1,29853,27932,1000,1000,122
brc202d.map,12,80,PIBT_PLUS,1,34181,32211,1081,1081,153
brc202d.map,12,610,HCA,1,259283,246971,1081,1081,26226
brc202d.map,12,620,HCA,1,263613,251213,1081,1081,10825
brc202d.map,12,630,HCA,1,269678,257264,1081,1081,15674
brc202d.map,12,640,HCA,1,274524,261428,1081,1081,19253
brc202d.map,12,90,PIBT_PLUS,1,39781,36433,1081,1081,117
brc202d.map,12,100,PIBT_PLUS,1,42846,40151,1081,1081,215
brc202d.map,12,110,PIBT_PLUS,1,47639,44873,1081,1081,251
brc202d.map,12,120,PIBT_PLUS,1,54047,50361,1081,1081,209
brc202d.map,12,130,PIBT_PLUS,1,58496,55009,1081,1081,259
brc202d.map,12,140,PIBT_PLUS,1,61688,58323,1081,1081,312
brc202d.map,12,150,PIBT_PLUS,1,66975,62799,1081,1081,329
brc202d.map,12,160,PIBT_PLUS,1,71134,66970,1081,1081,278
brc202d.map,12,170,PIBT_PLUS,1,75623,70504,1081,1081,295
brc202d.map,12,180,PIBT_PLUS,1,79467,74743,1081,1081,232
brc202d.map,12,190,PIBT_PLUS,1,84485,78473,1081,1081,214
brc202d.map,12,200,PIBT_PLUS,1,89173,82591,1081,1081,384
brc202d.map,12,210,PIBT_PLUS,1,94120,87345,1081,1081,422
brc202d.map,12,220,PIBT_PLUS,1,96893,90487,1081,1081,371
brc202d.map,12,230,PIBT_PLUS,1,100756,93575,1081,1081,467
brc202d.map,12,240,PIBT_PLUS,1,104724,96351,1081,1081,229
brc202d.map,12,250,PIBT_PLUS,1,108311,100378,1081,1081,388
brc202d.map,12,260,PIBT_PLUS,1,114296,104487,1081,1081,456
brc202d.map,12,270,PIBT_PLUS,1,117147,107973,1081,1081,336
brc202d.map,12,280,PIBT_PLUS,1,121626,111544,1081,1081,349
brc202d.map,12,290,PIBT_PLUS,1,127276,114569,1081,1081,519
brc202d.map,12,300,PIBT_PLUS,1,129473,117386,1081,1081,855
brc202d.map,12,310,PIBT_PLUS,1,132996,120644,1081,1081,1223
brc202d.map,12,320,PIBT_PLUS,1,137175,124602,1081,1081,868
brc202d.map,1,730,PushAndSwap,0,49820,307628,2001,1059,35250
brc202d.map,1,740,PushAndSwap,0,49802,311110,2001,1059,544277
brc202d.map,1,750,PushAndSwap,0,42971,315803,2001,1059,284158
brc202d.map,1,760,PushAndSwap,0,45040,319324,2001,1059,111055
brc202d.map,12,330,PIBT_PLUS,1,145000,128988,1081,1081,821
brc202d.map,12,340,PIBT_PLUS,1,148888,132168,1081,1081,653
brc202d.map,12,350,PIBT_PLUS,1,155948,137407,1081,1081,812
brc202d.map,12,360,PIBT_PLUS,1,160257,140811,1081,1081,482
brc202d.map,12,770,HCA,1,332942,315729,1081,1081,16975
brc202d.map,12,780,HCA,1,338367,321233,1081,1081,14163
brc202d.map,12,790,HCA,1,342292,324111,1081,1081,19041
brc202d.map,12,800,HCA,1,347844,329442,1081,1081,15712
brc202d.map,12,370,PIBT_PLUS,1,162603,144761,1081,1081,455
brc202d.map,12,380,PIBT_PLUS,1,168878,149035,1081,1081,798
brc202d.map,12,390,PIBT_PLUS,1,176257,153604,1081,1081,898
brc202d.map,12,400,PIBT_PLUS,1,180536,157292,1081,1081,992
brc202d.map,12,410,PIBT_PLUS,1,185365,160474,1081,1081,572
brc202d.map,12,420,PIBT_PLUS,1,189224,164336,1081,1081,413
brc202d.map,12,430,PIBT_PLUS,1,192411,167433,1081,1081,738
brc202d.map,12,440,PIBT_PLUS,1,197138,171337,1081,1081,1005
brc202d.map,12,450,PIBT_PLUS,1,203817,176699,1081,1081,706
brc202d.map,12,460,PIBT_PLUS,1,207301,180097,1081,1081,864
brc202d.map,12,470,PIBT_PLUS,1,212121,185481,1081,1081,1007
brc202d.map,12,480,PIBT_PLUS,1,218788,189548,1081,1081,1208
brc202d.map,12,730,HCA,1,315732,299926,1081,1081,26635
brc202d.map,12,740,HCA,1,319341,304298,1081,1081,13756
brc202d.map,12,750,HCA,1,324228,307778,1081,1081,19221
brc202d.map,12,760,HCA,1,328559,311385,1081,1081,14528
brc202d.map,12,490,PIBT_PLUS,1,226741,194694,1081,1081,961
brc202d.map,12,500,PIBT_PLUS,1,231422,198903,1081,1081,1001
brc202d.map,12,510,PIBT_PLUS,1,232691,201428,1081,1081,1254
brc202d.map,12,520,PIBT_PLUS,1,242683,206327,1081,1081,719
brc202d.map,12,530,PIBT_PLUS,1,246055,209557,1081,1081,1137
brc202d.map,12,540,PIBT_PLUS,1,251303,214396,1081,1081,617
brc202d.map,12,550,PIBT_PLUS,1,259697,219566,1081,1081,1679
brc202d.map,12,560,PIBT_PLUS,1,263466,223092,1081,1081,1206
brc202d.map,12,570,PIBT_PLUS,1,269304,227946,1081,1081,1316
brc202d.map,12,580,PIBT_PLUS,1,277316,233518,1081,1081,839
brc202d.map,12,590,PIBT_PLUS,1,286084,237958,1081,1081,1303
brc202d.map,12,600,PIBT_PLUS,1,288765,242470,1081,1081,1553
brc202d.map,12,610,PIBT_PLUS,1,293355,246971,1081,1081,974
brc202d.map,12,620,PIBT_PLUS,1,298295,251213,1081,1081,1371
brc202d.map,12,630,PIBT_PLUS,1,308086,257264,1081,1081,1656
brc202d.map,12,640,PIBT_PLUS,1,310272,261428,1081,1081,3058
brc202d.map,12,690,PIBT_PLUS,1,334152,280318,1081,1081,1964
brc202d.map,12,700,PIBT_PLUS,1,340302,286219,1081,1081,1739
brc202d.map,12,710,PIBT_PLUS,1,347081,290527,1081,1081,3111
brc202d.map,12,720,PIBT_PLUS,1,355396,294028,1081,1081,1201
brc202d.map,12,650,PIBT_PLUS,1,315123,265262,1081,1081,1838
brc202d.map,12,660,PIBT_PLUS,1,318908,269039,1081,1081,1780
brc202d.map,12,670,PIBT_PLUS,1,326027,272945,1081,1081,3879
brc202d.map,12,680,PIBT_PLUS,1,331883,276690,1081,1081,1196
brc202d.map,12,730,PIBT_PLUS,1,361601,299926,1081,1081,3415
brc202d.map,12,740,PIBT_PLUS,1,365506,304298,1081,1081,1032
brc202d.map,12,750,PIBT_PLUS,1,369494,307778,1081,1081,1969
brc202d.map,12,760,PIBT_PLUS,1,377076,311385,1081,1081,1398
brc202d.map,12,770,PIBT_PLUS,1,383902,315729,1081,1081,4030
brc202d.map,12,780,PIBT_PLUS,1,391534,321233,1081,1081,1529
brc202d.map,12,790,PIBT_PLUS,1,395593,324111,1081,1081,1580
brc202d.map,12,800,PIBT_PLUS,1,401273,329442,1081,1081,3703
brc202d.map,12,810,PIBT_PLUS,1,409549,335050,1081,1081,1192
brc202d.map,12,820,PIBT_PLUS,1,412834,337895,1081,1081,2007
brc202d.map,12,830,PIBT_PLUS,1,416542,342542,1081,1081,1384
brc202d.map,12,840,PIBT_PLUS,1,423635,346156,1081,1081,1297
brc202d.map,12,10,PushAndSwap,1,10818,4358,1434,770,105
brc202d.map,12,20,PushAndSwap,0,20600,8454,2001,862,215
brc202d.map,12,30,PushAndSwap,0,30547,11963,2001,862,212
brc202d.map,12,40,PushAndSwap,0,33872,15756,2001,1000,344
brc202d.map,12,50,PushAndSwap,0,41911,19792,2001,1000,379
brc202d.map,12,60,PushAndSwap,0,13554,23272,2001,1000,160
brc202d.map,12,70,PushAndSwap,0,16855,27932,2001,1000,164
brc202d.map,12,80,PushAndSwap,0,21737,32211,2001,1081,188
brc202d.map,12,850,PIBT_PLUS,1,427753,350417,1081,1081,1721
brc202d.map,12,860,PIBT_PLUS,1,433583,353610,1081,1081,3440
brc202d.map,12,870,PIBT_PLUS,1,438284,357182,1081,1081,1065
brc202d.map,12,880,PIBT_PLUS,1,444965,361979,1081,1081,887
brc202d.map,12,90,PushAndSwap,0,21858,36433,2001,1081,200
brc202d.map,12,100,PushAndSwap,0,25327,40151,2001,1081,232
brc202d.map,12,110,PushAndSwap,0,26308,44873,2001,1081,679
brc202d.map,12,120,PushAndSwap,0,28711,50361,2001,1081,309
brc202d.map,12,890,PIBT_PLUS,1,452875,366163,1081,1081,1590
brc202d.map,12,900,PIBT_PLUS,1,456233,370543,1081,1081,4284
brc202d.map,12,910,PIBT_PLUS,1,461526,374758,1081,1081,1725
brc202d.map,12,920,PIBT_PLUS,1,467550,377968,1081,1081,1809
brc202d.map,12,130,PushAndSwap,0,29258,55009,2001,1081,820
brc202d.map,12,140,PushAndSwap,0,29535,58323,2001,1081,455
brc202d.map,12,150,PushAndSwap,0,29604,62799,2001,1081,383
brc202d.map,12,160,PushAndSwap,0,29200,66970,2001,1081,811
brc202d.map,12,810,HCA,1,354410,335050,1081,1081,20574
brc202d.map,12,820,HCA,1,358271,337895,1081,1081,20787
brc202d.map,12,830,HCA,1,363176,342542,1081,1081,17517
brc202d.map,12,840,HCA,1,366911,346156,1081,1081,25689
brc202d.map,12,930,PIBT_PLUS,1,471106,382627,1081,1081,2942
brc202d.map,12,940,PIBT_PLUS,1,484112,387778,1081,1081,1810
brc202d.map,12,950,PIBT_PLUS,1,483419,392280,1081,1081,1924
brc202d.map,12,960,PIBT_PLUS,1,495022,396474,1081,1081,1637
brc202d.map,12,170,PushAndSwap,0,45026,70504,2001,1081,476
brc202d.map,12,180,PushAndSwap,0,35606,74743,2001,1081,594
brc202d.map,12,190,PushAndSwap,0,34629,78473,2001,1081,831
brc202d.map,12,200,PushAndSwap,0,35967,82591,2001,1081,861
brc202d.map,12,970,PIBT_PLUS,1,500324,400388,1081,1081,1623
brc202d.map,12,980,PIBT_PLUS,1,504965,404182,1081,1081,1487
brc202d.map,12,990,PIBT_PLUS,1,507299,405706,1081,1081,1531
brc202d.map,12,1000,PIBT_PLUS,1,511542,408951,1081,1081,1944
brc202d.map,12,210,PushAndSwap,0,25343,87345,2001,1081,728
brc202d.map,12,220,PushAndSwap,0,22006,90487,2001,1081,1218
brc202d.map,12,230,PushAndSwap,0,22982,93575,2001,1081,1133
brc202d.map,12,240,PushAndSwap,0,23479,96351,2001,1081,1550
brc202d.map,12,250,PushAndSwap,0,23875,100378,2001,1081,1278
brc202d.map,12,260,PushAndSwap,0,24149,104487,2001,1081,1805
brc202d.map,12,270,PushAndSwap,0,23658,107973,2001,1081,1327
brc202d.map,12,280,PushAndSwap,0,23867,111544,2001,1081,1794
brc202d.map,12,290,PushAndSwap,0,24054,114569,2001,1081,1561
brc202d.map,12,300,PushAndSwap,0,24209,117386,2001,1081,1844
brc202d.map,12,310,PushAndSwap,0,24386,120644,2001,1081,2050
brc202d.map,12,320,PushAndSwap,0,23840,124602,2001,1081,1656
brc202d.map,12,330,PushAndSwap,0,26008,128988,2001,1081,2259
brc202d.map,12,340,PushAndSwap,0,27654,132168,2001,1081,2331
brc202d.map,12,350,PushAndSwap,0,26082,137407,2001,1081,2139
brc202d.map,12,360,PushAndSwap,0,24433,140811,2001,1081,2956
brc202d.map,12,850,HCA,1,372611,350417,1081,1081,28269
brc202d.map,12,860,HCA,1,375441,353610,1081,1081,18600
brc202d.map,12,870,HCA,1,379031,357182,1081,1081,19947
brc202d.map,12,880,HCA,0,0,361979,-1,1081,30010
brc202d.map,12,370,PushAndSwap,0,24497,144761,2001,1081,2787
brc202d.map,12,380,PushAndSwap,0,25407,149035,2001,1081,3082
brc202d.map,12,390,PushAndSwap,0,25285,153604,2001,1081,3385
brc202d.map,12,400,PushAndSwap,0,25624,157292,2001,1081,3361
brc202d.map,12,410,PushAndSwap,0,25798,160474,2001,1081,2761
brc202d.map,12,420,PushAndSwap,0,26695,164336,2001,1081,3087
brc202d.map,12,430,PushAndSwap,0,26639,167433,2001,1081,4190
brc202d.map,12,440,PushAndSwap,0,26815,171337,2001,1081,3432
brc202d.map,12,890,HCA,1,388750,366163,1081,1081,24694
brc202d.map,12,900,HCA,1,392486,370543,1081,1081,20686
brc202d.map,12,910,HCA,1,397760,374758,1081,1081,29063
brc202d.map,12,920,HCA,0,0,377968,-1,1081,30005
brc202d.map,12,450,PushAndSwap,0,27896,176699,2001,1081,3729
brc202d.map,12,460,PushAndSwap,0,27887,180097,2001,1081,8595
brc202d.map,12,470,PushAndSwap,0,27772,185481,2001,1081,11915
brc202d.map,12,480,PushAndSwap,0,28839,189548,2001,1081,3798
brc202d.map,11,930,PushAndSwap --no-compress,-1,-1,-1,-1,-1,-1
brc202d.map,11,940,PushAndSwap --no-compress,-1,-1,-1,-1,-1,-1
brc202d.map,11,950,PushAndSwap --no-compress,-1,-1,-1,-1,-1,-1
brc202d.map,11,960,PushAndSwap --no-compress,-1,-1,-1,-1,-1,-1
brc202d.map,12,490,PushAndSwap,0,31240,194694,2001,1081,7430
brc202d.map,12,500,PushAndSwap,0,31953,198903,2001,1081,15525
brc202d.map,12,510,PushAndSwap,0,32431,201428,2001,1081,4217
brc202d.map,12,520,PushAndSwap,0,32290,206327,2001,1081,5461
brc202d.map,11,850,PushAndSwap --no-compress,-1,-1,-1,-1,-1,-1
brc202d.map,11,860,PushAndSwap --no-compress,-1,-1,-1,-1,-1,-1
brc202d.map,11,870,PushAndSwap --no-compress,0,240724249,361086,368348,1015,13102
brc202d.map,11,880,PushAndSwap --no-compress,-1,-1,-1,-1,-1,-1
brc202d.map,12,930,HCA,0,0,382627,-1,1081,30010
brc202d.map,12,940,HCA,1,413621,387778,1081,1081,28648
brc202d.map,12,950,HCA,0,0,392280,-1,1081,30036
brc202d.map,12,960,HCA,0,0,396474,-1,1081,30036
brc202d.map,10,810,PushAndSwap,0,47351,343265,2001,1023,279410
brc202d.map,10,820,PushAndSwap,-1,-1,-1,-1,-1,-1
brc202d.map,10,830,PushAndSwap,-1,-1,-1,-1,-1,-1
brc202d.map,10,840,PushAndSwap,-1,-1,-1,-1,-1,-1
brc202d.map,12,970,HCA,1,427251,400388,1081,1081,27390
brc202d.map,12,980,HCA,0,0,404182,-1,1081,30004
brc202d.map,12,990,HCA,0,0,405706,-1,1081,30005
brc202d.map,12,1000,HCA,0,0,408951,-1,1081,30003
brc202d.map,12,10,PushAndSwap --no-compress,0,32309,4358,4358,770,15
brc202d.map,12,20,PushAndSwap --no-compress,0,122921,8454,8454,862,28
brc202d.map,12,30,PushAndSwap --no-compress,0,257744,11963,11975,862,56
brc202d.map,12,40,PushAndSwap --no-compress,0,455545,15756,15774,1000,97
brc202d.map,12,50,PushAndSwap --no-compress,0,703256,19792,19810,1000,109
brc202d.map,12,60,PushAndSwap --no-compress,0,995319,23272,23302,1000,196
brc202d.map,12,70,PushAndSwap --no-compress,0,1380362,27932,27980,1000,131
brc202d.map,12,80,PushAndSwap --no-compress,0,1818715,32211,32259,1081,85
brc202d.map,12,90,PushAndSwap --no-compress,0,2291401,36433,36499,1081,108
brc202d.map,12,100,PushAndSwap --no-compress,0,2835145,40151,40281,1081,114
brc202d.map,12,110,PushAndSwap --no-compress,0,3471538,44873,45003,1081,119
brc202d.map,12,120,PushAndSwap --no-compress,0,4254570,50361,50503,1081,232
brc202d.map,12,130,PushAndSwap --no-compress,0,4988436,55009,55117,1081,339
brc202d.map,12,140,PushAndSwap --no-compress,0,5774275,58323,58449,1081,444
brc202d.map,12,150,PushAndSwap --no-compress,0,6633657,62799,62937,1081,483
brc202d.map,12,160,PushAndSwap --no-compress,0,7608221,66970,67144,1081,221
brc202d.map,12,170,PushAndSwap --no-compress,0,8545875,70504,70684,1081,575
brc202d.map,12,180,PushAndSwap --no-compress,0,9580551,74743,74947,1081,1099
brc202d.map,12,190,PushAndSwap --no-compress,0,10650912,78473,78691,1081,402
brc202d.map,12,200,PushAndSwap --no-compress,0,11824656,82591,83043,1081,463
brc202d.map,12,210,PushAndSwap --no-compress,0,13154766,87345,87921,1081,994
brc202d.map,12,220,PushAndSwap --no-compress,0,14340566,90487,91091,1081,1112
brc202d.map,12,230,PushAndSwap --no-compress,0,15524126,93575,94191,1081,735
brc202d.map,12,240,PushAndSwap --no-compress,0,16845638,96351,97065,1081,983
brc202d.map,12,250,PushAndSwap --no-compress,0,18350119,100378,101110,1081,2860
brc202d.map,12,260,PushAndSwap --no-compress,0,19872055,104487,105257,1081,643
brc202d.map,12,270,PushAndSwap --no-compress,0,21266857,107973,108773,1081,1755
brc202d.map,12,280,PushAndSwap --no-compress,0,22825827,111544,112384,1081,1144
brc202d.map,12,890,PushAndSwap,-1,-1,-1,-1,-1,-1
brc202d.map,12,900,PushAndSwap,-1,-1,-1,-1,-1,-1
brc202d.map,12,910,PushAndSwap,-1,-1,-1,-1,-1,-1
brc202d.map,12,920,PushAndSwap,-1,-1,-1,-1,-1,-1
brc202d.map,12,930,PushAndSwap,-1,-1,-1,-1,-1,-1
brc202d.map,12,940,PushAndSwap,-1,-1,-1,-1,-1,-1
brc202d.map,12,950,PushAndSwap,-1,-1,-1,-1,-1,-1
brc202d.map,12,960,PushAndSwap,-1,-1,-1,-1,-1,-1
brc202d.map,12,290,PushAndSwap --no-compress,0,24319308,114569,115433,1081,1076
brc202d.map,12,300,PushAndSwap --no-compress,0,25807498,117386,118272,1081,1752
brc202d.map,12,310,PushAndSwap --no-compress,0,27377873,120644,121548,1081,2242
brc202d.map,12,320,PushAndSwap --no-compress,0,29248247,124602,125584,1081,1002
brc202d.map,12,330,PushAndSwap --no-compress,0,31168787,128988,129986,1081,1785
brc202d.map,12,340,PushAndSwap --no-compress,0,33024185,132168,133344,1081,2641
brc202d.map,12,350,PushAndSwap --no-compress,0,35337885,137407,138633,1081,1300
brc202d.map,12,360,PushAndSwap --no-compress,0,37217982,140811,142063,1081,1779
brc202d.map,12,370,PushAndSwap --no-compress,0,39592704,144761,146103,1081,1250
brc202d.map,12,380,PushAndSwap --no-compress,0,41807322,149035,150413,1081,1956
brc202d.map,12,390,PushAndSwap --no-compress,0,44230738,153604,155004,1081,3299
brc202d.map,12,400,PushAndSwap --no-compress,0,46517994,157292,158704,1081,1413
brc202d.map,12,410,PushAndSwap --no-compress,0,48616855,160474,161940,1081,2211
brc202d.map,12,420,PushAndSwap --no-compress,0,51150871,164336,165856,1081,3543
brc202d.map,12,430,PushAndSwap --no-compress,0,53324153,167433,168845,1081,2067
brc202d.map,12,440,PushAndSwap --no-compress,0,55856704,171337,172863,1081,2419
brc202d.map,12,450,PushAndSwap --no-compress,0,58751096,176699,178267,1081,3632
brc202d.map,12,460,PushAndSwap --no-compress,0,61274704,180097,181841,1081,2230
brc202d.map,12,470,PushAndSwap --no-compress,0,64544473,185481,187281,1081,3496
brc202d.map,12,480,PushAndSwap --no-compress,0,67521558,189548,191454,1081,4521
brc202d.map,12,490,PushAndSwap --no-compress,0,70779481,194694,196648,1081,2500
brc202d.map,12,500,PushAndSwap --no-compress,0,73889707,198903,201105,1081,6341
brc202d.map,12,510,PushAndSwap --no-compress,0,76619646,201428,203686,1081,2364
brc202d.map,12,520,PushAndSwap --no-compress,0,79975880,206327,208663,1081,3626
brc202d.map,12,530,PushAndSwap --no-compress,0,82928802,209557,211951,1081,5488
brc202d.map,12,540,PushAndSwap --no-compress,0,86475958,214396,217106,1081,4502
brc202d.map,12,550,PushAndSwap --no-compress,0,90090191,219566,222330,1081,3320
brc202d.map,12,560,PushAndSwap --no-compress,0,93509558,223092,225936,1081,3607
brc202d.map,12,530,PushAndSwap,0,33421,209557,2001,1081,113116
brc202d.map,12,540,PushAndSwap,0,34496,214396,2001,1081,9594
brc202d.map,12,550,PushAndSwap,0,34519,219566,2001,1081,6351
brc202d.map,12,560,PushAndSwap,0,34458,223092,2001,1081,9558
brc202d.map,12,970,PushAndSwap,-1,-1,-1,-1,-1,-1
brc202d.map,12,980,PushAndSwap,-1,-1,-1,-1,-1,-1
brc202d.map,12,990,PushAndSwap,-1,-1,-1,-1,-1,-1
brc202d.map,12,1000,PushAndSwap,-1,-1,-1,-1,-1,-1
brc202d.map,12,570,PushAndSwap,0,36272,227946,2001,1081,119770
brc202d.map,12,580,PushAndSwap,0,38036,233518,2001,1081,6755
brc202d.map,12,590,PushAndSwap,0,38157,237958,2001,1081,21816
brc202d.map,12,600,PushAndSwap,0,39765,242470,2001,1081,12031
brc202d.map,12,850,PushAndSwap,-1,-1,-1,-1,-1,-1
brc202d.map,12,860,PushAndSwap,-1,-1,-1,-1,-1,-1
brc202d.map,12,870,PushAndSwap,-1,-1,-1,-1,-1,-1
brc202d.map,12,880,PushAndSwap,-1,-1,-1,-1,-1,-1
brc202d.map,12,570,PushAndSwap --no-compress,0,97189383,227946,230884,1081,4755
brc202d.map,12,580,PushAndSwap --no-compress,0,101106930,233518,236502,1081,4139
brc202d.map,12,590,PushAndSwap --no-compress,0,104741200,237958,241014,1081,3605
brc202d.map,12,600,PushAndSwap --no-compress,0,108839462,242470,245830,1081,6772
brc202d.map,10,810,PushAndSwap --no-compress,0,208497074,343265,347501,1023,10307
brc202d.map,10,820,PushAndSwap --no-compress,-1,-1,-1,-1,-1,-1
brc202d.map,10,830,PushAndSwap --no-compress,-1,-1,-1,-1,-1,-1
brc202d.map,10,840,PushAndSwap --no-compress,-1,-1,-1,-1,-1,-1
brc202d.map,11,810,PushAndSwap --no-compress,0,207805017,335075,341579,1015,15092
brc202d.map,11,820,PushAndSwap --no-compress,-1,-1,-1,-1,-1,-1
brc202d.map,11,830,PushAndSwap --no-compress,-1,-1,-1,-1,-1,-1
brc202d.map,11,840,PushAndSwap --no-compress,-1,-1,-1,-1,-1,-1
brc202d.map,12,850,PushAndSwap --no-compress,-1,-1,-1,-1,-1,-1
brc202d.map,12,860,PushAndSwap --no-compress,-1,-1,-1,-1,-1,-1
brc202d.map,12,870,PushAndSwap --no-compress,-1,-1,-1,-1,-1,-1
brc202d.map,12,880,PushAndSwap --no-compress,-1,-1,-1,-1,-1,-1
brc202d.map,11,810,PushAndSwap,-1,-1,-1,-1,-1,-1
brc202d.map,11,820,PushAndSwap,-1,-1,-1,-1,-1,-1
brc202d.map,11,830,PushAndSwap,-1,-1,-1,-1,-1,-1
brc202d.map,11,840,PushAndSwap,-1,-1,-1,-1,-1,-1
brc202d.map,13,10,PIBT,1,3449,3446,709,709,8
brc202d.map,13,20,PIBT,1,6920,6912,967,967,18
brc202d.map,13,30,PIBT,1,10973,10936,967,967,30
brc202d.map,13,40,PIBT,1,16064,15422,967,967,40
brc202d.map,13,50,PIBT,1,19481,18478,967,967,44
brc202d.map,13,60,PIBT,1,26734,24142,1013,1013,62
brc202d.map,13,70,PIBT,1,30734,28013,1013,1013,63
brc202d.map,13,80,PIBT,1,34795,31835,1013,1013,82
brc202d.map,13,90,PIBT,1,40494,36293,1013,1013,115
brc202d.map,13,100,PIBT,1,44043,40098,1013,1013,142
brc202d.map,13,110,PIBT,1,49604,44847,1013,1013,137
brc202d.map,13,120,PIBT,1,54568,50123,1013,1013,136
brc202d.map,13,130,PIBT,1,58918,53928,1013,1013,183
brc202d.map,13,140,PIBT,1,64174,57758,1013,1013,99
brc202d.map,13,150,PIBT,1,69403,62573,1013,1013,117
brc202d.map,13,160,PIBT,1,74994,67467,1013,1013,192
brc202d.map,13,170,PIBT,1,82179,73631,1042,1042,174
brc202d.map,13,180,PIBT,1,88635,78308,1042,1042,216
brc202d.map,13,190,PIBT,1,92290,81752,1042,1042,237
brc202d.map,13,200,PIBT,1,95734,85162,1042,1042,283
brc202d.map,13,210,PIBT,1,100101,89196,1042,1042,188
brc202d.map,13,220,PIBT,1,105708,93824,1042,1042,182
brc202d.map,13,230,PIBT,1,109717,97692,1042,1042,248
brc202d.map,13,240,PIBT,1,114746,102606,1042,1042,271
brc202d.map,13,250,PIBT,1,121305,106794,1042,1042,402
brc202d.map,13,260,PIBT,1,124896,110036,1042,1042,200
brc202d.map,13,270,PIBT,1,132271,115436,1042,1042,490
brc202d.map,13,280,PIBT,1,137353,119460,1042,1042,506
brc202d.map,13,290,PIBT,1,141500,122670,1042,1042,219
brc202d.map,13,300,PIBT,1,144647,125869,1042,1042,361
brc202d.map,13,310,PIBT,1,150254,130511,1042,1042,261
brc202d.map,13,320,PIBT,1,153505,133793,1042,1042,434
brc202d.map,12,890,PushAndSwap --no-compress,-1,-1,-1,-1,-1,-1
brc202d.map,12,900,PushAndSwap --no-compress,-1,-1,-1,-1,-1,-1
brc202d.map,12,910,PushAndSwap --no-compress,-1,-1,-1,-1,-1,-1
brc202d.map,12,920,PushAndSwap --no-compress,-1,-1,-1,-1,-1,-1
brc202d.map,13,330,PIBT,1,156529,137180,1042,1042,290
brc202d.map,13,340,PIBT,1,161817,139199,1042,1042,405
brc202d.map,13,350,PIBT,1,164840,142157,1042,1042,454
brc202d.map,13,360,PIBT,1,171085,145202,1042,1042,457
brc202d.map,13,370,PIBT,1,174738,149682,1042,1042,442
brc202d.map,13,380,PIBT,1,180984,154157,1042,1042,435
brc202d.map,13,390,PIBT,1,185412,157742,1042,1042,605
brc202d.map,13,400,PIBT,1,189501,161672,1042,1042,588
brc202d.map,13,410,PIBT,1,195666,166693,1042,1042,587
brc202d.map,13,420,PIBT,1,201574,170898,1042,1042,566
brc202d.map,13,430,PIBT,1,208983,175193,1042,1042,695
brc202d.map,13,440,PIBT,1,212140,179679,1042,1042,594
brc202d.map,13,450,PIBT,1,219133,183851,1042,1042,713
brc202d.map,13,460,PIBT,1,225748,188241,1042,1042,621
brc202d.map,13,470,PIBT,1,229668,192048,1042,1042,572
brc202d.map,13,480,PIBT,1,232512,195340,1042,1042,609
brc202d.map,13,490,PIBT,1,238660,200621,1042,1042,494
brc202d.map,13,500,PIBT,1,241994,203229,1042,1042,382
brc202d.map,13,510,PIBT,1,248188,207291,1042,1042,625
brc202d.map,13,520,PIBT,1,255502,211534,1042,1042,620
brc202d.map,13,530,PIBT,1,258477,216128,1042,1042,405
brc202d.map,13,540,PIBT,1,264976,220470,1042,1042,648
brc202d.map,13,550,PIBT,1,269844,224079,1042,1042,634
brc202d.map,13,560,PIBT,1,275160,228394,1042,1042,974
brc202d.map,13,570,PIBT,1,279606,231746,1042,1042,792
brc202d.map,13,580,PIBT,1,284860,236074,1042,1042,1023
brc202d.map,13,590,PIBT,1,290919,239989,1042,1042,992
brc202d.map,13,600,PIBT,1,297287,246451,1042,1042,914
brc202d.map,13,610,PIBT,1,303210,249549,1042,1042,1445
brc202d.map,13,620,PIBT,1,309151,255409,1042,1042,900
brc202d.map,13,630,PIBT,1,314898,258150,1042,1042,912
brc202d.map,13,640,PIBT,1,321466,262387,1042,1042,641
brc202d.map,13,650,PIBT,1,325206,266797,1042,1042,1510
brc202d.map,13,660,PIBT,1,329324,269443,1042,1042,803
brc202d.map,13,670,PIBT,1,337529,275343,1042,1042,628
brc202d.map,13,680,PIBT,1,342045,280379,1042,1042,951
brc202d.map,13,690,PIBT,1,349993,284486,1042,1042,694
brc202d.map,13,700,PIBT,1,354608,289114,1042,1042,1057
brc202d.map,13,710,PIBT,1,359303,293400,1042,1042,912
brc202d.map,13,720,PIBT,1,368533,298899,1044,1044,1195
brc202d.map,13,730,PIBT,1,371734,302837,1044,1044,1102
brc202d.map,13,740,PIBT,1,379927,306775,1044,1044,1209
brc202d.map,13,750,PIBT,1,384793,310304,1044,1044,1231
brc202d.map,13,760,PIBT,1,390640,313353,1044,1044,1016
brc202d.map,13,770,PIBT,1,394382,318291,1044,1044,1187
brc202d.map,13,780,PIBT,0,402638,321940,2000,1044,1009
brc202d.map,13,790,PIBT,1,406819,325673,1044,1044,1216
brc202d.map,13,800,PIBT,1,412573,330884,1082,1082,913
brc202d.map,12,930,PushAndSwap --no-compress,-1,-1,-1,-1,-1,-1
brc202d.map,12,940,PushAndSwap --no-compress,-1,-1,-1,-1,-1,-1
brc202d.map,12,950,PushAndSwap --no-compress,-1,-1,-1,-1,-1,-1
brc202d.map,12,960,PushAndSwap --no-compress,-1,-1,-1,-1,-1,-1
brc202d.map,13,810,PIBT,1,420033,333295,1082,1082,717
brc202d.map,13,820,PIBT,1,424196,338408,1082,1082,1515
brc202d.map,13,830,PIBT,1,433821,343547,1082,1082,1375
brc202d.map,13,840,PIBT,1,441193,348807,1082,1082,1050
brc202d.map,13,850,PIBT,1,447045,353551,1082,1082,2920
brc202d.map,13,860,PIBT,1,453369,357060,1082,1082,1040
brc202d.map,13,870,PIBT,1,457938,360548,1082,1082,999
brc202d.map,13,880,PIBT,1,462997,363671,1082,1082,1352
brc202d.map,11,730,PushAndSwap --no-compress,0,169321622,305112,310852,999,7641
brc202d.map,11,740,PushAndSwap --no-compress,0,174116503,309270,315070,999,8383
brc202d.map,11,750,PushAndSwap --no-compress,0,178032029,311317,317215,999,6352
brc202d.map,11,760,PushAndSwap --no-compress,0,182728078,314990,320914,1015,8793
brc202d.map,13,890,PIBT,1,467432,368196,1082,1082,988
brc202d.map,13,900,PIBT,0,477101,373037,2000,1082,1497
brc202d.map,13,910,PIBT,1,480401,375470,1082,1082,855
brc202d.map,13,920,PIBT,1,482927,379691,1082,1082,767
brc202d.map,12,650,PushAndSwap,0,41419,265262,2001,1081,121379
brc202d.map,12,660,PushAndSwap,0,41271,269039,2001,1081,12720
brc202d.map,12,670,PushAndSwap,0,40582,272945,2001,1081,149305
brc202d.map,12,680,PushAndSwap,0,40913,276690,2001,1081,17124
brc202d.map,13,930,PIBT,1,492727,383783,1082,1082,1004
brc202d.map,13,940,PIBT,1,497449,388898,1082,1082,1111
brc202d.map,13,950,PIBT,1,501291,391568,1082,1082,825
brc202d.map,13,960,PIBT,0,509391,395508,2000,1082,1141
brc202d.map,13,10,HCA,1,3446,3446,709,709,160
brc202d.map,13,20,HCA,1,6912,6912,967,967,323
brc202d.map,13,30,HCA,1,10944,10936,967,967,708
brc202d.map,13,40,HCA,1,15434,15422,967,967,447
brc202d.map,13,50,HCA,1,18688,18478,967,967,776
brc202d.map,13,60,HCA,1,24364,24142,1013,1013,793
brc202d.map,13,70,HCA,1,28243,28013,1013,1013,1887
brc202d.map,13,80,HCA,1,32391,31835,1013,1013,1124
brc202d.map,13,970,PIBT,1,511833,400203,1082,1082,1083
brc202d.map,13,980,PIBT,1,521267,403999,1082,1082,1134
brc202d.map,13,990,PIBT,1,524255,407311,1082,1082,1216
brc202d.map,13,1000,PIBT,0,531232,412439,2000,1082,1166
brc202d.map,13,90,HCA,1,36855,36293,1013,1013,780
brc202d.map,13,100,HCA,1,40638,40098,1013,1013,2228
brc202d.map,13,110,HCA,1,45398,44847,1013,1013,1126
brc202d.map,13,120,HCA,1,50708,50123,1013,1013,1681
brc202d.map,13,130,HCA,1,54559,53928,1013,1013,1488
brc202d.map,13,140,HCA,1,58419,57758,1013,1013,1314
brc202d.map,13,150,HCA,1,63285,62573,1013,1013,1251
brc202d.map,13,160,HCA,1,68189,67467,1013,1013,2435
brc202d.map,12,610,PushAndSwap,0,41248,246971,2001,1081,35847
brc202d.map,12,620,PushAndSwap,0,41417,251213,2001,1081,61602
brc202d.map,12,630,PushAndSwap,0,40916,257264,2001,1081,10320
brc202d.map,12,640,PushAndSwap,0,41125,261428,2001,1081,206752
brc202d.map,13,170,HCA,1,74508,73631,1042,1042,2772
brc202d.map,13,180,HCA,1,79408,78308,1042,1042,1513
brc202d.map,13,190,HCA,1,83343,81752,1042,1042,2491
brc202d.map,13,200,HCA,1,86933,85162,1042,1042,2815
brc202d.map,13,210,HCA,1,90773,89196,1042,1042,2758
brc202d.map,13,220,HCA,1,95409,93824,1042,1042,2569
brc202d.map,13,230,HCA,1,99520,97692,1042,1042,2621
brc202d.map,13,240,HCA,1,104305,102606,1042,1042,2152
brc202d.map,12,610,PushAndSwap --no-compress,0,112906161,246971,250405,1081,6009
brc202d.map,12,620,PushAndSwap --no-compress,0,116489706,251213,254713,1081,9862
brc202d.map,12,630,PushAndSwap --no-compress,0,121004193,257264,260824,1081,9015
brc202d.map,12,640,PushAndSwap --no-compress,0,125100842,261428,265054,1081,8425
brc202d.map,13,250,HCA,1,108532,106794,1042,1042,3713
brc202d.map,13,260,HCA,1,111783,110036,1042,1042,3436
brc202d.map,13,270,HCA,1,117414,115436,1042,1042,2938
brc202d.map,13,280,HCA,1,121613,119460,1042,1042,9023
brc202d.map,13,290,HCA,1,124960,122670,1042,1042,3793
brc202d.map,13,300,HCA,1,128167,125869,1042,1042,4160
brc202d.map,13,310,HCA,1,132835,130511,1042,1042,9968
brc202d.map,13,320,HCA,1,136430,133793,1042,1042,6052
brc202d.map,13,330,HCA,1,139808,137180,1042,1042,5222
brc202d.map,13,340,HCA,1,141832,139199,1042,1042,5565
brc202d.map,13,350,HCA,1,144812,142157,1042,1042,5286
brc202d.map,13,360,HCA,1,148045,145202,1042,1042,8724
brc202d.map,13,370,HCA,1,152798,149682,1042,1042,5257
brc202d.map,13,380,HCA,1,157291,154157,1042,1042,12142
brc202d.map,13,390,HCA,1,161422,157742,1042,1042,5442
brc202d.map,13,400,HCA,1,165723,161672,1042,1042,5880
brc202d.map,13,410,HCA,1,170898,166693,1042,1042,7509
brc202d.map,13,420,HCA,1,175098,170898,1042,1042,5788
brc202d.map,13,430,HCA,1,179589,175193,1042,1042,13913
brc202d.map,13,440,HCA,1,184248,179679,1042,1042,7070
brc202d.map,12,690,PushAndSwap --no-compress,0,144580654,280318,284318,1081,7876
brc202d.map,12,700,PushAndSwap --no-compress,0,149824370,286219,290591,1081,8317
brc202d.map,12,710,PushAndSwap --no-compress,0,154153033,290527,294945,1081,4535
brc202d.map,12,720,PushAndSwap --no-compress,0,158620034,294028,298522,1081,7782
brc202d.map,13,490,HCA,1,207325,200621,1042,1042,11424
brc202d.map,13,500,HCA,1,209950,203229,1042,1042,10293
brc202d.map,13,510,HCA,1,214715,207291,1042,1042,10149
brc202d.map,13,520,HCA,1,219277,211534,1042,1042,17390
brc202d.map,12,690,PushAndSwap,0,40962,280318,2001,1081,22288
brc202d.map,12,700,PushAndSwap,0,41157,286219,2001,1081,55012
brc202d.map,12,710,PushAndSwap,0,41076,290527,2001,1081,21790
brc202d.map,12,720,PushAndSwap,0,41351,294028,2001,1081,272040
brc202d.map,13,450,HCA,1,188905,183851,1042,1042,16751
brc202d.map,13,460,HCA,1,194575,188241,1042,1042,15299
brc202d.map,13,470,HCA,1,198671,192048,1042,1042,16291
brc202d.map,13,480,HCA,1,201947,195340,1042,1042,10770
brc202d.map,13,530,HCA,1,223919,216128,1042,1042,22958
brc202d.map,13,540,HCA,1,228560,220470,1042,1042,12941
brc202d.map,13,550,HCA,1,232199,224079,1042,1042,8047
brc202d.map,13,560,HCA,1,236991,228394,1042,1042,9241
brc202d.map,13,570,HCA,1,241270,231746,1042,1042,18481
brc202d.map,13,580,HCA,1,245847,236074,1042,1042,13244
brc202d.map,13,590,HCA,1,250011,239989,1042,1042,13742
brc202d.map,13,600,HCA,1,256302,246451,1042,1042,10755
brc202d.map,13,610,HCA,1,260805,249549,1042,1042,15413
brc202d.map,13,620,HCA,1,266778,255409,1042,1042,14710
brc202d.map,13,630,HCA,1,270347,258150,1042,1042,19017
brc202d.map,13,640,HCA,1,274692,262387,1042,1042,8532
brc202d.map,12,650,PushAndSwap --no-compress,0,128872758,265262,269032,1081,5105
brc202d.map,12,660,PushAndSwap --no-compress,0,132627460,269039,272867,1081,8684
brc202d.map,12,670,PushAndSwap --no-compress,0,136460844,272945,276815,1081,4590
brc202d.map,12,680,PushAndSwap --no-compress,0,140514687,276690,280612,1081,5844
brc202d.map,13,10,PIBT_PLUS,1,3449,3446,709,709,9
brc202d.map,13,20,PIBT_PLUS,1,6920,6912,967,967,21
brc202d.map,13,30,PIBT_PLUS,1,10973,10936,967,967,28
brc202d.map,13,40,PIBT_PLUS,1,16064,15422,967,967,42
brc202d.map,13,50,PIBT_PLUS,1,19481,18478,967,967,46
brc202d.map,13,60,PIBT_PLUS,1,26734,24142,1013,1013,57
brc202d.map,13,70,PIBT_PLUS,1,30734,28013,1013,1013,66
brc202d.map,13,80,PIBT_PLUS,1,34795,31835,1013,1013,88
brc202d.map,13,90,PIBT_PLUS,1,40494,36293,1013,1013,176
brc202d.map,13,100,PIBT_PLUS,1,44043,40098,1013,1013,200
brc202d.map,13,110,PIBT_PLUS,1,49604,44847,1013,1013,222
brc202d.map,13,120,PIBT_PLUS,1,54568,50123,1013,1013,206
brc202d.map,11,690,PushAndSwap,0,35921,288930,2001,999,260906
brc202d.map,11,700,PushAndSwap,0,38059,293760,2001,999,138687
brc202d.map,11,710,PushAndSwap,0,38323,297761,2001,999,19690
brc202d.map,11,720,PushAndSwap,0,38430,301789,2001,999,412078
brc202d.map,13,130,PIBT_PLUS,1,58918,53928,1013,1013,129
brc202d.map,13,140,PIBT_PLUS,1,64174,57758,1013,1013,147
brc202d.map,13,150,PIBT_PLUS,1,69403,62573,1013,1013,151
brc202d.map,13,160,PIBT_PLUS,1,74994,67467,1013,1013,336
brc202d.map,13,170,PIBT_PLUS,1,82179,73631,1042,1042,168
brc202d.map,13,180,PIBT_PLUS,1,88635,78308,1042,1042,386
brc202d.map,13,190,PIBT_PLUS,1,92290,81752,1042,1042,347
brc202d.map,13,200,PIBT_PLUS,1,95734,85162,1042,1042,469
brc202d.map,13,210,PIBT_PLUS,1,100101,89196,1042,1042,270
brc202d.map,13,220,PIBT_PLUS,1,105708,93824,1042,1042,440
brc202d.map,13,230,PIBT_PLUS,1,109717,97692,1042,1042,367
brc202d.map,13,240,PIBT_PLUS,1,114746,102606,1042,1042,488
brc202d.map,11,770,PushAndSwap --no-compress,0,186821485,317497,323527,1015,13936
brc202d.map,11,780,PushAndSwap --no-compress,0,191925984,321870,328058,1015,7094
brc202d.map,11,790,PushAndSwap --no-compress,0,196191049,324811,331081,1015,7507
brc202d.map,11,800,PushAndSwap --no-compress,0,202058206,330374,336698,1015,10146
brc202d.map,13,250,PIBT_PLUS,1,121305,106794,1042,1042,509
brc202d.map,13,260,PIBT_PLUS,1,124896,110036,1042,1042,541
brc202d.map,13,270,PIBT_PLUS,1,132271,115436,1042,1042,246
brc202d.map,13,280,PIBT_PLUS,1,137353,119460,1042,1042,290
brc202d.map,13,650,HCA,1,279224,266797,1042,1042,17237
brc202d.map,13,660,HCA,1,283052,269443,1042,1042,17427
brc202d.map,13,670,HCA,1,288185,275343,1042,1042,17153
brc202d.map,13,680,HCA,1,294210,280379,1042,1042,16054
brc202d.map,13,290,PIBT_PLUS,1,141500,122670,1042,1042,277
brc202d.map,13,300,PIBT_PLUS,1,144647,125869,1042,1042,304
brc202d.map,13,310,PIBT_PLUS,1,150254,130511,1042,1042,325
brc202d.map,13,320,PIBT_PLUS,1,153505,133793,1042,1042,343
brc202d.map,13,330,PIBT_PLUS,1,156529,137180,1042,1042,332
brc202d.map,13,340,PIBT_PLUS,1,161817,139199,1042,1042,367
brc202d.map,13,350,PIBT_PLUS,1,164840,142157,1042,1042,360
brc202d.map,13,360,PIBT_PLUS,1,171085,145202,1042,1042,500
brc202d.map,10,730,PushAndSwap,0,60683,307748,2001,1023,332783
brc202d.map,10,740,PushAndSwap,0,60768,311315,2001,1023,387511
brc202d.map,10,750,PushAndSwap,0,58976,316295,2001,1023,30185
brc202d.map,10,760,PushAndSwap,0,58387,321509,2001,1023,399684
brc202d.map,13,370,PIBT_PLUS,1,174738,149682,1042,1042,389
brc202d.map,13,380,PIBT_PLUS,1,180984,154157,1042,1042,511
brc202d.map,13,390,PIBT_PLUS,1,185412,157742,1042,1042,537
brc202d.map,13,400,PIBT_PLUS,1,189501,161672,1042,1042,758
brc202d.map,13,410,PIBT_PLUS,1,195666,166693,1042,1042,498
brc202d.map,13,420,PIBT_PLUS,1,201574,170898,1042,1042,758
brc202d.map,13,430,PIBT_PLUS,1,208983,175193,1042,1042,761
brc202d.map,13,440,PIBT_PLUS,1,212140,179679,1042,1042,824
brc202d.map,13,450,PIBT_PLUS,1,219133,183851,1042,1042,726
brc202d.map,13,460,PIBT_PLUS,1,225748,188241,1042,1042,758
brc202d.map,13,470,PIBT_PLUS,1,229668,192048,1042,1042,859
brc202d.map,13,480,PIBT_PLUS,1,232512,195340,1042,1042,1149
brc202d.map,12,770,PushAndSwap --no-compress,0,181720617,315729,320573,1081,9065
brc202d.map,12,780,PushAndSwap --no-compress,0,187681550,321233,326343,1081,9726
brc202d.map,12,790,PushAndSwap --no-compress,0,192454514,324111,329315,1081,6178
brc202d.map,12,800,PushAndSwap --no-compress,0,198004138,329442,334730,1081,7376
brc202d.map,13,490,PIBT_PLUS,1,238660,200621,1042,1042,616
brc202d.map,13,500,PIBT_PLUS,1,241994,203229,1042,1042,969
brc202d.map,13,510,PIBT_PLUS,1,248188,207291,1042,1042,1163
brc202d.map,13,520,PIBT_PLUS,1,255502,211534,1042,1042,873
brc202d.map,13,530,PIBT_PLUS,1,258477,216128,1042,1042,747
brc202d.map,13,540,PIBT_PLUS,1,264976,220470,1042,1042,1126
brc202d.map,13,550,PIBT_PLUS,1,269844,224079,1042,1042,999
brc202d.map,13,560,PIBT_PLUS,1,275160,228394,1042,1042,1412
brc202d.map,13,570,PIBT_PLUS,1,279606,231746,1042,1042,723
brc202d.map,13,580,PIBT_PLUS,1,284860,236074,1042,1042,889
brc202d.map,13,590,PIBT_PLUS,1,290919,239989,1042,1042,953
brc202d.map,13,600,PIBT_PLUS,1,297287,246451,1042,1042,889
brc202d.map,13,610,PIBT_PLUS,1,303210,249549,1042,1042,1064
brc202d.map,13,620,PIBT_PLUS,1,309151,255409,1042,1042,817
brc202d.map,13,630,PIBT_PLUS,1,314898,258150,1042,1042,871
brc202d.map,13,640,PIBT_PLUS,1,321466,262387,1042,1042,1503
brc202d.map,13,650,PIBT_PLUS,1,325206,266797,1042,1042,1019
brc202d.map,13,660,PIBT_PLUS,1,329324,269443,1042,1042,1345
brc202d.map,13,670,PIBT_PLUS,1,337529,275343,1042,1042,1927
brc202d.map,13,680,PIBT_PLUS,1,342045,280379,1042,1042,1605
brc202d.map,12,730,PushAndSwap --no-compress,0,163991897,299926,304458,1081,9800
brc202d.map,12,740,PushAndSwap --no-compress,0,168574648,304298,308876,1081,7082
brc202d.map,12,750,PushAndSwap --no-compress,0,172833945,307778,312472,1081,7019
brc202d.map,12,760,PushAndSwap --no-compress,0,177109907,311385,316155,1081,5675
brc202d.map,13,690,PIBT_PLUS,1,349993,284486,1042,1042,1492
brc202d.map,13,700,PIBT_PLUS,1,354608,289114,1042,1042,1793
brc202d.map,13,710,PIBT_PLUS,1,359303,293400,1042,1042,1731
brc202d.map,13,720,PIBT_PLUS,1,368533,298899,1044,1044,860
brc202d.map,13,730,PIBT_PLUS,1,371734,302837,1044,1044,1565
brc202d.map,13,740,PIBT_PLUS,1,379927,306775,1044,1044,1841
brc202d.map,13,750,PIBT_PLUS,1,384793,310304,1044,1044,1547
brc202d.map,13,760,PIBT_PLUS,1,390640,313353,1044,1044,1564
brc202d.map,13,10,PushAndSwap,1,5815,3446,854,709,157
brc202d.map,13,20,PushAndSwap,1,25502,6912,1761,967,111
brc202d.map,13,30,PushAndSwap,0,34515,10936,2001,967,242
brc202d.map,13,40,PushAndSwap,0,47216,15422,2001,967,149
brc202d.map,13,690,HCA,1,298270,284486,1042,1042,19958
brc202d.map,13,700,HCA,1,302706,289114,1042,1042,26145
brc202d.map,13,710,HCA,1,306962,293400,1042,1042,14849
brc202d.map,13,720,HCA,1,313001,298899,1044,1044,16360
brc202d.map,13,50,PushAndSwap,0,23519,18478,2001,967,196
brc202d.map,13,60,PushAndSwap,0,26773,24142,2001,1013,450
brc202d.map,13,70,PushAndSwap,0,31518,28013,2001,1013,357
brc202d.map,13,80,PushAndSwap,0,36936,31835,2001,1013,581
brc202d.map,13,770,PIBT_PLUS,1,394382,318291,1044,1044,2346
brc202d.map,13,780,PIBT_PLUS,1,403990,321940,1054,1044,1224
brc202d.map,13,790,PIBT_PLUS,1,406819,325673,1044,1044,1409
brc202d.map,13,800,PIBT_PLUS,1,412573,330884,1082,1082,1695
brc202d.map,13,90,PushAndSwap,0,39744,36293,2001,1013,428
brc202d.map,13,100,PushAndSwap,0,16676,40098,2001,1013,466
brc202d.map,13,110,PushAndSwap,0,19994,44847,2001,1013,491
brc202d.map,13,120,PushAndSwap,0,26379,50123,2001,1013,494
brc202d.map,13,810,PIBT_PLUS,1,420033,333295,1082,1082,1382
brc202d.map,13,820,PIBT_PLUS,1,424196,338408,1082,1082,973
brc202d.map,13,830,PIBT_PLUS,1,433821,343547,1082,1082,1141
brc202d.map,13,840,PIBT_PLUS,1,441193,348807,1082,1082,1262
brc202d.map,13,850,PIBT_PLUS,1,447045,353551,1082,1082,1798
brc202d.map,13,860,PIBT_PLUS,1,453369,357060,1082,1082,1700
brc202d.map,13,870,PIBT_PLUS,1,457938,360548,1082,1082,1957
brc202d.map,13,880,PIBT_PLUS,1,462997,363671,1082,1082,1300
brc202d.map,13,130,PushAndSwap,0,29311,53928,2001,1013,400
brc202d.map,13,140,PushAndSwap,0,31126,57758,2001,1013,454
brc202d.map,13,150,PushAndSwap,0,23591,62573,2001,1013,641
brc202d.map,13,160,PushAndSwap,0,25071,67467,2001,1013,694
brc202d.map,13,170,PushAndSwap,0,27028,73631,2001,1042,725
brc202d.map,13,180,PushAndSwap,0,31131,78308,2001,1042,961
brc202d.map,13,190,PushAndSwap,0,31811,81752,2001,1042,902
brc202d.map,13,200,PushAndSwap,0,31844,85162,2001,1042,1105
brc202d.map,13,890,PIBT_PLUS,1,467432,368196,1082,1082,1651
brc202d.map,13,900,PIBT_PLUS,1,478517,373037,1092,1082,2822
brc202d.map,13,910,PIBT_PLUS,1,480401,375470,1082,1082,1218
brc202d.map,13,920,PIBT_PLUS,1,482927,379691,1082,1082,1328
brc202d.map,13,730,HCA,1,317659,302837,1044,1044,29677
brc202d.map,13,740,HCA,1,321083,306775,1044,1044,25300
brc202d.map,13,750,HCA,1,325436,310304,1044,1044,12698
brc202d.map,13,760,HCA,1,329392,313353,1044,1044,16997
brc202d.map,13,930,PIBT_PLUS,1,492727,383783,1082,1082,2086
brc202d.map,13,940,PIBT_PLUS,1,497449,388898,1082,1082,1962
brc202d.map,13,950,PIBT_PLUS,1,501291,391568,1082,1082,1385
brc202d.map,13,960,PIBT_PLUS,1,510803,395508,1092,1082,1727
brc202d.map,13,210,PushAndSwap,0,32144,89196,2001,1042,970
brc202d.map,13,220,PushAndSwap,0,32628,93824,2001,1042,1137
brc202d.map,13,230,PushAndSwap,0,33983,97692,2001,1042,1387
brc202d.map,13,240,PushAndSwap,0,33991,102606,2001,1042,1287
brc202d.map,13,250,PushAndSwap,0,32189,106794,2001,1042,1100
brc202d.map,13,260,PushAndSwap,0,33907,110036,2001,1042,1497
brc202d.map,13,270,PushAndSwap,0,37882,115436,2001,1042,1496
brc202d.map,13,280,PushAndSwap,0,37606,119460,2001,1042,2022
brc202d.map,13,970,PIBT_PLUS,1,511833,400203,1082,1082,1422
brc202d.map,13,980,PIBT_PLUS,1,521267,403999,1082,1082,1305
brc202d.map,13,990,PIBT_PLUS,1,524255,407311,1082,1082,1754
brc202d.map,13,1000,PIBT_PLUS,1,532644,412439,1092,1082,3701
brc202d.map,13,290,PushAndSwap,0,38418,122670,2001,1042,1645
brc202d.map,13,300,PushAndSwap,0,38324,125869,2001,1042,1924
brc202d.map,13,310,PushAndSwap,0,37718,130511,2001,1042,2056
brc202d.map,13,320,PushAndSwap,0,38240,133793,2001,1042,2167
brc202d.map,13,330,PushAndSwap,0,38539,137180,2001,1042,2050
brc202d.map,13,340,PushAndSwap,0,38534,139199,2001,1042,2114
brc202d.map,13,350,PushAndSwap,0,38441,142157,2001,1042,2699
brc202d.map,13,360,PushAndSwap,0,39351,145202,2001,1042,2724
brc202d.map,13,370,PushAndSwap,0,39484,149682,2001,1042,2443
brc202d.map,13,380,PushAndSwap,0,40507,154157,2001,1042,3388
brc202d.map,13,390,PushAndSwap,0,41595,157742,2001,1042,3596
brc202d.map,13,400,PushAndSwap,0,41756,161672,2001,1042,3277
brc202d.map,11,730,PushAndSwap,0,39243,305112,2001,999,282376
brc202d.map,11,740,PushAndSwap,0,40549,309270,2001,999,11686
brc202d.map,11,750,PushAndSwap,0,40542,311317,2001,999,118048
brc202d.map,11,760,PushAndSwap,0,47125,314990,2001,1015,457221
brc202d.map,13,410,PushAndSwap,0,41815,166693,2001,1042,3235
brc202d.map,13,420,PushAndSwap,0,41743,170898,2001,1042,3924
brc202d.map,13,430,PushAndSwap,0,43054,175193,2001,1042,4128
brc202d.map,13,440,PushAndSwap,0,43659,179679,2001,1042,5808
brc202d.map,13,810,HCA,0,0,333295,-1,1082,30030
brc202d.map,13,820,HCA,1,356790,338408,1082,1082,13737
brc202d.map,13,830,HCA,1,362850,343547,1082,1082,22023
brc202d.map,13,840,HCA,1,368132,348807,1082,1082,28379
brc202d.map,13,770,HCA,1,335759,318291,1044,1044,24743
brc202d.map,13,780,HCA,1,338992,321940,1044,1044,24309
brc202d.map,13,790,HCA,1,342916,325673,1044,1044,19374
brc202d.map,13,800,HCA,0,0,330884,-1,1082,30064
brc202d.map,13,490,PushAndSwap,0,49528,200621,2001,1042,7392
brc202d.map,13,500,PushAndSwap,0,49863,203229,2001,1042,8625
brc202d.map,13,510,PushAndSwap,0,45226,207291,2001,1042,11649
brc202d.map,13,520,PushAndSwap,0,45565,211534,2001,1042,4611
brc202d.map,13,450,PushAndSwap,0,43697,183851,2001,1042,4331
brc202d.map,13,460,PushAndSwap,0,49664,188241,2001,1042,6121
brc202d.map,13,470,PushAndSwap,0,50831,192048,2001,1042,7491
brc202d.map,13,480,PushAndSwap,0,50414,195340,2001,1042,19431
brc202d.map,12,970,PushAndSwap --no-compress,-1,-1,-1,-1,-1,-1
brc202d.map,12,980,PushAndSwap --no-compress,-1,-1,-1,-1,-1,-1
brc202d.map,12,990,PushAndSwap --no-compress,-1,-1,-1,-1,-1,-1
brc202d.map,12,1000,PushAndSwap --no-compress,-1,-1,-1,-1,-1,-1
brc202d.map,13,10,PushAndSwap --no-compress,0,24258,3446,3446,709,18
brc202d.map,13,20,PushAndSwap --no-compress,0,98080,6912,6912,967,24
brc202d.map,13,30,PushAndSwap --no-compress,0,226915,10936,10948,967,53
brc202d.map,13,40,PushAndSwap --no-compress,0,427401,15422,15434,967,44
brc202d.map,13,50,PushAndSwap --no-compress,0,661764,18478,18510,967,107
brc202d.map,13,60,PushAndSwap --no-compress,0,1039045,24142,24174,1013,100
brc202d.map,13,70,PushAndSwap --no-compress,0,1394657,28013,28045,1013,110
brc202d.map,13,80,PushAndSwap --no-compress,0,1803767,31835,31867,1013,136
brc202d.map,13,850,HCA,1,373811,353551,1082,1082,28557
brc202d.map,13,860,HCA,1,378383,357060,1082,1082,18638
brc202d.map,13,870,HCA,1,381022,360548,1082,1082,23742
brc202d.map,13,880,HCA,0,0,363671,-1,1082,30005
brc202d.map,13,90,PushAndSwap --no-compress,0,2297039,36293,36331,1013,204
brc202d.map,13,100,PushAndSwap --no-compress,0,2818689,40098,40136,1013,127
brc202d.map,13,110,PushAndSwap --no-compress,0,3497714,44847,44909,1013,246
brc202d.map,13,120,PushAndSwap --no-compress,0,4254906,50123,50185,1013,151
brc202d.map,13,130,PushAndSwap --no-compress,0,4965954,53928,54002,1013,374
brc202d.map,13,140,PushAndSwap --no-compress,0,5726085,57758,57856,1013,457
brc202d.map,13,150,PushAndSwap --no-compress,0,6660704,62573,62669,1013,540
brc202d.map,13,160,PushAndSwap --no-compress,0,7614802,67467,67587,1013,359
brc202d.map,13,170,PushAndSwap --no-compress,0,8809198,73631,73843,1042,592
brc202d.map,13,180,PushAndSwap --no-compress,0,9918458,78308,78552,1042,658
brc202d.map,13,190,PushAndSwap --no-compress,0,10990141,81752,82220,1042,589
brc202d.map,13,200,PushAndSwap --no-compress,0,12112215,85162,85940,1042,521
brc202d.map,13,890,HCA,1,391239,368196,1082,1082,26360
brc202d.map,13,900,HCA,1,396326,373037,1082,1082,18493
brc202d.map,13,910,HCA,1,398735,375470,1082,1082,28669
brc202d.map,13,920,HCA,0,0,379691,-1,1082,30007
brc202d.map,13,210,PushAndSwap --no-compress,0,13347617,89196,89984,1042,776
brc202d.map,13,220,PushAndSwap --no-compress,0,14678578,93824,94672,1042,701
brc202d.map,13,230,PushAndSwap --no-compress,0,15919144,97692,98318,1042,476
brc202d.map,13,240,PushAndSwap --no-compress,0,17425406,102606,103262,1042,824
brc202d.map,13,250,PushAndSwap --no-compress,0,18932102,106794,107488,1042,1042
brc202d.map,13,260,PushAndSwap --no-compress,0,20426564,110036,110766,1042,1813
brc202d.map,13,270,PushAndSwap --no-compress,0,22287070,115436,116192,1042,543
brc202d.map,13,280,PushAndSwap --no-compress,0,24161394,119460,120286,1042,915
brc202d.map,13,530,PushAndSwap,0,43952,216128,2001,1042,9334
brc202d.map,13,540,PushAndSwap,0,44099,220470,2001,1042,7966
brc202d.map,13,550,PushAndSwap,0,44133,224079,2001,1042,32261
brc202d.map,13,560,PushAndSwap,0,44074,228394,2001,1042,6644
brc202d.map,13,290,PushAndSwap --no-compress,0,25810525,122670,123528,1042,2303
brc202d.map,13,300,PushAndSwap --no-compress,0,27545943,125869,126787,1042,642
brc202d.map,13,310,PushAndSwap --no-compress,0,29490651,130511,131455,1042,1173
brc202d.map,13,320,PushAndSwap --no-compress,0,31369894,133793,134797,1042,980
brc202d.map,13,330,PushAndSwap --no-compress,0,33262954,137180,138208,1042,2223
brc202d.map,13,340,PushAndSwap --no-compress,0,34854282,139199,140269,1042,1093
brc202d.map,13,350,PushAndSwap --no-compress,0,36611223,142157,143239,1042,862
brc202d.map,13,360,PushAndSwap --no-compress,0,38614865,145202,146332,1042,1225
brc202d.map,12,810,PushAndSwap --no-compress,-1,-1,-1,-1,-1,-1
brc202d.map,12,820,PushAndSwap --no-compress,0,209074354,337895,344183,1081,10760
brc202d.map,12,830,PushAndSwap --no-compress,0,214190375,342542,348984,1081,8648
brc202d.map,12,840,PushAndSwap --no-compress,0,219426543,346156,352576,1081,8583
brc202d.map,13,650,PushAndSwap,0,35733,266797,2001,1042,15997
brc202d.map,13,660,PushAndSwap,0,36352,269443,2001,1042,14241
brc202d.map,13,670,PushAndSwap,0,37408,275343,2001,1042,16776
brc202d.map,13,680,PushAndSwap,0,36218,280379,2001,1042,7120
brc202d.map,13,370,PushAndSwap --no-compress,0,40951375,149682,150898,1042,1094
brc202d.map,13,380,PushAndSwap --no-compress,0,43330009,154157,155409,1042,1285
brc202d.map,13,390,PushAndSwap --no-compress,0,45491810,157742,159036,1042,1406
brc202d.map,13,400,PushAndSwap --no-compress,0,47834878,161672,163138,1042,1229
brc202d.map,13,410,PushAndSwap --no-compress,0,50464236,166693,168167,1042,1525
brc202d.map,13,420,PushAndSwap --no-compress,0,53151007,170898,172588,1042,1491
brc202d.map,13,430,PushAndSwap --no-compress,0,55775327,175193,177009,1042,1415
brc202d.map,13,440,PushAndSwap --no-compress,0,58409497,179679,181531,1042,1824
brc202d.map,13,930,HCA,0,0,383783,-1,1082,30005
brc202d.map,13,940,HCA,1,414817,388898,1082,1082,26428
brc202d.map,13,950,HCA,0,0,391568,-1,1082,30005
brc202d.map,13,960,HCA,1,422732,395508,1082,1082,22026
brc202d.map,13,450,PushAndSwap --no-compress,0,60956038,183851,185743,1042,1583
brc202d.map,13,460,PushAndSwap --no-compress,0,63717897,188241,190367,1042,1584
brc202d.map,13,470,PushAndSwap --no-compress,0,66589792,192048,194412,1042,2578
brc202d.map,13,480,PushAndSwap --no-compress,0,69142783,195340,197538,1042,2465
brc202d.map,13,490,PushAndSwap --no-compress,0,72454419,200621,203155,1042,2087
brc202d.map,13,500,PushAndSwap --no-compress,0,75006450,203229,206003,1042,1732
brc202d.map,13,510,PushAndSwap --no-compress,0,78243279,207291,210163,1042,3488
brc202d.map,13,520,PushAndSwap --no-compress,0,81510446,211534,214544,1042,3417
brc202d.map,13,610,PushAndSwap,0,38163,249549,2001,1042,13031
brc202d.map,13,620,PushAndSwap,0,38023,255409,2001,1042,29050
brc202d.map,13,630,PushAndSwap,0,39445,258150,2001,1042,14904
brc202d.map,13,640,PushAndSwap,0,39285,262387,2001,1042,13358
brc202d.map,13,530,PushAndSwap --no-compress,0,85014516,216128,219288,1042,2080
brc202d.map,13,540,PushAndSwap --no-compress,0,88756870,220470,223724,1042,3749
brc202d.map,13,550,PushAndSwap --no-compress,0,91855930,224079,227401,1042,3847
brc202d.map,13,560,PushAndSwap --no-compress,0,95679543,228394,231736,1042,3671
brc202d.map,13,970,HCA,0,0,400203,-1,1082,30001
brc202d.map,13,980,HCA,0,0,403999,-1,1082,30013
brc202d.map,13,990,HCA,0,0,407311,-1,1082,30007
brc202d.map,13,1000,HCA,0,0,412439,-1,1082,30238
brc202d.map,13,570,PushAndSwap --no-compress,0,98922061,231746,235126,1042,3333
brc202d.map,13,580,PushAndSwap --no-compress,0,102786054,236074,239708,1042,2779
brc202d.map,13,590,PushAndSwap --no-compress,0,106342121,239989,243809,1042,4480
brc202d.map,13,600,PushAndSwap --no-compress,0,110670663,246451,250257,1042,4172
brc202d.map,13,970,PushAndSwap,-1,-1,-1,-1,-1,-1
brc202d.map,13,980,PushAndSwap,-1,-1,-1,-1,-1,-1
brc202d.map,13,990,PushAndSwap,-1,-1,-1,-1,-1,-1
brc202d.map,13,1000,PushAndSwap,-1,-1,-1,-1,-1,-1
brc202d.map,13,930,PushAndSwap,-1,-1,-1,-1,-1,-1
brc202d.map,13,940,PushAndSwap,-1,-1,-1,-1,-1,-1
brc202d.map,13,950,PushAndSwap,-1,-1,-1,-1,-1,-1
brc202d.map,13,960,PushAndSwap,-1,-1,-1,-1,-1,-1
brc202d.map,14,10,PIBT,1,4680,4667,1043,1043,9
brc202d.map,14,20,PIBT,1,9155,9118,1043,1043,18
brc202d.map,14,30,PIBT,1,12085,11977,1043,1043,33
brc202d.map,14,40,PIBT,1,17316,17110,1043,1043,42
brc202d.map,14,50,PIBT,1,21371,20851,1043,1043,66
brc202d.map,14,60,PIBT,1,26082,25106,1043,1043,84
brc202d.map,14,70,PIBT,1,31237,29473,1043,1043,75
brc202d.map,14,80,PIBT,1,35601,32453,1043,1043,60
brc202d.map,14,90,PIBT,1,39035,36105,1043,1043,63
brc202d.map,14,100,PIBT,1,44162,40565,1043,1043,113
brc202d.map,14,110,PIBT,1,49881,45636,1043,1043,231
brc202d.map,14,120,PIBT,1,54429,49687,1043,1043,211
brc202d.map,14,130,PIBT,1,58772,53624,1043,1043,88
brc202d.map,14,140,PIBT,1,62014,56848,1043,1043,164
brc202d.map,14,150,PIBT,1,66750,61005,1043,1043,168
brc202d.map,14,160,PIBT,1,71498,65761,1043,1043,229
brc202d.map,14,170,PIBT,1,76840,70138,1043,1043,142
brc202d.map,14,180,PIBT,1,81724,75112,1043,1043,230
brc202d.map,14,190,PIBT,1,87646,79246,1043,1043,408
brc202d.map,14,200,PIBT,1,92211,83940,1043,1043,152
brc202d.map,14,210,PIBT,1,98191,89558,1043,1043,195
brc202d.map,14,220,PIBT,1,102302,93541,1043,1043,253
brc202d.map,14,230,PIBT,1,109811,99335,1043,1043,336
brc202d.map,14,240,PIBT,1,115206,103286,1043,1043,359
brc202d.map,13,890,PushAndSwap,-1,-1,-1,-1,-1,-1
brc202d.map,13,900,PushAndSwap,-1,-1,-1,-1,-1,-1
brc202d.map,13,910,PushAndSwap,-1,-1,-1,-1,-1,-1
brc202d.map,13,920,PushAndSwap,-1,-1,-1,-1,-1,-1
brc202d.map,14,250,PIBT,1,118999,106668,1043,1043,531
brc202d.map,14,260,PIBT,1,121732,108719,1043,1043,226
brc202d.map,14,270,PIBT,1,127157,112328,1043,1043,541
brc202d.map,14,280,PIBT,1,129448,114694,1043,1043,223
brc202d.map,14,290,PIBT,1,135981,117936,1043,1043,735
brc202d.map,14,300,PIBT,1,140996,122982,1043,1043,467
brc202d.map,14,310,PIBT,1,145229,127232,1043,1043,217
brc202d.map,14,320,PIBT,1,152215,132985,1043,1043,399
brc202d.map,14,330,PIBT,1,155502,136266,1043,1043,597
brc202d.map,14,340,PIBT,1,158923,139817,1043,1043,340
brc202d.map,14,350,PIBT,1,164629,144156,1043,1043,256
brc202d.map,14,360,PIBT,1,169429,148464,1043,1043,418
brc202d.map,13,890,PushAndSwap --no-compress,-1,-1,-1,-1,-1,-1
brc202d.map,13,900,PushAndSwap --no-compress,-1,-1,-1,-1,-1,-1
brc202d.map,13,910,PushAndSwap --no-compress,-1,-1,-1,-1,-1,-1
brc202d.map,13,920,PushAndSwap --no-compress,-1,-1,-1,-1,-1,-1
brc202d.map,14,370,PIBT,1,173549,151966,1055,1043,578
brc202d.map,14,380,PIBT,1,180493,155628,1043,1043,557
brc202d.map,14,390,PIBT,1,185078,160056,1043,1043,282
brc202d.map,14,400,PIBT,1,188795,163699,1043,1043,360
brc202d.map,14,410,PIBT,1,194105,168505,1043,1043,707
brc202d.map,14,420,PIBT,1,199246,172210,1043,1043,315
brc202d.map,14,430,PIBT,1,203501,177492,1043,1043,334
brc202d.map,14,440,PIBT,1,209410,181199,1043,1043,435
brc202d.map,14,450,PIBT,1,214783,185593,1043,1043,335
brc202d.map,14,460,PIBT,1,221868,190570,1043,1043,530
brc202d.map,14,470,PIBT,1,223966,193035,1043,1043,712
brc202d.map,14,480,PIBT,1,230665,196356,1043,1043,647
brc202d.map,14,490,PIBT,1,232109,198774,1043,1043,726
brc202d.map,14,500,PIBT,1,241680,203624,1043,1043,716
brc202d.map,14,510,PIBT,1,243519,207214,1043,1043,713
brc202d.map,14,520,PIBT,1,248968,211070,1043,1043,477
brc202d.map,13,930,PushAndSwap --no-compress,-1,-1,-1,-1,-1,-1
brc202d.map,13,940,PushAndSwap --no-compress,-1,-1,-1,-1,-1,-1
brc202d.map,13,950,PushAndSwap --no-compress,-1,-1,-1,-1,-1,-1
brc202d.map,13,960,PushAndSwap --no-compress,-1,-1,-1,-1,-1,-1
brc202d.map,13,570,PushAndSwap,0,44443,231746,2001,1042,9722
brc202d.map,13,580,PushAndSwap,0,44543,236074,2001,1042,20560
brc202d.map,13,590,PushAndSwap,0,44641,239989,2001,1042,42486
brc202d.map,13,600,PushAndSwap,0,38654,246451,2001,1042,71756
brc202d.map,14,530,PIBT,1,257942,216297,1084,1084,859
brc202d.map,14,540,PIBT,1,263925,220421,1084,1084,768
brc202d.map,14,550,PIBT,1,267324,223662,1084,1084,628
brc202d.map,14,560,PIBT,1,270824,227794,1084,1084,415
brc202d.map,14,570,PIBT,1,279260,234066,1084,1084,683
brc202d.map,14,580,PIBT,1,287077,240195,1084,1084,435
brc202d.map,14,590,PIBT,1,294791,245930,1084,1084,430
brc202d.map,14,600,PIBT,1,299735,250354,1084,1084,479
brc202d.map,14,610,PIBT,1,302303,253676,1084,1084,459
brc202d.map,14,620,PIBT,1,311447,257867,1084,1084,462
brc202d.map,14,630,PIBT,1,317298,261581,1084,1084,528
brc202d.map,14,640,PIBT,1,321292,264990,1084,1084,865
brc202d.map,14,650,PIBT,1,326766,270522,1084,1084,482
brc202d.map,14,660,PIBT,1,330206,275302,1084,1084,599
brc202d.map,14,670,PIBT,1,340208,278719,1084,1084,846
brc202d.map,14,680,PIBT,1,340847,282421,1084,1084,873
brc202d.map,14,690,PIBT,1,347908,286676,1084,1084,513
brc202d.map,14,700,PIBT,1,354230,290014,1084,1084,574
brc202d.map,14,710,PIBT,1,358716,294481,1084,1084,643
brc202d.map,14,720,PIBT,1,364727,299107,1084,1084,1003
brc202d.map,14,730,PIBT,1,371081,302342,1084,1084,830
brc202d.map,14,740,PIBT,1,373476,305908,1084,1084,961
brc202d.map,14,750,PIBT,1,380483,310567,1084,1084,883
brc202d.map,14,760,PIBT,1,386873,314125,1084,1084,783
brc202d.map,14,770,PIBT,1,391904,318508,1084,1084,974
brc202d.map,14,780,PIBT,1,399014,321771,1084,1084,1054
brc202d.map,14,790,PIBT,1,403686,325782,1084,1084,865
brc202d.map,14,800,PIBT,1,411584,330565,1084,1084,929
brc202d.map,14,810,PIBT,1,414186,335312,1084,1084,992
brc202d.map,14,820,PIBT,1,419028,338613,1084,1084,975
brc202d.map,14,830,PIBT,1,422962,342809,1084,1084,1040
brc202d.map,14,840,PIBT,1,432124,346241,1084,1084,1004
brc202d.map,14,850,PIBT,1,433079,350473,1084,1084,879
brc202d.map,14,860,PIBT,1,440769,353627,1084,1084,923
brc202d.map,14,870,PIBT,1,444620,357331,1084,1084,1060
brc202d.map,14,880,PIBT,1,452836,361264,1084,1084,1104
brc202d.map,14,890,PIBT,1,457446,366393,1084,1084,1056
brc202d.map,14,900,PIBT,1,465665,370717,1084,1084,955
brc202d.map,14,910,PIBT,1,470452,374383,1084,1084,990
brc202d.map,14,920,PIBT,1,475596,378117,1084,1084,866
brc202d.map,14,930,PIBT,1,481604,383190,1084,1084,1050
brc202d.map,14,940,PIBT,1,486397,386123,1084,1084,1351
brc202d.map,14,950,PIBT,0,494982,389991,2000,1084,1204
brc202d.map,14,960,PIBT,1,498639,394838,1084,1084,1359
brc202d.map,14,10,HCA,1,4667,4667,1043,1043,677
brc202d.map,14,20,HCA,1,9122,9118,1043,1043,572
brc202d.map,14,30,HCA,1,11983,11977,1043,1043,1837
brc202d.map,14,40,HCA,1,17126,17110,1043,1043,951
brc202d.map,13,610,PushAndSwap --no-compress,0,114050438,249549,253419,1042,4569
brc202d.map,13,620,PushAndSwap --no-compress,0,118639590,255409,259345,1042,4268
brc202d.map,13,630,PushAndSwap --no-compress,0,121912705,258150,262212,1042,4432
brc202d.map,13,640,PushAndSwap --no-compress,0,125775412,262387,266553,1042,6437
brc202d.map,14,970,PIBT,1,509556,400516,1084,1084,1059
brc202d.map,14,980,PIBT,1,515362,404722,1084,1084,1068
brc202d.map,14,990,PIBT,1,517808,408510,1084,1084,1297
brc202d.map,14,1000,PIBT,1,521881,411354,1084,1084,1235
brc202d.map,14,50,HCA,1,20869,20851,1043,1043,629
brc202d.map,14,60,HCA,1,25315,25106,1043,1043,2002
brc202d.map,14,70,HCA,1,29690,29473,1043,1043,1205
brc202d.map,14,80,HCA,1,33057,32453,1043,1043,636
brc202d.map,14,90,HCA,1,36718,36105,1043,1043,1595
brc202d.map,14,100,HCA,1,41193,40565,1043,1043,1264
brc202d.map,14,110,HCA,1,46277,45636,1043,1043,1483
brc202d.map,14,120,HCA,1,50643,49687,1043,1043,4182
brc202d.map,14,130,HCA,1,54587,53624,1043,1043,1348
brc202d.map,14,140,HCA,1,57822,56848,1043,1043,3131
brc202d.map,14,150,HCA,1,61984,61005,1043,1043,3424
brc202d.map,14,160,HCA,1,66752,65761,1043,1043,2048
brc202d.map,14,170,HCA,1,71141,70138,1043,1043,1359
brc202d.map,14,180,HCA,1,76163,75112,1043,1043,5608
brc202d.map,14,190,HCA,1,80366,79246,1043,1043,2332
brc202d.map,14,200,HCA,1,85104,83940,1043,1043,1428
brc202d.map,14,210,HCA,1,90788,89558,1043,1043,2940
brc202d.map,14,220,HCA,1,94793,93541,1043,1043,3991
brc202d.map,14,230,HCA,1,100755,99335,1043,1043,2476
brc202d.map,14,240,HCA,1,104974,103286,1043,1043,3259
brc202d.map,14,330,HCA,1,139224,136266,1043,1043,2932
brc202d.map,14,340,HCA,1,142781,139817,1043,1043,3440
brc202d.map,14,350,HCA,1,147131,144156,1043,1043,4151
brc202d.map,14,360,HCA,1,151520,148464,1043,1043,3178
brc202d.map,14,250,HCA,1,108686,106668,1043,1043,9646
brc202d.map,14,260,HCA,1,110746,108719,1043,1043,3022
brc202d.map,14,270,HCA,1,114932,112328,1043,1043,4370
brc202d.map,14,280,HCA,1,117445,114694,1043,1043,3458
brc202d.map,14,290,HCA,1,120835,117936,1043,1043,13005
brc202d.map,14,300,HCA,1,125879,122982,1043,1043,3908
brc202d.map,14,310,HCA,1,130140,127232,1043,1043,3486
brc202d.map,14,320,HCA,1,135929,132985,1043,1043,4982
brc202d.map,14,370,HCA,1,155032,151966,1043,1043,3817
brc202d.map,14,380,HCA,1,159501,155628,1043,1043,4780
brc202d.map,14,390,HCA,1,164416,160056,1043,1043,4085
brc202d.map,14,400,HCA,1,168103,163699,1043,1043,7141
brc202d.map,14,410,HCA,1,173467,168505,1043,1043,5219
brc202d.map,14,420,HCA,1,177133,172210,1043,1043,4304
brc202d.map,14,430,HCA,1,182442,177492,1043,1043,7436
brc202d.map,14,440,HCA,1,186867,181199,1043,1043,8737
brc202d.map,13,970,PushAndSwap --no-compress,-1,-1,-1,-1,-1,-1
brc202d.map,13,980,PushAndSwap --no-compress,-1,-1,-1,-1,-1,-1
brc202d.map,13,990,PushAndSwap --no-compress,-1,-1,-1,-1,-1,-1
brc202d.map,13,1000,PushAndSwap --no-compress,-1,-1,-1,-1,-1,-1
brc202d.map,14,450,HCA,1,191003,185593,1043,1043,7795
brc202d.map,14,460,HCA,1,196411,190570,1043,1043,8067
brc202d.map,14,470,HCA,1,198891,193035,1043,1043,12109
brc202d.map,14,480,HCA,1,202894,196356,1043,1043,24208
brc202d.map,13,690,PushAndSwap,0,36376,284486,2001,1042,31210
brc202d.map,13,700,PushAndSwap,0,37652,289114,2001,1042,22389
brc202d.map,13,710,PushAndSwap,0,37518,293400,2001,1042,15799
brc202d.map,13,720,PushAndSwap,0,40888,298899,2001,1044,166091
brc202d.map,14,530,HCA,1,226005,216297,1084,1084,13858
brc202d.map,14,540,HCA,1,230040,220421,1084,1084,6001
brc202d.map,14,550,HCA,1,233569,223662,1084,1084,18973
brc202d.map,14,560,HCA,1,237736,227794,1084,1084,16412
brc202d.map,13,650,PushAndSwap --no-compress,0,130076998,266797,271083,1042,4361
brc202d.map,13,660,PushAndSwap --no-compress,0,133476192,269443,273785,1042,5100
brc202d.map,13,670,PushAndSwap --no-compress,0,138562411,275343,279723,1042,6130
brc202d.map,13,680,PushAndSwap --no-compress,0,142840575,280379,284883,1042,10184
brc202d.map,14,490,HCA,1,206101,198774,1043,1043,22778
brc202d.map,14,500,HCA,1,211218,203624,1043,1043,16033
brc202d.map,14,510,HCA,1,215802,207214,1043,1043,15795
brc202d.map,14,520,HCA,1,220604,211070,1043,1043,10099
brc202d.map,14,570,HCA,1,244000,234066,1084,1084,15191
brc202d.map,14,580,HCA,1,250405,240195,1084,1084,19327
brc202d.map,14,590,HCA,1,255702,245930,1084,1084,12704
brc202d.map,14,600,HCA,1,260630,250354,1084,1084,19498
brc202d.map,14,610,HCA,1,264888,253676,1084,1084,14644
brc202d.map,14,620,HCA,1,270467,257867,1084,1084,15704
brc202d.map,14,630,HCA,1,274267,261581,1084,1084,23703
brc202d.map,14,640,HCA,1,278130,264990,1084,1084,10475
brc202d.map,14,690,HCA,1,301232,286676,1084,1084,9126
brc202d.map,14,700,HCA,1,304575,290014,1084,1084,16494
brc202d.map,14,710,HCA,1,309178,294481,1084,1084,16464
brc202d.map,14,720,HCA,0,0,299107,-1,1084,30022
brc202d.map,14,10,PIBT_PLUS,1,4680,4667,1043,1043,16
brc202d.map,14,20,PIBT_PLUS,1,9155,9118,1043,1043,38
brc202d.map,14,30,PIBT_PLUS,1,12085,11977,1043,1043,58
brc202d.map,14,40,PIBT_PLUS,1,17316,17110,1043,1043,90
brc202d.map,14,50,PIBT_PLUS,1,21371,20851,1043,1043,119
brc202d.map,14,60,PIBT_PLUS,1,26082,25106,1043,1043,154
brc202d.map,14,70,PIBT_PLUS,1,31237,29473,1043,1043,220
brc202d.map,14,80,PIBT_PLUS,1,35601,32453,1043,1043,204
brc202d.map,14,90,PIBT_PLUS,1,39035,36105,1043,1043,182
brc202d.map,14,100,PIBT_PLUS,1,44162,40565,1043,1043,176
brc202d.map,14,110,PIBT_PLUS,1,49881,45636,1043,1043,304
brc202d.map,14,120,PIBT_PLUS,1,54429,49687,1043,1043,209
brc202d.map,14,130,PIBT_PLUS,1,58772,53624,1043,1043,122
brc202d.map,14,140,PIBT_PLUS,1,62014,56848,1043,1043,143
brc202d.map,14,150,PIBT_PLUS,1,66750,61005,1043,1043,145
brc202d.map,14,160,PIBT_PLUS,1,71498,65761,1043,1043,149
brc202d.map,14,170,PIBT_PLUS,1,76840,70138,1043,1043,240
brc202d.map,14,180,PIBT_PLUS,1,81724,75112,1043,1043,385
brc202d.map,14,190,PIBT_PLUS,1,87646,79246,1043,1043,404
brc202d.map,14,200,PIBT_PLUS,1,92211,83940,1043,1043,452
brc202d.map,14,210,PIBT_PLUS,1,98191,89558,1043,1043,1065
brc202d.map,14,220,PIBT_PLUS,1,102302,93541,1043,1043,641
brc202d.map,14,230,PIBT_PLUS,1,109811,99335,1043,1043,463
brc202d.map,14,240,PIBT_PLUS,1,115206,103286,1043,1043,515
brc202d.map,14,650,HCA,1,283977,270522,1084,1084,7483
brc202d.map,14,660,HCA,1,288965,275302,1084,1084,14744
brc202d.map,14,670,HCA,0,0,278719,-1,1084,30003
brc202d.map,14,680,HCA,0,0,282421,-1,1084,30050
brc202d.map,13,730,PushAndSwap,0,40101,302837,2001,1044,248526
brc202d.map,13,740,PushAndSwap,0,41153,306775,2001,1044,8293
brc202d.map,13,750,PushAndSwap,0,41092,310304,2001,1044,9508
brc202d.map,13,760,PushAndSwap,0,41484,313353,2001,1044,14264
brc202d.map,14,250,PIBT_PLUS,1,118999,106668,1043,1043,323
brc202d.map,14,260,PIBT_PLUS,1,121732,108719,1043,1043,566
brc202d.map,14,270,PIBT_PLUS,1,127157,112328,1043,1043,419
brc202d.map,14,280,PIBT_PLUS,1,129448,114694,1043,1043,329
brc202d.map,14,290,PIBT_PLUS,1,135981,117936,1043,1043,553
brc202d.map,14,300,PIBT_PLUS,1,140996,122982,1043,1043,313
brc202d.map,14,310,PIBT_PLUS,1,145229,127232,1043,1043,348
brc202d.map,14,320,PIBT_PLUS,1,152215,132985,1043,1043,732
brc202d.map,14,330,PIBT_PLUS,1,155502,136266,1043,1043,422
brc202d.map,14,340,PIBT_PLUS,1,158923,139817,1043,1043,792
brc202d.map,14,350,PIBT_PLUS,1,164629,144156,1043,1043,346
brc202d.map,14,360,PIBT_PLUS,1,169429,148464,1043,1043,704
brc202d.map,14,370,PIBT_PLUS,1,173549,151966,1055,1043,1066
brc202d.map,14,380,PIBT_PLUS,1,180493,155628,1043,1043,496
brc202d.map,14,390,PIBT_PLUS,1,185078,160056,1043,1043,724
brc202d.map,14,400,PIBT_PLUS,1,188795,163699,1043,1043,771
brc202d.map,14,410,PIBT_PLUS,1,194105,168505,1043,1043,530
brc202d.map,14,420,PIBT_PLUS,1,199246,172210,1043,1043,798
brc202d.map,14,430,PIBT_PLUS,1,203501,177492,1043,1043,731
brc202d.map,14,440,PIBT_PLUS,1,209410,181199,1043,1043,623
brc202d.map,14,450,PIBT_PLUS,1,214783,185593,1043,1043,894
brc202d.map,14,460,PIBT_PLUS,1,221868,190570,1043,1043,648
brc202d.map,14,470,PIBT_PLUS,1,223966,193035,1043,1043,1412
brc202d.map,14,480,PIBT_PLUS,1,230665,196356,1043,1043,1427
brc202d.map,14,490,PIBT_PLUS,1,232109,198774,1043,1043,654
brc202d.map,14,500,PIBT_PLUS,1,241680,203624,1043,1043,1545
brc202d.map,14,510,PIBT_PLUS,1,243519,207214,1043,1043,1594
brc202d.map,14,520,PIBT_PLUS,1,248968,211070,1043,1043,1947
brc202d.map,14,530,PIBT_PLUS,1,257942,216297,1084,1084,1372
brc202d.map,14,540,PIBT_PLUS,1,263925,220421,1084,1084,1415
brc202d.map,14,550,PIBT_PLUS,1,267324,223662,1084,1084,1417
brc202d.map,14,560,PIBT_PLUS,1,270824,227794,1084,1084,1191
brc202d.map,14,570,PIBT_PLUS,1,279260,234066,1084,1084,2102
brc202d.map,14,580,PIBT_PLUS,1,287077,240195,1084,1084,1878
brc202d.map,14,590,PIBT_PLUS,1,294791,245930,1084,1084,1615
brc202d.map,14,600,PIBT_PLUS,1,299735,250354,1084,1084,1363
brc202d.map,14,610,PIBT_PLUS,1,302303,253676,1084,1084,1771
brc202d.map,14,620,PIBT_PLUS,1,311447,257867,1084,1084,1608
brc202d.map,14,630,PIBT_PLUS,1,317298,261581,1084,1084,1255
brc202d.map,14,640,PIBT_PLUS,1,321292,264990,1084,1084,1533
brc202d.map,14,650,PIBT_PLUS,1,326766,270522,1084,1084,1390
brc202d.map,14,660,PIBT_PLUS,1,330206,275302,1084,1084,1300
brc202d.map,14,670,PIBT_PLUS,1,340208,278719,1084,1084,1544
brc202d.map,14,680,PIBT_PLUS,1,340847,282421,1084,1084,2326
brc202d.map,14,690,PIBT_PLUS,1,347908,286676,1084,1084,1627
brc202d.map,14,700,PIBT_PLUS,1,354230,290014,1084,1084,2377
brc202d.map,14,710,PIBT_PLUS,1,358716,294481,1084,1084,1560
brc202d.map,14,720,PIBT_PLUS,1,364727,299107,1084,1084,1022
brc202d.map,14,730,PIBT_PLUS,1,371081,302342,1084,1084,2389
brc202d.map,14,740,PIBT_PLUS,1,373476,305908,1084,1084,1375
brc202d.map,14,750,PIBT_PLUS,1,380483,310567,1084,1084,669
brc202d.map,14,760,PIBT_PLUS,1,386873,314125,1084,1084,992
brc202d.map,14,770,PIBT_PLUS,1,391904,318508,1084,1084,1609
brc202d.map,14,780,PIBT_PLUS,1,399014,321771,1084,1084,1089
brc202d.map,14,790,PIBT_PLUS,1,403686,325782,1084,1084,845
brc202d.map,14,800,PIBT_PLUS,1,411584,330565,1084,1084,1835
brc202d.map,14,730,HCA,1,318022,302342,1084,1084,18048
brc202d.map,14,740,HCA,1,322342,305908,1084,1084,14461
brc202d.map,14,750,HCA,0,0,310567,-1,1084,30010
brc202d.map,14,760,HCA,1,331413,314125,1084,1084,22366
brc202d.map,14,810,PIBT_PLUS,1,414186,335312,1084,1084,973
brc202d.map,14,820,PIBT_PLUS,1,419028,338613,1084,1084,1936
brc202d.map,14,830,PIBT_PLUS,1,422962,342809,1084,1084,3467
brc202d.map,14,840,PIBT_PLUS,1,432124,346241,1084,1084,2328
brc202d.map,14,770,HCA,1,336344,318508,1084,1084,25347
brc202d.map,14,780,HCA,1,340718,321771,1084,1084,13582
brc202d.map,14,790,HCA,1,344123,325782,1084,1084,13690
brc202d.map,14,800,HCA,0,0,330565,-1,1084,30050
brc202d.map,14,810,HCA,1,353850,335312,1084,1084,23992
brc202d.map,14,820,HCA,1,357566,338613,1084,1084,12796
brc202d.map,14,830,HCA,1,361783,342809,1084,1084,14544
brc202d.map,14,840,HCA,0,0,346241,-1,1084,30006
brc202d.map,14,850,PIBT_PLUS,1,433079,350473,1084,1084,1943
brc202d.map,14,860,PIBT_PLUS,1,440769,353627,1084,1084,3396
brc202d.map,14,870,PIBT_PLUS,1,444620,357331,1084,1084,2416
brc202d.map,14,880,PIBT_PLUS,1,452836,361264,1084,1084,2652
brc202d.map,14,10,PushAndSwap,1,11377,4667,1638,1043,196
brc202d.map,14,20,PushAndSwap,0,16721,9118,2001,1043,84
brc202d.map,14,30,PushAndSwap,0,22322,11977,2001,1043,106
brc202d.map,14,40,PushAndSwap,0,21395,17110,2001,1043,126
brc202d.map,14,50,PushAndSwap,0,25043,20851,2001,1043,124
brc202d.map,14,60,PushAndSwap,0,32524,25106,2001,1043,166
brc202d.map,14,70,PushAndSwap,0,33213,29473,2001,1043,180
brc202d.map,14,80,PushAndSwap,0,37439,32453,2001,1043,260
brc202d.map,14,90,PushAndSwap,0,37978,36105,2001,1043,214
brc202d.map,14,100,PushAndSwap,0,43823,40565,2001,1043,286
brc202d.map,14,110,PushAndSwap,0,45977,45636,2001,1043,274
brc202d.map,14,120,PushAndSwap,0,43522,49687,2001,1043,598
brc202d.map,14,890,PIBT_PLUS,1,457446,366393,1084,1084,3512
brc202d.map,14,900,PIBT_PLUS,1,465665,370717,1084,1084,2447
brc202d.map,14,910,PIBT_PLUS,1,470452,374383,1084,1084,2514
brc202d.map,14,920,PIBT_PLUS,1,475596,378117,1084,1084,1639
brc202d.map,14,130,PushAndSwap,0,43631,53624,2001,1043,418
brc202d.map,14,140,PushAndSwap,0,44883,56848,2001,1043,371
brc202d.map,14,150,PushAndSwap,0,47597,61005,2001,1043,714
brc202d.map,14,160,PushAndSwap,0,53709,65761,2001,1043,488
brc202d.map,14,930,PIBT_PLUS,1,481604,383190,1084,1084,2550
brc202d.map,14,940,PIBT_PLUS,1,486397,386123,1084,1084,1918
brc202d.map,14,950,PIBT_PLUS,1,496131,389991,1094,1084,1669
brc202d.map,14,960,PIBT_PLUS,1,498639,394838,1084,1084,1701
brc202d.map,14,170,PushAndSwap,0,56624,70138,2001,1043,711
brc202d.map,14,180,PushAndSwap,0,56990,75112,2001,1043,946
brc202d.map,14,190,PushAndSwap,0,64843,79246,2001,1043,605
brc202d.map,14,200,PushAndSwap,0,68608,83940,2001,1043,737
brc202d.map,14,210,PushAndSwap,0,71976,89558,2001,1043,955
brc202d.map,14,220,PushAndSwap,0,74846,93541,2001,1043,843
brc202d.map,14,230,PushAndSwap,0,84223,99335,2001,1043,1232
brc202d.map,14,240,PushAndSwap,0,88333,103286,2001,1043,2173
brc202d.map,14,970,PIBT_PLUS,1,509556,400516,1084,1084,2677
brc202d.map,14,980,PIBT_PLUS,1,515362,404722,1084,1084,1847
brc202d.map,14,990,PIBT_PLUS,1,517808,408510,1084,1084,1175
brc202d.map,14,1000,PIBT_PLUS,1,521881,411354,1084,1084,2461
brc202d.map,14,250,PushAndSwap,0,91774,106668,2001,1043,1218
brc202d.map,14,260,PushAndSwap,0,95242,108719,2001,1043,1647
brc202d.map,14,270,PushAndSwap,0,97318,112328,2001,1043,2315
brc202d.map,14,280,PushAndSwap,0,97478,114694,2001,1043,1665
brc202d.map,14,290,PushAndSwap,0,100312,117936,2001,1043,1528
brc202d.map,14,300,PushAndSwap,0,106319,122982,2001,1043,2383
brc202d.map,14,310,PushAndSwap,0,97787,127232,2001,1043,2166
brc202d.map,14,320,PushAndSwap,0,39743,132985,2001,1043,2463
brc202d.map,14,330,PushAndSwap,0,40861,136266,2001,1043,1871
brc202d.map,14,340,PushAndSwap,0,40882,139817,2001,1043,3245
brc202d.map,14,350,PushAndSwap,0,40800,144156,2001,1043,2863
brc202d.map,14,360,PushAndSwap,0,40750,148464,2001,1043,3465
brc202d.map,14,850,HCA,0,0,350473,-1,1084,30104
brc202d.map,14,860,HCA,1,374737,353627,1084,1084,16007
brc202d.map,14,870,HCA,0,0,357331,-1,1084,30007
brc202d.map,14,880,HCA,1,383717,361264,1084,1084,19023
brc202d.map,14,890,HCA,1,389880,366393,1084,1084,24603
brc202d.map,14,900,HCA,1,393275,370717,1084,1084,22267
brc202d.map,14,910,HCA,1,397748,374383,1084,1084,17539
brc202d.map,14,920,HCA,1,402712,378117,1084,1084,23012
brc202d.map,14,370,PushAndSwap,0,41073,151966,2001,1043,3165
brc202d.map,14,380,PushAndSwap,0,41285,155628,2001,1043,2935
brc202d.map,14,390,PushAndSwap,0,41547,160056,2001,1043,3750
brc202d.map,14,400,PushAndSwap,0,41667,163699,2001,1043,3938
brc202d.map,14,450,PushAndSwap,0,41523,185593,2001,1043,5648
brc202d.map,14,460,PushAndSwap,0,44826,190570,2001,1043,7002
brc202d.map,14,470,PushAndSwap,0,44629,193035,2001,1043,6370
brc202d.map,14,480,PushAndSwap,0,44906,196356,2001,1043,3898
brc202d.map,14,930,HCA,1,407441,383190,1084,1084,20577
brc202d.map,14,940,HCA,1,410460,386123,1084,1084,24952
brc202d.map,14,950,HCA,1,414194,389991,1084,1084,26032
brc202d.map,14,960,HCA,0,0,394838,-1,1084,30004
brc202d.map,13,690,PushAndSwap --no-compress,0,146978329,284486,289044,1042,5539
brc202d.map,13,700,PushAndSwap --no-compress,0,151506697,289114,293740,1042,4958
brc202d.map,13,710,PushAndSwap --no-compress,0,155800329,293400,297828,1042,6517
brc202d.map,13,720,PushAndSwap --no-compress,0,160826508,298899,303465,1044,5363
brc202d.map,13,850,PushAndSwap,-1,-1,-1,-1,-1,-1
brc202d.map,13,860,PushAndSwap,-1,-1,-1,-1,-1,-1
brc202d.map,13,870,PushAndSwap,-1,-1,-1,-1,-1,-1
brc202d.map,13,880,PushAndSwap,-1,-1,-1,-1,-1,-1
brc202d.map,14,530,PushAndSwap,0,54256,216297,2001,1084,8175
brc202d.map,14,540,PushAndSwap,0,52835,220421,2001,1084,12434
brc202d.map,14,550,PushAndSwap,0,53155,223662,2001,1084,5830
brc202d.map,14,560,PushAndSwap,0,54718,227794,2001,1084,7420
brc202d.map,14,410,PushAndSwap,0,41595,168505,2001,1043,3699
brc202d.map,14,420,PushAndSwap,0,41604,172210,2001,1043,4430
brc202d.map,14,430,PushAndSwap,0,42578,177492,2001,1043,26584
brc202d.map,14,440,PushAndSwap,0,41873,181199,2001,1043,4522
brc202d.map,14,970,HCA,1,424888,400516,1084,1084,24152
brc202d.map,14,980,HCA,0,0,404722,-1,1084,30013
brc202d.map,14,990,HCA,0,0,408510,-1,1084,30005
brc202d.map,14,1000,HCA,0,0,411354,-1,1084,30252
brc202d.map,13,850,PushAndSwap --no-compress,-1,-1,-1,-1,-1,-1
brc202d.map,13,860,PushAndSwap --no-compress,-1,-1,-1,-1,-1,-1
brc202d.map,13,870,PushAndSwap --no-compress,0,236704796,360548,366522,1082,9219
brc202d.map,13,880,PushAndSwap --no-compress,-1,-1,-1,-1,-1,-1
brc202d.map,14,10,PushAndSwap --no-compress,0,34018,4667,4667,1043,11
brc202d.map,14,20,PushAndSwap --no-compress,0,128619,9118,9118,1043,23
brc202d.map,14,30,PushAndSwap --no-compress,0,261825,11977,11977,1043,35
brc202d.map,14,40,PushAndSwap --no-compress,0,483210,17110,17110,1043,43
brc202d.map,14,50,PushAndSwap --no-compress,0,734678,20851,20863,1043,72
brc202d.map,14,60,PushAndSwap --no-compress,0,1066447,25106,25118,1043,110
brc202d.map,14,70,PushAndSwap --no-compress,0,1453657,29473,29491,1043,300
brc202d.map,14,80,PushAndSwap --no-compress,0,1836408,32453,32477,1043,231
brc202d.map,14,90,PushAndSwap --no-compress,0,2328637,36105,36153,1043,206
brc202d.map,14,100,PushAndSwap --no-compress,0,2942792,40565,40649,1043,199
brc202d.map,14,110,PushAndSwap --no-compress,0,3617817,45636,45734,1043,236
brc202d.map,14,120,PushAndSwap --no-compress,0,4297347,49687,49811,1043,438
brc202d.map,14,130,PushAndSwap --no-compress,0,4996180,53624,53760,1043,577
brc202d.map,14,140,PushAndSwap --no-compress,0,5735389,56848,57012,1043,405
brc202d.map,14,150,PushAndSwap --no-compress,0,6597066,61005,61187,1043,262
brc202d.map,14,160,PushAndSwap --no-compress,0,7564385,65761,65955,1043,304
brc202d.map,14,170,PushAndSwap --no-compress,0,8556712,70138,70372,1043,1022
brc202d.map,14,180,PushAndSwap --no-compress,0,9657728,75112,75346,1043,754
brc202d.map,14,190,PushAndSwap --no-compress,0,10756960,79246,79536,1043,317
brc202d.map,14,200,PushAndSwap --no-compress,0,12032337,83940,84272,1043,792
brc202d.map,14,210,PushAndSwap --no-compress,0,13615977,89558,89966,1043,1320
brc202d.map,14,220,PushAndSwap --no-compress,0,14851915,93541,93961,1043,487
brc202d.map,14,230,PushAndSwap --no-compress,0,16472756,99335,99919,1043,1038
brc202d.map,14,240,PushAndSwap --no-compress,0,17911552,103286,103996,1043,1140
brc202d.map,14,250,PushAndSwap --no-compress,0,19447365,106668,107442,1043,734
brc202d.map,14,260,PushAndSwap --no-compress,0,20690619,108719,109539,1043,2403
brc202d.map,14,270,PushAndSwap --no-compress,0,22252598,112328,113210,1043,1219
brc202d.map,14,280,PushAndSwap --no-compress,0,23698809,114694,115612,1043,1810
brc202d.map,14,490,PushAndSwap,0,45189,198774,2001,1043,8964
brc202d.map,14,500,PushAndSwap,0,46651,203624,2001,1043,46793
brc202d.map,14,510,PushAndSwap,0,48943,207214,2001,1043,6776
brc202d.map,14,520,PushAndSwap,0,49073,211070,2001,1043,12687
brc202d.map,14,290,PushAndSwap --no-compress,0,25374124,117936,118886,1043,2310
brc202d.map,14,300,PushAndSwap --no-compress,0,27488643,122982,123978,1043,1466
brc202d.map,14,310,PushAndSwap --no-compress,0,29348090,127232,128264,1043,3121
brc202d.map,14,320,PushAndSwap --no-compress,0,31683852,132985,134077,1043,1646
brc202d.map,14,330,PushAndSwap --no-compress,0,33548780,136266,137444,1043,3178
brc202d.map,14,340,PushAndSwap --no-compress,0,35488100,139817,141043,1043,1710
brc202d.map,14,350,PushAndSwap --no-compress,0,37592274,144156,145438,1043,2270
brc202d.map,14,360,PushAndSwap --no-compress,0,39897911,148464,149820,1043,3372
brc202d.map,14,890,PushAndSwap,-1,-1,-1,-1,-1,-1
brc202d.map,14,900,PushAndSwap,-1,-1,-1,-1,-1,-1
brc202d.map,14,910,PushAndSwap,-1,-1,-1,-1,-1,-1
brc202d.map,14,920,PushAndSwap,-1,-1,-1,-1,-1,-1
brc202d.map,14,370,PushAndSwap --no-compress,0,41932056,151966,153352,1043,2956
brc202d.map,14,380,PushAndSwap --no-compress,0,44262728,155628,157044,1043,3428
brc202d.map,14,390,PushAndSwap --no-compress,0,46809946,160056,161514,1043,3277
brc202d.map,14,400,PushAndSwap --no-compress,0,49091493,163699,165205,1043,2896
brc202d.map,14,930,PushAndSwap,-1,-1,-1,-1,-1,-1
brc202d.map,14,940,PushAndSwap,-1,-1,-1,-1,-1,-1
brc202d.map,14,950,PushAndSwap,-1,-1,-1,-1,-1,-1
brc202d.map,14,960,PushAndSwap,-1,-1,-1,-1,-1,-1
brc202d.map,14,410,PushAndSwap --no-compress,0,51828368,168505,170389,1043,3626
brc202d.map,14,420,PushAndSwap --no-compress,0,54406298,172210,174142,1043,3270
brc202d.map,14,430,PushAndSwap --no-compress,0,57426578,177492,179592,1043,2972
brc202d.map,14,440,PushAndSwap --no-compress,0,59905183,181199,183395,1043,2726
brc202d.map,14,450,PushAndSwap --no-compress,0,62933549,185593,187885,1043,3267
brc202d.map,14,460,PushAndSwap --no-compress,0,65950610,190570,192942,1043,2916
brc202d.map,14,470,PushAndSwap --no-compress,0,68297804,193035,195501,1043,3016
brc202d.map,14,480,PushAndSwap --no-compress,0,70977024,196356,198882,1043,5095
brc202d.map,14,970,PushAndSwap,-1,-1,-1,-1,-1,-1
brc202d.map,14,980,PushAndSwap,-1,-1,-1,-1,-1,-1
brc202d.map,14,990,PushAndSwap,-1,-1,-1,-1,-1,-1
brc202d.map,14,1000,PushAndSwap,-1,-1,-1,-1,-1,-1
brc202d.map,10,770,PushAndSwap,0,62606,325392,2001,1023,1149458
brc202d.map,10,780,PushAndSwap,0,62624,328691,2001,1023,16875
brc202d.map,10,790,PushAndSwap,0,62568,334474,2001,1023,382011
brc202d.map,10,800,PushAndSwap,0,64121,338071,2001,1023,84690
brc202d.map,14,490,PushAndSwap --no-compress,0,73493135,198774,201464,1043,3249
brc202d.map,14,500,PushAndSwap --no-compress,0,76752620,203624,206378,1043,3749
brc202d.map,14,510,PushAndSwap --no-compress,0,79917863,207214,210036,1043,5349
brc202d.map,14,520,PushAndSwap --no-compress,0,83175447,211070,213966,1043,2836
brc202d.map,14,530,PushAndSwap --no-compress,0,86698239,216297,219249,1084,3282
brc202d.map,14,540,PushAndSwap --no-compress,0,89811571,220421,223423,1084,5024
brc202d.map,14,550,PushAndSwap --no-compress,0,92878793,223662,226708,1084,3453
brc202d.map,14,560,PushAndSwap --no-compress,0,96230702,227794,230864,1084,2645
brc202d.map,14,570,PushAndSwap --no-compress,0,101151822,234066,237366,1084,5870
brc202d.map,14,580,PushAndSwap --no-compress,0,105705311,240195,243583,1084,3444
brc202d.map,14,590,PushAndSwap --no-compress,0,109843285,245930,249394,1084,4727
brc202d.map,14,600,PushAndSwap --no-compress,0,113890300,250354,254058,1084,6755
brc202d.map,12,810,PushAndSwap,0,46706,335050,2001,1081,455200
brc202d.map,12,820,PushAndSwap,-1,-1,-1,-1,-1,-1
brc202d.map,12,830,PushAndSwap,0,50022,342542,2001,1081,65524
brc202d.map,12,840,PushAndSwap,-1,-1,-1,-1,-1,-1
brc202d.map,1,770,PushAndSwap,0,54726,324322,2001,1059,35028
brc202d.map,1,780,PushAndSwap,0,56699,330099,2001,1059,548948
brc202d.map,1,790,PushAndSwap,-1,-1,-1,-1,-1,-1
brc202d.map,1,800,PushAndSwap,-1,-1,-1,-1,-1,-1
brc202d.map,14,850,PushAndSwap,-1,-1,-1,-1,-1,-1
brc202d.map,14,860,PushAndSwap,-1,-1,-1,-1,-1,-1
brc202d.map,14,870,PushAndSwap,-1,-1,-1,-1,-1,-1
brc202d.map,14,880,PushAndSwap,-1,-1,-1,-1,-1,-1
brc202d.map,13,810,PushAndSwap --no-compress,0,202797973,333295,338885,1082,14557
brc202d.map,13,820,PushAndSwap --no-compress,0,208401998,338408,344054,1082,9684
brc202d.map,13,830,PushAndSwap --no-compress,-1,-1,-1,-1,-1,-1
brc202d.map,13,840,PushAndSwap --no-compress,-1,-1,-1,-1,-1,-1
brc202d.map,14,570,PushAndSwap,0,47971,234066,2001,1084,133884
brc202d.map,14,580,PushAndSwap,0,46549,240195,2001,1084,15631
brc202d.map,14,590,PushAndSwap,0,46435,245930,2001,1084,24757
brc202d.map,14,600,PushAndSwap,0,46511,250354,2001,1084,14987
brc202d.map,15,10,PIBT,1,4931,4923,901,901,7
brc202d.map,15,20,PIBT,1,8910,8875,930,930,15
brc202d.map,15,30,PIBT,1,11524,11487,930,930,21
brc202d.map,15,40,PIBT,1,16081,15973,964,964,50
brc202d.map,15,50,PIBT,1,20521,20383,1027,1027,52
brc202d.map,15,60,PIBT,1,24934,24735,1027,1027,63
brc202d.map,15,70,PIBT,1,29267,28491,1027,1027,67
brc202d.map,15,80,PIBT,1,35681,34032,1027,1027,143
brc202d.map,14,850,PushAndSwap --no-compress,-1,-1,-1,-1,-1,-1
brc202d.map,14,860,PushAndSwap --no-compress,-1,-1,-1,-1,-1,-1
brc202d.map,14,870,PushAndSwap --no-compress,-1,-1,-1,-1,-1,-1
brc202d.map,14,880,PushAndSwap --no-compress,-1,-1,-1,-1,-1,-1
brc202d.map,15,90,PIBT,1,40450,38298,1027,1027,98
brc202d.map,15,100,PIBT,1,46198,43636,1027,1027,71
brc202d.map,15,110,PIBT,1,50774,47686,1027,1027,72
brc202d.map,15,120,PIBT,1,53717,50367,1027,1027,83
brc202d.map,15,130,PIBT,1,57982,54578,1027,1027,94
brc202d.map,15,140,PIBT,1,62899,59232,1027,1027,99
brc202d.map,15,150,PIBT,1,67380,62447,1027,1027,109
brc202d.map,15,160,PIBT,1,73165,67512,1027,1027,165
brc202d.map,15,170,PIBT,1,77664,71846,1027,1027,119
brc202d.map,15,180,PIBT,1,83276,76798,1027,1027,126
brc202d.map,15,190,PIBT,1,87578,81127,1027,1027,217
brc202d.map,15,200,PIBT,1,94011,86294,1050,1050,216
brc202d.map,15,210,PIBT,1,101105,91838,1050,1050,217
brc202d.map,15,220,PIBT,1,104873,94804,1050,1050,223
brc202d.map,15,230,PIBT,1,109003,98817,1050,1050,366
brc202d.map,15,240,PIBT,1,115547,103823,1050,1050,325
brc202d.map,15,250,PIBT,1,120793,109298,1050,1050,345
brc202d.map,15,260,PIBT,1,126441,113658,1050,1050,377
brc202d.map,15,270,PIBT,1,132126,118038,1050,1050,363
brc202d.map,15,280,PIBT,1,135261,122082,1050,1050,343
brc202d.map,15,290,PIBT,1,142604,126975,1050,1050,356
brc202d.map,15,300,PIBT,1,147982,132260,1050,1050,266
brc202d.map,15,310,PIBT,1,151866,136450,1050,1050,363
brc202d.map,15,320,PIBT,1,158256,140576,1050,1050,368
brc202d.map,15,330,PIBT,1,161961,144899,1050,1050,316
brc202d.map,15,340,PIBT,1,168276,150610,1050,1050,388
brc202d.map,15,350,PIBT,1,174742,155103,1050,1050,298
brc202d.map,15,360,PIBT,1,177007,158730,1050,1050,266
brc202d.map,15,370,PIBT,1,180817,162728,1050,1050,256
brc202d.map,15,380,PIBT,1,185613,166909,1050,1050,377
brc202d.map,15,390,PIBT,1,191585,171594,1050,1050,469
brc202d.map,15,400,PIBT,1,195727,174916,1050,1050,525
brc202d.map,15,410,PIBT,1,199496,179251,1050,1050,454
brc202d.map,15,420,PIBT,1,206451,183496,1050,1050,523
brc202d.map,15,430,PIBT,1,211781,186863,1050,1050,922
brc202d.map,15,440,PIBT,1,213358,191401,1050,1050,499
brc202d.map,15,450,PIBT,1,219916,196376,1050,1050,294
brc202d.map,15,460,PIBT,1,225789,201814,1050,1050,615
brc202d.map,15,470,PIBT,1,232133,206066,1050,1050,604
brc202d.map,15,480,PIBT,1,235587,209302,1050,1050,637
brc202d.map,15,490,PIBT,1,242290,214537,1050,1050,755
brc202d.map,15,500,PIBT,1,244826,218666,1050,1050,719
brc202d.map,15,510,PIBT,1,250635,221813,1050,1050,881
brc202d.map,15,520,PIBT,1,256578,225052,1050,1050,659
brc202d.map,15,530,PIBT,1,261101,227534,1050,1050,946
brc202d.map,15,540,PIBT,1,262261,232380,1050,1050,888
brc202d.map,15,550,PIBT,1,269539,236478,1050,1050,473
brc202d.map,15,560,PIBT,1,274310,240399,1050,1050,509
brc202d.map,15,570,PIBT,1,279805,245663,1050,1050,532
brc202d.map,15,580,PIBT,1,283210,248907,1050,1050,695
brc202d.map,15,590,PIBT,1,289635,252580,1050,1050,803
brc202d.map,15,600,PIBT,1,296703,256251,1050,1050,868
brc202d.map,15,610,PIBT,1,300569,259951,1050,1050,955
brc202d.map,15,620,PIBT,1,303913,263914,1067,1067,1233
brc202d.map,15,630,PIBT,1,310425,267313,1067,1067,919
brc202d.map,15,640,PIBT,1,316257,271482,1067,1067,775
brc202d.map,14,930,PushAndSwap --no-compress,-1,-1,-1,-1,-1,-1
brc202d.map,14,940,PushAndSwap --no-compress,-1,-1,-1,-1,-1,-1
brc202d.map,14,950,PushAndSwap --no-compress,-1,-1,-1,-1,-1,-1
brc202d.map,14,960,PushAndSwap --no-compress,-1,-1,-1,-1,-1,-1
brc202d.map,15,650,PIBT,1,320087,277057,1067,1067,1147
brc202d.map,15,660,PIBT,1,323744,280024,1067,1067,1113
brc202d.map,15,670,PIBT,1,330741,284649,1067,1067,631
brc202d.map,15,680,PIBT,1,336978,289407,1067,1067,750
brc202d.map,14,650,PushAndSwap --no-compress,0,133546909,270522,274682,1084,4068
brc202d.map,14,660,PushAndSwap --no-compress,0,137732741,275302,279508,1084,6943
brc202d.map,14,670,PushAndSwap --no-compress,0,141966485,278719,283155,1084,6619
brc202d.map,14,680,PushAndSwap --no-compress,0,145952187,282421,286973,1084,10218
brc202d.map,15,690,PIBT,1,341374,291512,1067,1067,734
brc202d.map,15,700,PIBT,1,346429,295345,1067,1067,834
brc202d.map,15,710,PIBT,1,351840,299648,1067,1067,909
brc202d.map,15,720,PIBT,1,357200,303219,1067,1067,543
brc202d.map,15,730,PIBT,1,364997,307937,1067,1067,747
brc202d.map,15,740,PIBT,1,368665,312362,1067,1067,874
brc202d.map,15,750,PIBT,1,375385,316282,1067,1067,606
brc202d.map,15,760,PIBT,1,380508,320095,1067,1067,993
brc202d.map,15,770,PIBT,1,386545,324171,1067,1067,723
brc202d.map,15,780,PIBT,1,391639,329069,1067,1067,1027
brc202d.map,15,790,PIBT,1,396539,333100,1067,1067,1058
brc202d.map,15,800,PIBT,1,401736,336562,1067,1067,798
brc202d.map,15,810,PIBT,1,410872,340059,1067,1067,1067
brc202d.map,15,820,PIBT,1,413659,343764,1067,1067,776
brc202d.map,15,830,PIBT,1,418763,348631,1067,1067,665
brc202d.map,15,840,PIBT,1,421844,351755,1067,1067,1118
brc202d.map,15,850,PIBT,1,428933,356556,1067,1067,1209
brc202d.map,15,860,PIBT,1,441715,361703,1067,1067,970
brc202d.map,15,870,PIBT,1,444232,364492,1067,1067,1069
brc202d.map,15,880,PIBT,1,449676,369121,1067,1067,862
brc202d.map,15,890,PIBT,1,453789,371911,1067,1067,930
brc202d.map,15,900,PIBT,1,460120,374958,1067,1067,1073
brc202d.map,15,910,PIBT,1,464650,378876,1067,1067,1029
brc202d.map,15,920,PIBT,1,472376,383209,1067,1067,1328
brc202d.map,15,10,HCA,1,4925,4923,901,901,1142
brc202d.map,15,20,HCA,1,8888,8875,930,930,2300
brc202d.map,15,30,HCA,1,11504,11487,930,930,1575
brc202d.map,15,40,HCA,1,15986,15973,964,964,340
brc202d.map,15,930,PIBT,1,481771,387040,1078,1078,1185
brc202d.map,15,940,PIBT,1,484552,390655,1078,1078,1196
brc202d.map,15,950,PIBT,1,492521,395577,1078,1078,1669
brc202d.map,15,960,PIBT,1,496792,399142,1078,1078,1273
brc202d.map,15,50,HCA,1,20398,20383,1027,1027,1628
brc202d.map,15,60,HCA,1,24760,24735,1027,1027,387
brc202d.map,15,70,HCA,1,28521,28491,1027,1027,1089
brc202d.map,15,80,HCA,1,34066,34032,1027,1027,1228
brc202d.map,15,970,PIBT,1,498987,402728,1108,1108,1780
brc202d.map,15,980,PIBT,1,509670,406972,1108,1108,1464
brc202d.map,15,990,PIBT,1,513225,411305,1108,1108,1019
brc202d.map,15,1000,PIBT,1,523205,417389,1108,1108,1598
brc202d.map,15,90,HCA,1,38340,38298,1027,1027,1035
brc202d.map,15,100,HCA,1,43699,43636,1027,1027,1177
brc202d.map,15,110,HCA,1,47758,47686,1027,1027,2130
brc202d.map,15,120,HCA,1,50445,50367,1027,1027,787
brc202d.map,15,130,HCA,1,54702,54578,1027,1027,1461
brc202d.map,15,140,HCA,1,59379,59232,1027,1027,1481
brc202d.map,15,150,HCA,1,62613,62447,1027,1027,2690
brc202d.map,15,160,HCA,1,67688,67512,1027,1027,2351
brc202d.map,15,170,HCA,1,72037,71846,1027,1027,2216
brc202d.map,15,180,HCA,1,76991,76798,1027,1027,2889
brc202d.map,15,190,HCA,1,81332,81127,1027,1027,2190
brc202d.map,15,200,HCA,1,87293,86294,1050,1050,2716
brc202d.map,15,210,HCA,1,92850,91838,1050,1050,2796
brc202d.map,15,220,HCA,1,95872,94804,1050,1050,2653
brc202d.map,15,230,HCA,1,99896,98817,1050,1050,2583
brc202d.map,15,240,HCA,1,104880,103823,1050,1050,1429
brc202d.map,15,250,HCA,1,110293,109298,1050,1050,3377
brc202d.map,15,260,HCA,1,114670,113658,1050,1050,2624
brc202d.map,15,270,HCA,1,119254,118038,1050,1050,1549
brc202d.map,15,280,HCA,1,123311,122082,1050,1050,3143
brc202d.map,14,610,PushAndSwap --no-compress,0,117501126,253676,257572,1084,3621
brc202d.map,14,620,PushAndSwap --no-compress,0,121338707,257867,261805,1084,4877
brc202d.map,14,630,PushAndSwap --no-compress,0,125166412,261581,265601,1084,9883
brc202d.map,14,640,PushAndSwap --no-compress,0,128706524,264990,269092,1084,4722
brc202d.map,15,290,HCA,1,128217,126975,1050,1050,3427
brc202d.map,15,300,HCA,1,133550,132260,1050,1050,3088
brc202d.map,15,310,HCA,1,137714,136450,1050,1050,3602
brc202d.map,15,320,HCA,1,141860,140576,1050,1050,2561
brc202d.map,15,330,HCA,1,146197,144899,1050,1050,3384
brc202d.map,15,340,HCA,1,151925,150610,1050,1050,3517
brc202d.map,15,350,HCA,1,156431,155103,1050,1050,2792
brc202d.map,15,360,HCA,1,160077,158730,1050,1050,4245
brc202d.map,14,610,PushAndSwap,0,51568,253676,2001,1084,140266
brc202d.map,14,620,PushAndSwap,0,47017,257867,2001,1084,97430
brc202d.map,14,630,PushAndSwap,0,48932,261581,2001,1084,29009
brc202d.map,14,640,PushAndSwap,0,49086,264990,2001,1084,6710
brc202d.map,15,370,HCA,1,164092,162728,1050,1050,4093
brc202d.map,15,380,HCA,1,168374,166909,1050,1050,4161
brc202d.map,15,390,HCA,1,173081,171594,1050,1050,3846
brc202d.map,15,400,HCA,1,176787,174916,1050,1050,3297
brc202d.map,15,410,HCA,1,181149,179251,1050,1050,4928
brc202d.map,15,420,HCA,1,185405,183496,1050,1050,3946
brc202d.map,15,430,HCA,1,188815,186863,1050,1050,3436
brc202d.map,15,440,HCA,1,193365,191401,1050,1050,5797
brc202d.map,15,450,HCA,1,198368,196376,1050,1050,3994
brc202d.map,15,460,HCA,1,204178,201814,1050,1050,3810
brc202d.map,15,470,HCA,1,208446,206066,1050,1050,5502
brc202d.map,15,480,HCA,1,212106,209302,1050,1050,5355
brc202d.map,15,490,HCA,1,217387,214537,1050,1050,5737
brc202d.map,15,500,HCA,1,221458,218666,1050,1050,5746
brc202d.map,15,510,HCA,1,226085,221813,1050,1050,5978
brc202d.map,15,520,HCA,1,229284,225052,1050,1050,6452
brc202d.map,15,530,HCA,1,232090,227534,1050,1050,6210
brc202d.map,15,540,HCA,1,236965,232380,1050,1050,6036
brc202d.map,15,550,HCA,1,241269,236478,1050,1050,6449
brc202d.map,15,560,HCA,1,245080,240399,1050,1050,26113
brc202d.map,13,730,PushAndSwap --no-compress,0,165032744,302837,307479,1044,7092
brc202d.map,13,740,PushAndSwap --no-compress,0,169854260,306775,311609,1044,6728
brc202d.map,13,750,PushAndSwap --no-compress,0,173961544,310304,315238,1044,6108
brc202d.map,13,760,PushAndSwap --no-compress,0,178331889,313353,318423,1044,6405
brc202d.map,14,890,PushAndSwap --no-compress,-1,-1,-1,-1,-1,-1
brc202d.map,14,900,PushAndSwap --no-compress,-1,-1,-1,-1,-1,-1
brc202d.map,14,910,PushAndSwap --no-compress,-1,-1,-1,-1,-1,-1
brc202d.map,14,920,PushAndSwap --no-compress,0,271664971,378117,386603,1084,11155
brc202d.map,15,570,HCA,1,250504,245663,1050,1050,6864
brc202d.map,15,580,HCA,1,254431,248907,1050,1050,10786
brc202d.map,15,590,HCA,1,259327,252580,1050,1050,20754
brc202d.map,15,600,HCA,1,262853,256251,1050,1050,19327
brc202d.map,15,610,HCA,1,266360,259951,1050,1050,14454
brc202d.map,15,620,HCA,1,270819,263914,1067,1067,30019
brc202d.map,15,630,HCA,1,274588,267313,1067,1067,12075
brc202d.map,15,640,HCA,1,279548,271482,1067,1067,16019
brc202d.map,15,650,HCA,1,285127,277057,1067,1067,11099
brc202d.map,15,660,HCA,1,288913,280024,1067,1067,22390
brc202d.map,15,670,HCA,1,293301,284649,1067,1067,16532
brc202d.map,15,680,HCA,1,298832,289407,1067,1067,17367
brc202d.map,12,730,PushAndSwap,0,45190,299926,2001,1081,52553
brc202d.map,12,740,PushAndSwap,0,45215,304298,2001,1081,363900
brc202d.map,12,750,PushAndSwap,0,45270,307778,2001,1081,20892
brc202d.map,12,760,PushAndSwap,0,45353,311385,2001,1081,721128
brc202d.map,15,10,PIBT_PLUS,1,4931,4923,901,901,23
brc202d.map,15,20,PIBT_PLUS,1,8910,8875,930,930,43
brc202d.map,15,30,PIBT_PLUS,1,11524,11487,930,930,64
brc202d.map,15,40,PIBT_PLUS,1,16081,15973,964,964,77
brc202d.map,15,50,PIBT_PLUS,1,20521,20383,1027,1027,103
brc202d.map,15,60,PIBT_PLUS,1,24934,24735,1027,1027,129
brc202d.map,15,70,PIBT_PLUS,1,29267,28491,1027,1027,122
brc202d.map,15,80,PIBT_PLUS,1,35681,34032,1027,1027,151
brc202d.map,15,90,PIBT_PLUS,1,40450,38298,1027,1027,182
brc202d.map,15,100,PIBT_PLUS,1,46198,43636,1027,1027,215
brc202d.map,15,110,PIBT_PLUS,1,50774,47686,1027,1027,262
brc202d.map,15,120,PIBT_PLUS,1,53717,50367,1027,1027,250
brc202d.map,15,130,PIBT_PLUS,1,57982,54578,1027,1027,259
brc202d.map,15,140,PIBT_PLUS,1,62899,59232,1027,1027,291
brc202d.map,15,150,PIBT_PLUS,1,67380,62447,1027,1027,160
brc202d.map,15,160,PIBT_PLUS,1,73165,67512,1027,1027,376
brc202d.map,15,690,HCA,0,0,291512,-1,1067,30030
brc202d.map,15,700,HCA,1,307091,295345,1067,1067,19736
brc202d.map,15,710,HCA,1,311378,299648,1067,1067,23456
brc202d.map,15,720,HCA,1,315013,303219,1067,1067,21002
brc202d.map,15,170,PIBT_PLUS,1,77664,71846,1027,1027,415
brc202d.map,15,180,PIBT_PLUS,1,83276,76798,1027,1027,205
brc202d.map,15,190,PIBT_PLUS,1,87578,81127,1027,1027,578
brc202d.map,15,200,PIBT_PLUS,1,94011,86294,1050,1050,423
brc202d.map,15,210,PIBT_PLUS,1,101105,91838,1050,1050,493
brc202d.map,15,220,PIBT_PLUS,1,104873,94804,1050,1050,715
brc202d.map,15,230,PIBT_PLUS,1,109003,98817,1050,1050,599
brc202d.map,15,240,PIBT_PLUS,1,115547,103823,1050,1050,507
brc202d.map,15,250,PIBT_PLUS,1,120793,109298,1050,1050,607
brc202d.map,15,260,PIBT_PLUS,1,126441,113658,1050,1050,628
brc202d.map,15,270,PIBT_PLUS,1,132126,118038,1050,1050,289
brc202d.map,15,280,PIBT_PLUS,1,135261,122082,1050,1050,614
brc202d.map,15,730,HCA,1,319862,307937,1067,1067,23035
brc202d.map,15,740,HCA,0,0,312362,-1,1067,30015
brc202d.map,15,750,HCA,1,329014,316282,1067,1067,15440
brc202d.map,15,760,HCA,1,333953,320095,1067,1067,25654
brc202d.map,15,290,PIBT_PLUS,1,142604,126975,1050,1050,963
brc202d.map,15,300,PIBT_PLUS,1,147982,132260,1050,1050,1039
brc202d.map,15,310,PIBT_PLUS,1,151866,136450,1050,1050,944
brc202d.map,15,320,PIBT_PLUS,1,158256,140576,1050,1050,432
brc202d.map,15,330,PIBT_PLUS,1,161961,144899,1050,1050,639
brc202d.map,15,340,PIBT_PLUS,1,168276,150610,1050,1050,848
brc202d.map,15,350,PIBT_PLUS,1,174742,155103,1050,1050,711
brc202d.map,15,360,PIBT_PLUS,1,177007,158730,1050,1050,861
brc202d.map,15,370,PIBT_PLUS,1,180817,162728,1050,1050,855
brc202d.map,15,380,PIBT_PLUS,1,185613,166909,1050,1050,988
brc202d.map,15,390,PIBT_PLUS,1,191585,171594,1050,1050,1019
brc202d.map,15,400,PIBT_PLUS,1,195727,174916,1050,1050,1385
brc202d.map,15,410,PIBT_PLUS,1,199496,179251,1050,1050,1164
brc202d.map,15,420,PIBT_PLUS,1,206451,183496,1050,1050,1225
brc202d.map,15,430,PIBT_PLUS,1,211781,186863,1050,1050,1454
brc202d.map,15,440,PIBT_PLUS,1,213358,191401,1050,1050,1179
brc202d.map,15,450,PIBT_PLUS,1,219916,196376,1050,1050,1187
brc202d.map,15,460,PIBT_PLUS,1,225789,201814,1050,1050,674
brc202d.map,15,470,PIBT_PLUS,1,232133,206066,1050,1050,655
brc202d.map,15,480,PIBT_PLUS,1,235587,209302,1050,1050,1012
brc202d.map,15,490,PIBT_PLUS,1,242290,214537,1050,1050,1226
brc202d.map,15,500,PIBT_PLUS,1,244826,218666,1050,1050,1546
brc202d.map,15,510,PIBT_PLUS,1,250635,221813,1050,1050,3071
brc202d.map,15,520,PIBT_PLUS,1,256578,225052,1050,1050,739
brc202d.map,15,530,PIBT_PLUS,1,261101,227534,1050,1050,1542
brc202d.map,15,540,PIBT_PLUS,1,262261,232380,1050,1050,3148
brc202d.map,15,550,PIBT_PLUS,1,269539,236478,1050,1050,1101
brc202d.map,15,560,PIBT_PLUS,1,274310,240399,1050,1050,1797
brc202d.map,15,570,PIBT_PLUS,1,279805,245663,1050,1050,1192
brc202d.map,15,580,PIBT_PLUS,1,283210,248907,1050,1050,2642
brc202d.map,15,590,PIBT_PLUS,1,289635,252580,1050,1050,1112
brc202d.map,15,600,PIBT_PLUS,1,296703,256251,1050,1050,1671
brc202d.map,15,770,HCA,1,338310,324171,1067,1067,14938
brc202d.map,15,780,HCA,0,0,329069,-1,1067,30111
brc202d.map,15,790,HCA,1,347776,333100,1067,1067,17766
brc202d.map,15,800,HCA,1,351024,336562,1067,1067,21749
brc202d.map,13,770,PushAndSwap --no-compress,0,183273218,318291,323427,1044,6429
brc202d.map,13,780,PushAndSwap --no-compress,0,188179413,321940,327132,1044,7121
brc202d.map,13,790,PushAndSwap --no-compress,0,192878667,325673,330955,1044,8866
brc202d.map,13,800,PushAndSwap --no-compress,0,198692606,330884,336376,1082,7425
brc202d.map,15,610,PIBT_PLUS,1,300569,259951,1050,1050,1827
brc202d.map,15,620,PIBT_PLUS,1,303913,263914,1067,1067,1761
brc202d.map,15,630,PIBT_PLUS,1,310425,267313,1067,1067,689
brc202d.map,15,640,PIBT_PLUS,1,316257,271482,1067,1067,803
brc202d.map,15,810,HCA,1,355369,340059,1067,1067,15213
brc202d.map,15,820,HCA,1,359865,343764,1067,1067,20540
brc202d.map,15,830,HCA,1,365084,348631,1067,1067,27941
brc202d.map,15,840,HCA,1,368848,351755,1067,1067,23753
brc202d.map,15,650,PIBT_PLUS,1,320087,277057,1067,1067,1984
brc202d.map,15,660,PIBT_PLUS,1,323744,280024,1067,1067,1557
brc202d.map,15,670,PIBT_PLUS,1,330741,284649,1067,1067,992
brc202d.map,15,680,PIBT_PLUS,1,336978,289407,1067,1067,1533
brc202d.map,15,690,PIBT_PLUS,1,341374,291512,1067,1067,1493
brc202d.map,15,700,PIBT_PLUS,1,346429,295345,1067,1067,1773
brc202d.map,15,710,PIBT_PLUS,1,351840,299648,1067,1067,1850
brc202d.map,15,720,PIBT_PLUS,1,357200,303219,1067,1067,2206
brc202d.map,15,730,PIBT_PLUS,1,364997,307937,1067,1067,1697
brc202d.map,15,740,PIBT_PLUS,1,368665,312362,1067,1067,1321
brc202d.map,15,750,PIBT_PLUS,1,375385,316282,1067,1067,2523
brc202d.map,15,760,PIBT_PLUS,1,380508,320095,1067,1067,3826
brc202d.map,15,770,PIBT_PLUS,1,386545,324171,1067,1067,1591
brc202d.map,15,780,PIBT_PLUS,1,391639,329069,1067,1067,1969
brc202d.map,15,790,PIBT_PLUS,1,396539,333100,1067,1067,1847
brc202d.map,15,800,PIBT_PLUS,1,401736,336562,1067,1067,3509
brc202d.map,15,10,PushAndSwap,0,15141,4923,2001,901,58
brc202d.map,15,20,PushAndSwap,0,16823,8875,2001,930,72
brc202d.map,15,30,PushAndSwap,0,20465,11487,2001,930,110
brc202d.map,15,40,PushAndSwap,0,20896,15973,2001,964,108
brc202d.map,15,50,PushAndSwap,0,15988,20383,2001,1027,135
brc202d.map,15,60,PushAndSwap,0,21944,24735,2001,1027,173
brc202d.map,15,70,PushAndSwap,0,20293,28491,2001,1027,561
brc202d.map,15,80,PushAndSwap,0,21119,34032,2001,1027,475
brc202d.map,15,810,PIBT_PLUS,1,410872,340059,1067,1067,1922
brc202d.map,15,820,PIBT_PLUS,1,413659,343764,1067,1067,1675
brc202d.map,15,830,PIBT_PLUS,1,418763,348631,1067,1067,2230
brc202d.map,15,840,PIBT_PLUS,1,421844,351755,1067,1067,1664
brc202d.map,15,90,PushAndSwap,0,19554,38298,2001,1027,298
brc202d.map,15,100,PushAndSwap,0,19063,43636,2001,1027,256
brc202d.map,15,110,PushAndSwap,0,18126,47686,2001,1027,253
brc202d.map,15,120,PushAndSwap,0,19575,50367,2001,1027,607
brc202d.map,14,650,PushAndSwap,0,49281,270522,2001,1084,242720
brc202d.map,14,660,PushAndSwap,0,53986,275302,2001,1084,133034
brc202d.map,14,670,PushAndSwap,0,54200,278719,2001,1084,15488
brc202d.map,14,680,PushAndSwap,0,49559,282421,2001,1084,35497
brc202d.map,15,850,PIBT_PLUS,1,428933,356556,1067,1067,2715
brc202d.map,15,860,PIBT_PLUS,1,441715,361703,1067,1067,3867
brc202d.map,15,870,PIBT_PLUS,1,444232,364492,1067,1067,1700
brc202d.map,15,880,PIBT_PLUS,1,449676,369121,1067,1067,1910
brc202d.map,15,130,PushAndSwap,0,19392,54578,2001,1027,331
brc202d.map,15,140,PushAndSwap,0,23122,59232,2001,1027,541
brc202d.map,15,150,PushAndSwap,0,23868,62447,2001,1027,663
brc202d.map,15,160,PushAndSwap,0,25632,67512,2001,1027,604
brc202d.map,14,690,PushAndSwap --no-compress,0,150430215,286676,291354,1084,5346
brc202d.map,14,700,PushAndSwap --no-compress,0,154839915,290014,294840,1084,8044
brc202d.map,14,710,PushAndSwap --no-compress,0,159213335,294481,299397,1084,6052
brc202d.map,14,720,PushAndSwap --no-compress,0,164389122,299107,304271,1084,6884
brc202d.map,15,890,PIBT_PLUS,1,453789,371911,1067,1067,2442
brc202d.map,15,900,PIBT_PLUS,1,460120,374958,1067,1067,1119
brc202d.map,15,910,PIBT_PLUS,1,464650,378876,1067,1067,1451
brc202d.map,15,920,PIBT_PLUS,1,472376,383209,1067,1067,1161
brc202d.map,15,170,PushAndSwap,0,25645,71846,2001,1027,746
brc202d.map,15,180,PushAndSwap,0,28979,76798,2001,1027,509
brc202d.map,15,190,PushAndSwap,0,32375,81127,2001,1027,622
brc202d.map,15,200,PushAndSwap,0,23838,86294,2001,1050,802
brc202d.map,15,930,PIBT_PLUS,1,481771,387040,1078,1078,4165
brc202d.map,15,940,PIBT_PLUS,1,484552,390655,1078,1078,1856
brc202d.map,15,950,PIBT_PLUS,1,492521,395577,1078,1078,1791
brc202d.map,15,960,PIBT_PLUS,1,496792,399142,1078,1078,1191
brc202d.map,15,210,PushAndSwap,0,24489,91838,2001,1050,681
brc202d.map,15,220,PushAndSwap,0,24769,94804,2001,1050,924
brc202d.map,15,230,PushAndSwap,0,21078,98817,2001,1050,914
brc202d.map,15,240,PushAndSwap,0,21204,103823,2001,1050,1350
brc202d.map,15,970,PIBT_PLUS,1,498987,402728,1108,1108,1933
brc202d.map,15,980,PIBT_PLUS,1,509670,406972,1108,1108,1980
brc202d.map,15,990,PIBT_PLUS,1,513225,411305,1108,1108,1337
brc202d.map,15,1000,PIBT_PLUS,1,523205,417389,1108,1108,1813
brc202d.map,15,250,PushAndSwap,0,19360,109298,2001,1050,980
brc202d.map,15,260,PushAndSwap,0,19448,113658,2001,1050,1245
brc202d.map,15,270,PushAndSwap,0,21251,118038,2001,1050,1722
brc202d.map,15,280,PushAndSwap,0,21504,122082,2001,1050,1553
brc202d.map,12,770,PushAndSwap,0,45225,315729,2001,1081,423628
brc202d.map,12,780,PushAndSwap,0,47045,321233,2001,1081,287788
brc202d.map,12,790,PushAndSwap,0,47265,324111,2001,1081,34847
brc202d.map,12,800,PushAndSwap,0,46613,329442,2001,1081,467165
brc202d.map,15,290,PushAndSwap,0,18067,126975,2001,1050,1300
brc202d.map,15,300,PushAndSwap,0,19705,132260,2001,1050,1713
brc202d.map,15,310,PushAndSwap,0,19742,136450,2001,1050,1976
brc202d.map,15,320,PushAndSwap,0,21169,140576,2001,1050,1772
brc202d.map,15,330,PushAndSwap,0,21597,144899,2001,1050,1974
brc202d.map,15,340,PushAndSwap,0,21357,150610,2001,1050,2386
brc202d.map,15,350,PushAndSwap,0,21830,155103,2001,1050,2120
brc202d.map,15,360,PushAndSwap,0,22130,158730,2001,1050,2941
brc202d.map,15,370,PushAndSwap,0,21972,162728,2001,1050,2222
brc202d.map,15,380,PushAndSwap,0,22575,166909,2001,1050,2866
brc202d.map,15,390,PushAndSwap,0,22677,171594,2001,1050,3053
brc202d.map,15,400,PushAndSwap,0,22757,174916,2001,1050,3308
brc202d.map,15,410,PushAndSwap,0,23239,179251,2001,1050,2876
brc202d.map,15,420,PushAndSwap,0,22709,183496,2001,1050,3074
brc202d.map,15,430,PushAndSwap,0,23195,186863,2001,1050,4117
brc202d.map,15,440,PushAndSwap,0,23915,191401,2001,1050,4846
brc202d.map,15,850,HCA,0,0,356556,-1,1067,30044
brc202d.map,15,860,HCA,0,0,361703,-1,1067,30002
brc202d.map,15,870,HCA,0,0,364492,-1,1067,30060
brc202d.map,15,880,HCA,1,389273,369121,1067,1067,27294
brc202d.map,15,450,PushAndSwap,0,25627,196376,2001,1050,3885
brc202d.map,15,460,PushAndSwap,0,27594,201814,2001,1050,4344
brc202d.map,15,470,PushAndSwap,0,26566,206066,2001,1050,7720
brc202d.map,15,480,PushAndSwap,0,26658,209302,2001,1050,5914
brc202d.map,15,890,HCA,1,392466,371911,1067,1067,28928
brc202d.map,15,900,HCA,0,0,374958,-1,1067,30009
brc202d.map,15,910,HCA,0,0,378876,-1,1067,30001
brc202d.map,15,920,HCA,1,404707,383209,1067,1067,29294
brc202d.map,14,970,PushAndSwap --no-compress,-1,-1,-1,-1,-1,-1
brc202d.map,14,980,PushAndSwap --no-compress,-1,-1,-1,-1,-1,-1
brc202d.map,14,990,PushAndSwap --no-compress,-1,-1,-1,-1,-1,-1
brc202d.map,14,1000,PushAndSwap --no-compress,-1,-1,-1,-1,-1,-1
brc202d.map,15,490,PushAndSwap,0,26833,214537,2001,1050,4372
brc202d.map,15,500,PushAndSwap,0,27897,218666,2001,1050,8753
brc202d.map,15,510,PushAndSwap,0,27962,221813,2001,1050,12107
brc202d.map,15,520,PushAndSwap,0,27750,225052,2001,1050,5437
brc202d.map,15,930,HCA,0,0,387040,-1,1078,30004
brc202d.map,15,940,HCA,0,0,390655,-1,1078,30016
brc202d.map,15,950,HCA,0,0,395577,-1,1078,30006
brc202d.map,15,960,HCA,0,0,399142,-1,1078,30008
brc202d.map,15,10,PushAndSwap --no-compress,0,34317,4923,4923,901,10
brc202d.map,15,20,PushAndSwap --no-compress,0,123232,8875,8875,930,20
brc202d.map,15,30,PushAndSwap --no-compress,0,248956,11487,11499,930,34
brc202d.map,15,40,PushAndSwap --no-compress,0,454851,15973,15985,964,43
brc202d.map,15,50,PushAndSwap --no-compress,0,726996,20383,20395,1027,64
brc202d.map,15,60,PushAndSwap --no-compress,0,1049505,24735,24747,1027,81
brc202d.map,15,70,PushAndSwap --no-compress,0,1405362,28491,28513,1027,122
brc202d.map,15,80,PushAndSwap --no-compress,0,1899948,34032,34060,1027,123
brc202d.map,15,90,PushAndSwap --no-compress,0,2414093,38298,38326,1027,178
brc202d.map,15,100,PushAndSwap --no-compress,0,3051568,43636,43690,1027,100
brc202d.map,15,110,PushAndSwap --no-compress,0,3652670,47686,47740,1027,118
brc202d.map,15,120,PushAndSwap --no-compress,0,4236641,50367,50437,1027,248
brc202d.map,15,970,HCA,0,0,402728,-1,1108,30066
brc202d.map,15,980,HCA,0,0,406972,-1,1108,30006
brc202d.map,15,990,HCA,0,0,411305,-1,1108,30023
brc202d.map,15,1000,HCA,0,0,417389,-1,1108,31630
brc202d.map,15,130,PushAndSwap --no-compress,0,4982046,54578,54654,1027,227
brc202d.map,15,140,PushAndSwap --no-compress,0,5868226,59232,59362,1027,241
brc202d.map,15,150,PushAndSwap --no-compress,0,6727747,62447,62591,1027,429
brc202d.map,15,160,PushAndSwap --no-compress,0,7746884,67512,67666,1027,445
brc202d.map,15,170,PushAndSwap --no-compress,0,8714766,71846,72030,1027,412
brc202d.map,15,180,PushAndSwap --no-compress,0,9825881,76798,76982,1027,562
brc202d.map,15,190,PushAndSwap --no-compress,0,10932765,81127,81311,1027,722
brc202d.map,15,200,PushAndSwap --no-compress,0,12298938,86294,86502,1050,741
brc202d.map,15,210,PushAndSwap --no-compress,0,13738591,91838,92136,1050,768
brc202d.map,15,220,PushAndSwap --no-compress,0,14909191,94804,95308,1050,1077
brc202d.map,15,230,PushAndSwap --no-compress,0,16207499,98817,99359,1050,864
brc202d.map,15,240,PushAndSwap --no-compress,0,17732116,103823,104411,1050,614
brc202d.map,15,250,PushAndSwap --no-compress,0,19378632,109298,109886,1050,1151
brc202d.map,15,260,PushAndSwap --no-compress,0,20960708,113658,114268,1050,787
brc202d.map,15,270,PushAndSwap --no-compress,0,22668697,118038,118818,1050,846
brc202d.map,15,280,PushAndSwap --no-compress,0,24381521,122082,122914,1050,1580
brc202d.map,15,290,PushAndSwap --no-compress,0,26278636,126975,127831,1050,1588
brc202d.map,15,300,PushAndSwap --no-compress,0,28267295,132260,133134,1050,1370
brc202d.map,15,310,PushAndSwap --no-compress,0,30240173,136450,137360,1050,699
brc202d.map,15,320,PushAndSwap --no-compress,0,32283413,140576,141576,1050,1788
brc202d.map,15,330,PushAndSwap --no-compress,0,34276664,144899,145943,1050,1219
brc202d.map,15,340,PushAndSwap --no-compress,0,36726542,150610,151762,1050,1078
brc202d.map,15,350,PushAndSwap --no-compress,0,38972999,155103,156285,1050,3374
brc202d.map,15,360,PushAndSwap --no-compress,0,41030737,158730,159930,1050,2007
brc202d.map,15,370,PushAndSwap --no-compress,0,43284235,162728,163976,1050,2067
brc202d.map,15,380,PushAndSwap --no-compress,0,45643190,166909,168193,1050,3033
brc202d.map,15,390,PushAndSwap --no-compress,0,48111684,171594,172902,1050,969
brc202d.map,15,400,PushAndSwap --no-compress,0,50516847,174916,176290,1050,2855
brc202d.map,15,410,PushAndSwap --no-compress,0,52942666,179251,180661,1050,2133
brc202d.map,15,420,PushAndSwap --no-compress,0,55716461,183496,185104,1050,2384
brc202d.map,15,430,PushAndSwap --no-compress,0,58322855,186863,188507,1050,1520
brc202d.map,15,440,PushAndSwap --no-compress,0,61325478,191401,193115,1050,3268
brc202d.map,15,970,PushAndSwap,-1,-1,-1,-1,-1,-1
brc202d.map,15,980,PushAndSwap,-1,-1,-1,-1,-1,-1
brc202d.map,15,990,PushAndSwap,-1,-1,-1,-1,-1,-1
brc202d.map,15,1000,PushAndSwap,-1,-1,-1,-1,-1,-1
brc202d.map,15,450,PushAndSwap --no-compress,0,64351100,196376,198130,1050,2560
brc202d.map,15,460,PushAndSwap --no-compress,0,67468274,201814,203588,1050,2031
brc202d.map,15,470,PushAndSwap --no-compress,0,70467590,206066,208024,1050,4816
brc202d.map,15,480,PushAndSwap --no-compress,0,73155863,209302,211320,1050,4257
brc202d.map,15,890,PushAndSwap,-1,-1,-1,-1,-1,-1
brc202d.map,15,900,PushAndSwap,-1,-1,-1,-1,-1,-1
brc202d.map,15,910,PushAndSwap,-1,-1,-1,-1,-1,-1
brc202d.map,15,920,PushAndSwap,-1,-1,-1,-1,-1,-1
brc202d.map,15,490,PushAndSwap --no-compress,0,76651422,214537,216611,1050,4810
brc202d.map,15,500,PushAndSwap --no-compress,0,80145396,218666,221122,1050,4717
brc202d.map,15,510,PushAndSwap --no-compress,0,83020950,221813,224281,1050,4496
brc202d.map,15,520,PushAndSwap --no-compress,0,86005381,225052,227636,1050,3025
brc202d.map,15,530,PushAndSwap --no-compress,0,88877603,227534,230130,1050,3904
brc202d.map,15,540,PushAndSwap --no-compress,0,92435713,232380,235036,1050,3541
brc202d.map,15,550,PushAndSwap --no-compress,0,96057370,236478,239224,1050,2243
brc202d.map,15,560,PushAndSwap --no-compress,0,99612626,240399,243183,1050,4854
brc202d.map,15,610,PushAndSwap,0,29884,259951,2001,1050,17220
brc202d.map,15,620,PushAndSwap,0,35685,263914,2001,1067,62597
brc202d.map,15,630,PushAndSwap,0,35605,267313,2001,1067,14262
brc202d.map,15,640,PushAndSwap,0,35700,271482,2001,1067,8917
brc202d.map,15,930,PushAndSwap,-1,-1,-1,-1,-1,-1
brc202d.map,15,940,PushAndSwap,-1,-1,-1,-1,-1,-1
brc202d.map,15,950,PushAndSwap,-1,-1,-1,-1,-1,-1
brc202d.map,15,960,PushAndSwap,-1,-1,-1,-1,-1,-1
brc202d.map,15,570,PushAndSwap --no-compress,0,103746348,245663,248497,1050,5026
brc202d.map,15,580,PushAndSwap --no-compress,0,107136028,248907,251819,1050,3209
brc202d.map,15,590,PushAndSwap --no-compress,0,110692959,252580,255606,1050,5086
brc202d.map,15,600,PushAndSwap --no-compress,0,114560345,256251,259507,1050,4935
brc202d.map,15,650,PushAndSwap,0,35557,277057,2001,1067,19693
brc202d.map,15,660,PushAndSwap,0,35175,280024,2001,1067,42452
brc202d.map,15,670,PushAndSwap,0,35354,284649,2001,1067,9731
brc202d.map,15,680,PushAndSwap,0,35295,289407,2001,1067,31184
brc202d.map,15,610,PushAndSwap --no-compress,0,118203506,259951,263377,1050,4142
brc202d.map,15,620,PushAndSwap --no-compress,0,122807576,263914,267410,1067,4719
brc202d.map,15,630,PushAndSwap --no-compress,0,126512591,267313,270851,1067,4466
brc202d.map,15,640,PushAndSwap --no-compress,0,130770686,271482,275166,1067,3299
brc202d.map,15,650,PushAndSwap --no-compress,0,135192543,277057,280949,1067,5261
brc202d.map,15,660,PushAndSwap --no-compress,0,138802634,280024,283972,1067,5221
brc202d.map,15,670,PushAndSwap --no-compress,0,143297647,284649,288675,1067,4557
brc202d.map,15,680,PushAndSwap --no-compress,0,147853446,289407,293539,1067,6806
brc202d.map,15,570,PushAndSwap,0,27902,245663,2001,1050,19760
brc202d.map,15,580,PushAndSwap,0,30447,248907,2001,1050,87573
brc202d.map,15,590,PushAndSwap,0,30711,252580,2001,1050,7306
brc202d.map,15,600,PushAndSwap,0,29901,256251,2001,1050,19747
brc202d.map,15,850,PushAndSwap,-1,-1,-1,-1,-1,-1
brc202d.map,15,860,PushAndSwap,-1,-1,-1,-1,-1,-1
brc202d.map,15,870,PushAndSwap,-1,-1,-1,-1,-1,-1
brc202d.map,15,880,PushAndSwap,-1,-1,-1,-1,-1,-1
brc202d.map,16,10,PIBT,1,4697,4689,833,833,6
brc202d.map,16,20,PIBT,1,8067,7948,833,833,13
brc202d.map,16,30,PIBT,1,12123,11976,833,833,21
brc202d.map,16,40,PIBT,1,15683,15498,833,833,29
brc202d.map,16,50,PIBT,1,20152,19705,833,833,40
brc202d.map,16,60,PIBT,1,25954,25068,833,833,60
brc202d.map,16,70,PIBT,1,30035,28688,833,833,91
brc202d.map,16,80,PIBT,1,33874,32978,833,833,113
brc202d.map,14,810,PushAndSwap --no-compress,0,209328937,335312,341870,1084,12450
brc202d.map,14,820,PushAndSwap --no-compress,0,214158221,338613,345333,1084,7545
brc202d.map,14,830,PushAndSwap --no-compress,-1,-1,-1,-1,-1,-1
brc202d.map,14,840,PushAndSwap --no-compress,-1,-1,-1,-1,-1,-1
brc202d.map,16,90,PIBT,1,38327,37196,982,982,70
brc202d.map,16,100,PIBT,1,42088,40765,982,982,72
brc202d.map,16,110,PIBT,1,47412,45455,1036,1036,147
brc202d.map,16,120,PIBT,1,52039,49253,1036,1036,137
brc202d.map,16,130,PIBT,1,58039,54988,1036,1036,173
brc202d.map,16,140,PIBT,1,62453,59507,1036,1036,234
brc202d.map,16,150,PIBT,1,67713,63166,1036,1036,234
brc202d.map,16,160,PIBT,1,71783,66783,1036,1036,219
brc202d.map,16,170,PIBT,1,76757,70880,1036,1036,318
brc202d.map,16,180,PIBT,1,79550,74335,1036,1036,219
brc202d.map,16,190,PIBT,1,84495,78186,1036,1036,140
brc202d.map,16,200,PIBT,1,89901,82729,1036,1036,162
brc202d.map,16,210,PIBT,1,96510,89222,1036,1036,145
brc202d.map,16,220,PIBT,1,100523,91923,1036,1036,170
brc202d.map,16,230,PIBT,1,104647,95538,1036,1036,233
brc202d.map,16,240,PIBT,1,107522,99294,1036,1036,224
brc202d.map,16,250,PIBT,1,111501,102262,1036,1036,267
brc202d.map,16,260,PIBT,1,116481,105471,1036,1036,473
brc202d.map,16,270,PIBT,1,121040,109310,1036,1036,381
brc202d.map,16,280,PIBT,1,126425,115150,1036,1036,206
brc202d.map,16,290,PIBT,1,133010,119494,1036,1036,209
brc202d.map,16,300,PIBT,1,139170,123785,1036,1036,315
brc202d.map,16,310,PIBT,1,143681,127363,1036,1036,366
brc202d.map,16,320,PIBT,1,148959,132527,1036,1036,525
brc202d.map,16,330,PIBT,1,154148,137301,1036,1036,360
brc202d.map,16,340,PIBT,1,161660,141407,1036,1036,643
brc202d.map,16,350,PIBT,1,164065,144140,1036,1036,486
brc202d.map,16,360,PIBT,1,169528,149202,1036,1036,261
brc202d.map,16,370,PIBT,1,175520,154422,1056,1056,267
brc202d.map,16,380,PIBT,1,180688,158431,1056,1056,369
brc202d.map,16,390,PIBT,1,184479,161445,1056,1056,803
brc202d.map,16,400,PIBT,1,189439,165979,1056,1056,429
brc202d.map,16,410,PIBT,1,194764,170019,1056,1056,558
brc202d.map,16,420,PIBT,1,198823,172886,1056,1056,581
brc202d.map,16,430,PIBT,1,202993,177512,1056,1056,309
brc202d.map,16,440,PIBT,1,207785,181111,1056,1056,599
brc202d.map,15,890,PushAndSwap --no-compress,-1,-1,-1,-1,-1,-1
brc202d.map,15,900,PushAndSwap --no-compress,-1,-1,-1,-1,-1,-1
brc202d.map,15,910,PushAndSwap --no-compress,-1,-1,-1,-1,-1,-1
brc202d.map,15,920,PushAndSwap --no-compress,-1,-1,-1,-1,-1,-1
brc202d.map,16,450,PIBT,1,212450,185084,1056,1056,625
brc202d.map,16,460,PIBT,1,217825,189730,1056,1056,834
brc202d.map,16,470,PIBT,1,222332,193429,1056,1056,341
brc202d.map,16,480,PIBT,1,227008,196802,1056,1056,386
brc202d.map,16,490,PIBT,1,230356,200235,1056,1056,449
brc202d.map,16,500,PIBT,1,239649,204505,1056,1056,492
brc202d.map,16,510,PIBT,1,242204,208184,1056,1056,656
brc202d.map,16,520,PIBT,1,248285,213168,1056,1056,747
brc202d.map,16,530,PIBT,1,254824,216718,1056,1056,522
brc202d.map,16,540,PIBT,1,259090,220669,1056,1056,839
brc202d.map,16,550,PIBT,1,262711,224288,1056,1056,568
brc202d.map,16,560,PIBT,1,270185,230024,1056,1056,722
brc202d.map,15,930,PushAndSwap --no-compress,-1,-1,-1,-1,-1,-1
brc202d.map,15,940,PushAndSwap --no-compress,-1,-1,-1,-1,-1,-1
brc202d.map,15,950,PushAndSwap --no-compress,-1,-1,-1,-1,-1,-1
brc202d.map,15,960,PushAndSwap --no-compress,-1,-1,-1,-1,-1,-1
brc202d.map,16,570,PIBT,1,274042,233281,1056,1056,699
brc202d.map,16,580,PIBT,1,278980,239267,1056,1056,1072
brc202d.map,16,590,PIBT,1,285565,242786,1056,1056,432
brc202d.map,16,600,PIBT,1,290806,247113,1056,1056,479
brc202d.map,16,610,PIBT,1,293560,250756,1056,1056,895
brc202d.map,16,620,PIBT,1,302778,255331,1056,1056,449
brc202d.map,16,630,PIBT,1,306770,261689,1056,1056,713
brc202d.map,16,640,PIBT,1,313720,264696,1056,1056,708
brc202d.map,16,650,PIBT,1,321997,269973,1056,1056,498
brc202d.map,16,660,PIBT,1,323882,273351,1056,1056,768
brc202d.map,16,670,PIBT,1,334131,278883,1056,1056,685
brc202d.map,16,680,PIBT,1,340969,283715,1056,1056,635
brc202d.map,16,690,PIBT,1,345868,288938,1056,1056,503
brc202d.map,16,700,PIBT,1,353124,294001,1056,1056,635
brc202d.map,16,710,PIBT,1,361334,297502,1056,1056,819
brc202d.map,16,720,PIBT,1,366918,301464,1056,1056,833
brc202d.map,16,730,PIBT,1,370701,306019,1056,1056,1082
brc202d.map,16,740,PIBT,1,373341,308725,1056,1056,685
brc202d.map,16,750,PIBT,1,381747,313603,1056,1056,750
brc202d.map,16,760,PIBT,1,385610,316859,1056,1056,760
brc202d.map,15,850,PushAndSwap --no-compress,-1,-1,-1,-1,-1,-1
brc202d.map,15,860,PushAndSwap --no-compress,-1,-1,-1,-1,-1,-1
brc202d.map,15,870,PushAndSwap --no-compress,-1,-1,-1,-1,-1,-1
brc202d.map,15,880,PushAndSwap --no-compress,0,250199610,369121,376447,1067,9396
brc202d.map,16,770,PIBT,1,390437,320639,1056,1056,840
brc202d.map,16,780,PIBT,1,396510,323353,1056,1056,865
brc202d.map,16,790,PIBT,1,398820,327569,1056,1056,785
brc202d.map,16,800,PIBT,1,409462,333655,1069,1069,881
brc202d.map,16,810,PIBT,1,411541,337302,1069,1069,958
brc202d.map,16,820,PIBT,1,418773,342274,1069,1069,856
brc202d.map,16,830,PIBT,1,423574,346056,1069,1069,869
brc202d.map,16,840,PIBT,0,430585,349492,2000,1069,943
brc202d.map,16,850,PIBT,0,435292,353915,2000,1069,1020
brc202d.map,16,860,PIBT,1,442711,357855,1069,1069,978
brc202d.map,16,870,PIBT,1,447497,361731,1069,1069,1108
brc202d.map,16,880,PIBT,1,455331,366412,1069,1069,724
brc202d.map,16,890,PIBT,0,457712,370916,2000,1069,1111
brc202d.map,16,900,PIBT,0,464365,374787,2000,1069,1377
brc202d.map,16,910,PIBT,1,471641,378927,1069,1069,775
brc202d.map,16,920,PIBT,0,474531,382160,2000,1069,1286
brc202d.map,16,10,HCA,1,4691,4689,833,833,373
brc202d.map,16,20,HCA,1,7954,7948,833,833,552
brc202d.map,16,30,HCA,1,11991,11976,833,833,700
brc202d.map,16,40,HCA,1,15517,15498,833,833,674
brc202d.map,16,930,PIBT,1,482515,387454,1069,1069,935
brc202d.map,16,940,PIBT,0,488085,391923,2000,1069,921
brc202d.map,16,950,PIBT,1,494387,396712,1069,1069,1069
brc202d.map,16,960,PIBT,0,497879,399676,2000,1069,1609
brc202d.map,16,50,HCA,1,19951,19705,833,833,616
brc202d.map,16,60,HCA,1,25320,25068,833,833,847
brc202d.map,16,70,HCA,1,28943,28688,833,833,591
brc202d.map,16,80,HCA,1,33251,32978,833,833,1279
brc202d.map,16,970,PIBT,1,505074,404945,1069,1069,1192
brc202d.map,16,980,PIBT,1,508590,409099,1069,1069,815
brc202d.map,16,990,PIBT,1,516934,413648,1069,1069,1073
brc202d.map,16,1000,PIBT,1,521178,417594,1069,1069,1276
brc202d.map,16,90,HCA,1,37573,37196,982,982,1229
brc202d.map,16,100,HCA,1,41154,40765,982,982,1029
brc202d.map,16,110,HCA,1,46378,45455,1036,1036,2543
brc202d.map,16,120,HCA,1,50201,49253,1036,1036,1718
brc202d.map,16,130,HCA,1,55934,54988,1036,1036,1592
brc202d.map,16,140,HCA,1,60542,59507,1036,1036,2861
brc202d.map,16,150,HCA,1,64226,63166,1036,1036,1809
brc202d.map,16,160,HCA,1,68210,66783,1036,1036,3553
brc202d.map,15,530,PushAndSwap,0,28188,227534,2001,1050,7370
brc202d.map,15,540,PushAndSwap,0,28485,232380,2001,1050,167629
brc202d.map,15,550,PushAndSwap,0,27734,236478,2001,1050,4655
brc202d.map,15,560,PushAndSwap,0,27781,240399,2001,1050,17099
brc202d.map,16,170,HCA,1,72315,70880,1036,1036,2302
brc202d.map,16,180,HCA,1,75778,74335,1036,1036,2915
brc202d.map,16,190,HCA,1,79680,78186,1036,1036,3395
brc202d.map,16,200,HCA,1,84368,82729,1036,1036,4264
brc202d.map,16,210,HCA,1,91068,89222,1036,1036,3901
brc202d.map,16,220,HCA,1,93809,91923,1036,1036,3731
brc202d.map,16,230,HCA,1,98124,95538,1036,1036,3787
brc202d.map,16,240,HCA,1,101883,99294,1036,1036,2474
brc202d.map,16,250,HCA,1,105075,102262,1036,1036,4733
brc202d.map,16,260,HCA,1,109112,105471,1036,1036,6149
brc202d.map,16,270,HCA,1,113002,109310,1036,1036,4297
brc202d.map,16,280,HCA,1,118865,115150,1036,1036,5871
brc202d.map,16,290,HCA,1,123401,119494,1036,1036,10920
brc202d.map,16,300,HCA,1,128458,123785,1036,1036,5774
brc202d.map,16,310,HCA,1,132203,127363,1036,1036,5259
brc202d.map,16,320,HCA,1,138069,132527,1036,1036,4794
brc202d.map,13,810,PushAndSwap,0,42955,333295,2001,1082,367311
brc202d.map,13,820,PushAndSwap,-1,-1,-1,-1,-1,-1
brc202d.map,13,830,PushAndSwap,-1,-1,-1,-1,-1,-1
brc202d.map,13,840,PushAndSwap,-1,-1,-1,-1,-1,-1
brc202d.map,15,690,PushAndSwap --no-compress,0,151540318,291512,295784,1067,5529
brc202d.map,15,700,PushAndSwap --no-compress,0,155887509,295345,299701,1067,6737
brc202d.map,15,710,PushAndSwap --no-compress,0,160654902,299648,304096,1067,8597
brc202d.map,15,720,PushAndSwap --no-compress,0,165232874,303219,307943,1067,7878
brc202d.map,14,690,PushAndSwap,0,54299,286676,2001,1084,241945
brc202d.map,14,700,PushAndSwap,0,54441,290014,2001,1084,161186
brc202d.map,14,710,PushAndSwap,0,48689,294481,2001,1084,248548
brc202d.map,14,720,PushAndSwap,0,49816,299107,2001,1084,26799
brc202d.map,15,970,PushAndSwap --no-compress,-1,-1,-1,-1,-1,-1
brc202d.map,15,980,PushAndSwap --no-compress,-1,-1,-1,-1,-1,-1
brc202d.map,15,990,PushAndSwap --no-compress,-1,-1,-1,-1,-1,-1
brc202d.map,15,1000,PushAndSwap --no-compress,-1,-1,-1,-1,-1,-1
brc202d.map,16,330,HCA,1,142869,137301,1036,1036,8862
brc202d.map,16,340,HCA,0,0,141407,-1,1036,38806
brc202d.map,16,350,HCA,0,0,144140,-1,1036,32632
brc202d.map,16,360,HCA,0,0,149202,-1,1036,35569
brc202d.map,16,610,HCA,1,261366,250756,1056,1056,19851
brc202d.map,16,620,HCA,1,267324,255331,1056,1056,10516
brc202d.map,16,630,HCA,1,273870,261689,1056,1056,14713
brc202d.map,16,640,HCA,1,277205,264696,1056,1056,26598
brc202d.map,16,650,HCA,1,282605,269973,1056,1056,23695
brc202d.map,16,660,HCA,1,286625,273351,1056,1056,16881
brc202d.map,16,670,HCA,1,292768,278883,1056,1056,20083
brc202d.map,16,680,HCA,1,297638,283715,1056,1056,14553
brc202d.map,16,450,HCA,0,0,185084,-1,1056,32966
brc202d.map,16,460,HCA,0,0,189730,-1,1056,31410
brc202d.map,16,470,HCA,0,0,193429,-1,1056,39216
brc202d.map,16,480,HCA,0,0,196802,-1,1056,37748
brc202d.map,16,410,HCA,0,0,170019,-1,1056,41127
brc202d.map,16,420,HCA,0,0,172886,-1,1056,31984
brc202d.map,16,430,HCA,0,0,177512,-1,1056,35614
brc202d.map,16,440,HCA,0,0,181111,-1,1056,37815
brc202d.map,16,370,HCA,0,0,154422,-1,1056,41669
brc202d.map,16,380,HCA,0,0,158431,-1,1056,32189
brc202d.map,16,390,HCA,0,0,161445,-1,1056,35931
brc202d.map,16,400,HCA,0,0,165979,-1,1056,37040
brc202d.map,16,570,HCA,0,0,233281,-1,1056,32506
brc202d.map,16,580,HCA,0,0,239267,-1,1056,34516
brc202d.map,16,590,HCA,0,0,242786,-1,1056,35581
brc202d.map,16,600,HCA,1,257437,247113,1056,1056,9359
brc202d.map,16,490,HCA,0,0,200235,-1,1056,31484
brc202d.map,16,500,HCA,0,0,204505,-1,1056,33893
brc202d.map,16,510,HCA,0,0,208184,-1,1056,32007
brc202d.map,16,520,HCA,0,0,213168,-1,1056,39117
brc202d.map,16,10,PIBT_PLUS,1,4697,4689,833,833,32
brc202d.map,16,20,PIBT_PLUS,1,8067,7948,833,833,63
brc202d.map,16,30,PIBT_PLUS,1,12123,11976,833,833,95
brc202d.map,16,40,PIBT_PLUS,1,15683,15498,833,833,99
brc202d.map,16,50,PIBT_PLUS,1,20152,19705,833,833,115
brc202d.map,16,60,PIBT_PLUS,1,25954,25068,833,833,105
brc202d.map,16,70,PIBT_PLUS,1,30035,28688,833,833,136
brc202d.map,16,80,PIBT_PLUS,1,33874,32978,833,833,148
brc202d.map,16,90,PIBT_PLUS,1,38327,37196,982,982,183
brc202d.map,16,100,PIBT_PLUS,1,42088,40765,982,982,201
brc202d.map,16,110,PIBT_PLUS,1,47412,45455,1036,1036,171
brc202d.map,16,120,PIBT_PLUS,1,52039,49253,1036,1036,128
brc202d.map,16,130,PIBT_PLUS,1,58039,54988,1036,1036,143
brc202d.map,16,140,PIBT_PLUS,1,62453,59507,1036,1036,162
brc202d.map,16,150,PIBT_PLUS,1,67713,63166,1036,1036,149
brc202d.map,16,160,PIBT_PLUS,1,71783,66783,1036,1036,171
brc202d.map,16,530,HCA,0,0,216718,-1,1056,32680
brc202d.map,16,540,HCA,0,0,220669,-1,1056,33995
brc202d.map,16,550,HCA,0,0,224288,-1,1056,31868
brc202d.map,16,560,HCA,0,0,230024,-1,1056,30921
brc202d.map,16,690,HCA,1,304263,288938,1056,1056,13047
brc202d.map,16,700,HCA,1,309819,294001,1056,1056,26949
brc202d.map,16,710,HCA,1,313379,297502,1056,1056,14746
brc202d.map,16,720,HCA,0,0,301464,-1,1056,30006
brc202d.map,16,170,PIBT_PLUS,1,76757,70880,1036,1036,344
brc202d.map,16,180,PIBT_PLUS,1,79550,74335,1036,1036,423
brc202d.map,16,190,PIBT_PLUS,1,84495,78186,1036,1036,464
brc202d.map,16,200,PIBT_PLUS,1,89901,82729,1036,1036,466
brc202d.map,16,210,PIBT_PLUS,1,96510,89222,1036,1036,330
brc202d.map,16,220,PIBT_PLUS,1,100523,91923,1036,1036,405
brc202d.map,16,230,PIBT_PLUS,1,104647,95538,1036,1036,371
brc202d.map,16,240,PIBT_PLUS,1,107522,99294,1036,1036,370
brc202d.map,16,250,PIBT_PLUS,1,111501,102262,1036,1036,436
brc202d.map,16,260,PIBT_PLUS,1,116481,105471,1036,1036,482
brc202d.map,16,270,PIBT_PLUS,1,121040,109310,1036,1036,777
brc202d.map,16,280,PIBT_PLUS,1,126425,115150,1036,1036,304
brc202d.map,16,290,PIBT_PLUS,1,133010,119494,1036,1036,852
brc202d.map,16,300,PIBT_PLUS,1,139170,123785,1036,1036,329
brc202d.map,16,310,PIBT_PLUS,1,143681,127363,1036,1036,642
brc202d.map,16,320,PIBT_PLUS,1,148959,132527,1036,1036,593
brc202d.map,16,330,PIBT_PLUS,1,154148,137301,1036,1036,616
brc202d.map,16,340,PIBT_PLUS,1,161660,141407,1036,1036,544
brc202d.map,16,350,PIBT_PLUS,1,164065,144140,1036,1036,397
brc202d.map,16,360,PIBT_PLUS,1,169528,149202,1036,1036,645
brc202d.map,16,370,PIBT_PLUS,1,175520,154422,1056,1056,816
brc202d.map,16,380,PIBT_PLUS,1,180688,158431,1056,1056,777
brc202d.map,16,390,PIBT_PLUS,1,184479,161445,1056,1056,710
brc202d.map,16,400,PIBT_PLUS,1,189439,165979,1056,1056,1008
brc202d.map,16,410,PIBT_PLUS,1,194764,170019,1056,1056,808
brc202d.map,16,420,PIBT_PLUS,1,198823,172886,1056,1056,999
brc202d.map,16,430,PIBT_PLUS,1,202993,177512,1056,1056,1226
brc202d.map,16,440,PIBT_PLUS,1,207785,181111,1056,1056,1380
brc202d.map,16,450,PIBT_PLUS,1,212450,185084,1056,1056,528
brc202d.map,16,460,PIBT_PLUS,1,217825,189730,1056,1056,801
brc202d.map,16,470,PIBT_PLUS,1,222332,193429,1056,1056,869
brc202d.map,16,480,PIBT_PLUS,1,227008,196802,1056,1056,1262
brc202d.map,16,490,PIBT_PLUS,1,230356,200235,1056,1056,1411
brc202d.map,16,500,PIBT_PLUS,1,239649,204505,1056,1056,1433
brc202d.map,16,510,PIBT_PLUS,1,242204,208184,1056,1056,1147
brc202d.map,16,520,PIBT_PLUS,1,248285,213168,1056,1056,1473
brc202d.map,16,530,PIBT_PLUS,1,254824,216718,1056,1056,1189
brc202d.map,16,540,PIBT_PLUS,1,259090,220669,1056,1056,1664
brc202d.map,16,550,PIBT_PLUS,1,262711,224288,1056,1056,1503
brc202d.map,16,560,PIBT_PLUS,1,270185,230024,1056,1056,1609
brc202d.map,16,570,PIBT_PLUS,1,274042,233281,1056,1056,1201
brc202d.map,16,580,PIBT_PLUS,1,278980,239267,1056,1056,992
brc202d.map,16,590,PIBT_PLUS,1,285565,242786,1056,1056,1415
brc202d.map,16,600,PIBT_PLUS,1,290806,247113,1056,1056,1409
brc202d.map,16,610,PIBT_PLUS,1,293560,250756,1056,1056,1669
brc202d.map,16,620,PIBT_PLUS,1,302778,255331,1056,1056,1559
brc202d.map,16,630,PIBT_PLUS,1,306770,261689,1056,1056,1027
brc202d.map,16,640,PIBT_PLUS,1,313720,264696,1056,1056,1553
brc202d.map,16,650,PIBT_PLUS,1,321997,269973,1056,1056,1105
brc202d.map,16,660,PIBT_PLUS,1,323882,273351,1056,1056,2053
brc202d.map,16,670,PIBT_PLUS,1,334131,278883,1056,1056,3148
brc202d.map,16,680,PIBT_PLUS,1,340969,283715,1056,1056,1930
brc202d.map,16,690,PIBT_PLUS,1,345868,288938,1056,1056,1185
brc202d.map,16,700,PIBT_PLUS,1,353124,294001,1056,1056,1684
brc202d.map,16,710,PIBT_PLUS,1,361334,297502,1056,1056,2259
brc202d.map,16,720,PIBT_PLUS,1,366918,301464,1056,1056,1386
brc202d.map,16,730,PIBT_PLUS,1,370701,306019,1056,1056,3647
brc202d.map,16,740,PIBT_PLUS,1,373341,308725,1056,1056,1924
brc202d.map,16,750,PIBT_PLUS,1,381747,313603,1056,1056,2281
brc202d.map,16,760,PIBT_PLUS,1,385610,316859,1056,1056,1321
brc202d.map,16,770,PIBT_PLUS,1,390437,320639,1056,1056,1789
brc202d.map,16,780,PIBT_PLUS,1,396510,323353,1056,1056,1172
brc202d.map,16,790,PIBT_PLUS,1,398820,327569,1056,1056,1224
brc202d.map,16,800,PIBT_PLUS,1,409462,333655,1069,1069,1059
brc202d.map,16,810,PIBT_PLUS,1,411541,337302,1069,1069,2112
brc202d.map,16,820,PIBT_PLUS,1,418773,342274,1069,1069,1235
brc202d.map,16,830,PIBT_PLUS,1,423574,346056,1069,1069,1355
brc202d.map,16,840,PIBT_PLUS,1,431874,349492,1077,1069,2922
brc202d.map,13,770,PushAndSwap,0,41289,318291,2001,1044,46611
brc202d.map,13,780,PushAndSwap,0,41743,321940,2001,1044,692204
brc202d.map,13,790,PushAndSwap,0,41594,325673,2001,1044,46347
brc202d.map,13,800,PushAndSwap,0,42916,330884,2001,1082,382548
brc202d.map,16,730,HCA,1,322290,306019,1056,1056,25383
brc202d.map,16,740,HCA,1,325230,308725,1056,1056,14507
brc202d.map,16,750,HCA,1,330284,313603,1056,1056,20809
brc202d.map,16,760,HCA,1,334195,316859,1056,1056,18776
brc202d.map,15,810,PushAndSwap --no-compress,0,211630541,340059,346585,1067,8906
brc202d.map,15,820,PushAndSwap --no-compress,0,216455353,343764,350348,1067,9090
brc202d.map,15,830,PushAndSwap --no-compress,0,222202140,348631,355411,1067,7548
brc202d.map,15,840,PushAndSwap --no-compress,0,227299879,351755,358629,1067,7150
brc202d.map,16,10,PushAndSwap,1,11210,4689,1419,833,69
brc202d.map,16,20,PushAndSwap,1,29849,7948,1785,833,71
brc202d.map,16,30,PushAndSwap,0,37142,11976,2001,833,195
brc202d.map,16,40,PushAndSwap,0,49345,15498,2001,833,133
brc202d.map,16,850,PIBT_PLUS,1,436607,353915,1077,1069,1973
brc202d.map,16,860,PIBT_PLUS,1,442711,357855,1069,1069,2514
brc202d.map,16,870,PIBT_PLUS,1,447497,361731,1069,1069,1209
brc202d.map,16,880,PIBT_PLUS,1,455331,366412,1069,1069,1119
brc202d.map,16,50,PushAndSwap,0,24892,19705,2001,833,198
brc202d.map,16,60,PushAndSwap,0,30469,25068,2001,833,223
brc202d.map,16,70,PushAndSwap,0,24333,28688,2001,833,155
brc202d.map,16,80,PushAndSwap,0,28658,32978,2001,833,238
brc202d.map,16,90,PushAndSwap,0,28814,37196,2001,982,208
brc202d.map,16,100,PushAndSwap,0,28549,40765,2001,982,295
brc202d.map,16,110,PushAndSwap,0,34940,45455,2001,1036,361
brc202d.map,16,120,PushAndSwap,0,41794,49253,2001,1036,665
brc202d.map,16,130,PushAndSwap,0,38749,54988,2001,1036,420
brc202d.map,16,140,PushAndSwap,0,43356,59507,2001,1036,737
brc202d.map,16,150,PushAndSwap,0,44460,63166,2001,1036,433
brc202d.map,16,160,PushAndSwap,0,44336,66783,2001,1036,519
brc202d.map,16,170,PushAndSwap,0,47850,70880,2001,1036,624
brc202d.map,16,180,PushAndSwap,0,53823,74335,2001,1036,690
brc202d.map,16,190,PushAndSwap,0,52932,78186,2001,1036,689
brc202d.map,16,200,PushAndSwap,0,38307,82729,2001,1036,1465
brc202d.map,16,890,PIBT_PLUS,1,459007,370916,1077,1069,2604
brc202d.map,16,900,PIBT_PLUS,1,465604,374787,1077,1069,2119
brc202d.map,16,910,PIBT_PLUS,1,471641,378927,1069,1069,1082
brc202d.map,16,920,PIBT_PLUS,1,475826,382160,1077,1069,2812
brc202d.map,16,930,PIBT_PLUS,1,482515,387454,1069,1069,1206
brc202d.map,16,940,PIBT_PLUS,1,489392,391923,1077,1069,2259
brc202d.map,16,950,PIBT_PLUS,1,494387,396712,1069,1069,1680
brc202d.map,16,960,PIBT_PLUS,1,499154,399676,1077,1069,2441
brc202d.map,15,730,PushAndSwap --no-compress,0,170600577,307937,312705,1067,7564
brc202d.map,15,740,PushAndSwap --no-compress,0,175764692,312362,317742,1067,8729
brc202d.map,15,750,PushAndSwap --no-compress,0,180556323,316282,321754,1067,7221
brc202d.map,15,760,PushAndSwap --no-compress,0,185568263,320095,325705,1067,5639
brc202d.map,16,210,PushAndSwap,0,45845,89222,2001,1036,918
brc202d.map,16,220,PushAndSwap,0,63681,91923,2001,1036,1782
brc202d.map,16,230,PushAndSwap,0,35465,95538,2001,1036,1061
brc202d.map,16,240,PushAndSwap,0,59393,99294,2001,1036,1218
brc202d.map,16,970,PIBT_PLUS,1,505074,404945,1069,1069,2283
brc202d.map,16,980,PIBT_PLUS,1,508590,409099,1069,1069,1473
brc202d.map,16,990,PIBT_PLUS,1,516934,413648,1069,1069,2583
brc202d.map,16,1000,PIBT_PLUS,1,521178,417594,1069,1069,1508
brc202d.map,15,690,PushAndSwap,0,35948,291512,2001,1067,278149
brc202d.map,15,700,PushAndSwap,0,36367,295345,2001,1067,34953
brc202d.map,15,710,PushAndSwap,0,36076,299648,2001,1067,46160
brc202d.map,15,720,PushAndSwap,0,35635,303219,2001,1067,39254
brc202d.map,16,250,PushAndSwap,0,62302,102262,2001,1036,1736
brc202d.map,16,260,PushAndSwap,0,63475,105471,2001,1036,1252
brc202d.map,16,270,PushAndSwap,0,65324,109310,2001,1036,1600
brc202d.map,16,280,PushAndSwap,0,65833,115150,2001,1036,1775
brc202d.map,16,770,HCA,1,338506,320639,1056,1056,28082
brc202d.map,16,780,HCA,1,341361,323353,1056,1056,17789
brc202d.map,16,790,HCA,1,345515,327569,1056,1056,26202
brc202d.map,16,800,HCA,1,351994,333655,1069,1069,19903
brc202d.map,16,290,PushAndSwap,0,44787,119494,2001,1036,1374
brc202d.map,16,300,PushAndSwap,0,43021,123785,2001,1036,1823
brc202d.map,16,310,PushAndSwap,0,32914,127363,2001,1036,2021
brc202d.map,16,320,PushAndSwap,0,37726,132527,2001,1036,2142
brc202d.map,16,330,PushAndSwap,0,37410,137301,2001,1036,1829
brc202d.map,16,340,PushAndSwap,0,37611,141407,2001,1036,2379
brc202d.map,16,350,PushAndSwap,0,37336,144140,2001,1036,2242
brc202d.map,16,360,PushAndSwap,0,48016,149202,2001,1036,2609
brc202d.map,14,730,PushAndSwap --no-compress,0,168607474,302342,307776,1084,8560
brc202d.map,14,740,PushAndSwap --no-compress,0,173190623,305908,311468,1084,7768
brc202d.map,14,750,PushAndSwap --no-compress,0,178588453,310567,316421,1084,6201
brc202d.map,14,760,PushAndSwap --no-compress,0,183134325,314125,320071,1084,7072
brc202d.map,16,370,PushAndSwap,0,40314,154422,2001,1056,2731
brc202d.map,16,380,PushAndSwap,0,41404,158431,2001,1056,2926
brc202d.map,16,390,PushAndSwap,0,40200,161445,2001,1056,2848
brc202d.map,16,400,PushAndSwap,0,40257,165979,2001,1056,3221
brc202d.map,16,410,PushAndSwap,0,38161,170019,2001,1056,2954
brc202d.map,16,420,PushAndSwap,0,40859,172886,2001,1056,3415
brc202d.map,16,430,PushAndSwap,0,36224,177512,2001,1056,4327
brc202d.map,16,440,PushAndSwap,0,36538,181111,2001,1056,5490
brc202d.map,16,450,PushAndSwap,0,40051,185084,2001,1056,4595
brc202d.map,16,460,PushAndSwap,0,41510,189730,2001,1056,4180
brc202d.map,16,470,PushAndSwap,0,37480,193429,2001,1056,6320
brc202d.map,16,480,PushAndSwap,0,35977,196802,2001,1056,5993
brc202d.map,16,810,HCA,1,356427,337302,1069,1069,23155
brc202d.map,16,820,HCA,1,363305,342274,1069,1069,21838
brc202d.map,16,830,HCA,0,0,346056,-1,1069,30019
brc202d.map,16,840,HCA,0,0,349492,-1,1069,30004
brc202d.map,14,770,PushAndSwap --no-compress,0,188791326,318508,324524,1084,9292
brc202d.map,14,780,PushAndSwap --no-compress,0,193132927,321771,327871,1084,12062
brc202d.map,14,790,PushAndSwap --no-compress,0,198157377,325782,332038,1084,7682
brc202d.map,14,800,PushAndSwap --no-compress,0,203467357,330565,337017,1084,9104
brc202d.map,14,730,PushAndSwap,0,54795,302342,2001,1084,218727
brc202d.map,14,740,PushAndSwap,0,49037,305908,2001,1084,148867
brc202d.map,14,750,PushAndSwap,0,49185,310567,2001,1084,28442
brc202d.map,14,760,PushAndSwap,0,53923,314125,2001,1084,466792
brc202d.map,16,850,HCA,1,375173,353915,1069,1069,20450
brc202d.map,16,860,HCA,1,379380,357855,1069,1069,28676
brc202d.map,16,870,HCA,1,383541,361731,1069,1069,22220
brc202d.map,16,880,HCA,0,0,366412,-1,1069,30010
brc202d.map,16,10,PushAndSwap --no-compress,0,32297,4689,4689,833,7
brc202d.map,16,20,PushAndSwap --no-compress,0,109346,7948,7948,833,14
brc202d.map,16,30,PushAndSwap --no-compress,0,247895,11976,11988,833,30
brc202d.map,16,40,PushAndSwap --no-compress,0,432773,15498,15510,833,35
brc202d.map,16,50,PushAndSwap --no-compress,0,681220,19705,19729,833,49
brc202d.map,16,60,PushAndSwap --no-compress,0,1023589,25068,25104,833,69
brc202d.map,16,70,PushAndSwap --no-compress,0,1377309,28688,28730,833,108
brc202d.map,16,80,PushAndSwap --no-compress,0,1806487,32978,33176,833,114
brc202d.map,16,530,PushAndSwap,0,35476,216718,2001,1056,7062
brc202d.map,16,540,PushAndSwap,0,37961,220669,2001,1056,11198
brc202d.map,16,550,PushAndSwap,0,44808,224288,2001,1056,17587
brc202d.map,16,560,PushAndSwap,0,45298,230024,2001,1056,5227
brc202d.map,16,90,PushAndSwap --no-compress,0,2282169,37196,37410,982,140
brc202d.map,16,100,PushAndSwap --no-compress,0,2782917,40765,40841,982,182
brc202d.map,16,110,PushAndSwap --no-compress,0,3455108,45455,45695,1036,138
brc202d.map,16,120,PushAndSwap --no-compress,0,4092825,49253,49499,1036,153
brc202d.map,16,490,PushAndSwap,0,46223,200235,2001,1056,4602
brc202d.map,16,500,PushAndSwap,0,37704,204505,2001,1056,6960
brc202d.map,16,510,PushAndSwap,0,47922,208184,2001,1056,14850
brc202d.map,16,520,PushAndSwap,0,45317,213168,2001,1056,16666
brc202d.map,16,130,PushAndSwap --no-compress,0,4905265,54988,55246,1036,155
brc202d.map,16,140,PushAndSwap --no-compress,0,5787949,59507,59795,1036,335
brc202d.map,16,150,PushAndSwap --no-compress,0,6601246,63166,63434,1036,269
brc202d.map,16,160,PushAndSwap --no-compress,0,7491019,66783,67209,1036,228
brc202d.map,16,170,PushAndSwap --no-compress,0,8459497,70880,71354,1036,350
brc202d.map,16,180,PushAndSwap --no-compress,0,9440515,74335,74821,1036,388
brc202d.map,16,190,PushAndSwap --no-compress,0,10467430,78186,78692,1036,378
brc202d.map,16,200,PushAndSwap --no-compress,0,11714661,82729,83237,1036,415
brc202d.map,16,210,PushAndSwap --no-compress,0,13388344,89222,89844,1036,458
brc202d.map,16,220,PushAndSwap --no-compress,0,14551459,91923,92581,1036,535
brc202d.map,16,230,PushAndSwap --no-compress,0,15884120,95538,96226,1036,724
brc202d.map,16,240,PushAndSwap --no-compress,0,17298069,99294,100020,1036,926
brc202d.map,16,250,PushAndSwap --no-compress,0,18650132,102262,102976,1036,566
brc202d.map,16,260,PushAndSwap --no-compress,0,20038345,105471,106221,1036,1139
brc202d.map,16,270,PushAndSwap --no-compress,0,21572174,109310,110090,1036,846
brc202d.map,16,280,PushAndSwap --no-compress,0,23418157,115150,115952,1036,850
brc202d.map,16,890,HCA,1,394745,370916,1069,1069,21485
brc202d.map,16,900,HCA,1,400744,374787,1069,1069,28066
brc202d.map,16,910,HCA,1,404662,378927,1069,1069,28666
brc202d.map,16,920,HCA,0,0,382160,-1,1069,30006
brc202d.map,16,290,PushAndSwap --no-compress,0,25115719,119494,120362,1036,1160
brc202d.map,16,300,PushAndSwap --no-compress,0,26874017,123785,124689,1036,1108
brc202d.map,16,310,PushAndSwap --no-compress,0,28589604,127363,128303,1036,1061
brc202d.map,16,320,PushAndSwap --no-compress,0,30720771,132527,133409,1036,1160
brc202d.map,16,330,PushAndSwap --no-compress,0,32726962,137301,138195,1036,1062
brc202d.map,16,340,PushAndSwap --no-compress,0,34687742,141407,142337,1036,1029
brc202d.map,16,350,PushAndSwap --no-compress,0,36492780,144140,145130,1036,1237
brc202d.map,16,360,PushAndSwap --no-compress,0,38936031,149202,150216,1036,1501
brc202d.map,16,570,PushAndSwap,0,45001,233281,2001,1056,12145
brc202d.map,16,580,PushAndSwap,0,45882,239267,2001,1056,14852
brc202d.map,16,590,PushAndSwap,0,38247,242786,2001,1056,18376
brc202d.map,16,600,PushAndSwap,0,41669,247113,2001,1056,5921
brc202d.map,16,370,PushAndSwap --no-compress,0,41461848,154422,155600,1056,1230
brc202d.map,16,380,PushAndSwap --no-compress,0,43647950,158431,159611,1056,1403
brc202d.map,16,390,PushAndSwap --no-compress,0,45706685,161445,162703,1056,1804
brc202d.map,16,400,PushAndSwap --no-compress,0,48184926,165979,167327,1056,1357
brc202d.map,11,770,PushAndSwap,0,47111,317497,2001,1015,857600
brc202d.map,11,780,PushAndSwap,0,47204,321870,2001,1015,339589
brc202d.map,11,790,PushAndSwap,0,47223,324811,2001,1015,250096
brc202d.map,11,800,PushAndSwap,0,55898,330374,2001,1015,658585
brc202d.map,16,930,HCA,1,413934,387454,1069,1069,27675
brc202d.map,16,940,HCA,0,0,391923,-1,1069,30008
brc202d.map,16,950,HCA,0,0,396712,-1,1069,30007
brc202d.map,16,960,HCA,0,0,399676,-1,1069,30003
brc202d.map,16,410,PushAndSwap --no-compress,0,50787991,170019,171485,1056,1686
brc202d.map,16,420,PushAndSwap --no-compress,0,53015211,172886,174374,1056,1866
brc202d.map,16,430,PushAndSwap --no-compress,0,55682320,177512,179042,1056,1966
brc202d.map,16,440,PushAndSwap --no-compress,0,58106235,181111,182671,1056,2637
brc202d.map,16,970,HCA,1,432592,404945,1069,1069,28114
brc202d.map,16,980,HCA,0,0,409099,-1,1069,30006
brc202d.map,16,990,HCA,0,0,413648,-1,1069,30005
brc202d.map,16,1000,HCA,0,0,417594,-1,1069,30010
brc202d.map,16,610,PushAndSwap,0,36601,250756,2001,1056,14708
brc202d.map,16,620,PushAndSwap,0,46670,255331,2001,1056,26371
brc202d.map,16,630,PushAndSwap,0,42203,261689,2001,1056,7080
brc202d.map,16,640,PushAndSwap,0,48223,264696,2001,1056,8790
brc202d.map,16,450,PushAndSwap --no-compress,0,60833416,185084,186688,1056,1515
brc202d.map,16,460,PushAndSwap --no-compress,0,63680325,189730,191382,1056,1616
brc202d.map,16,470,PushAndSwap --no-compress,0,66584710,193429,195147,1056,2300
brc202d.map,16,480,PushAndSwap --no-compress,0,69271317,196802,198556,1056,2603
brc202d.map,16,570,PushAndSwap --no-compress,0,98471300,233281,235943,1056,3614
brc202d.map,16,580,PushAndSwap --no-compress,0,102562931,239267,241947,1056,6143
brc202d.map,16,590,PushAndSwap --no-compress,0,106076392,242786,245526,1056,5102
brc202d.map,16,600,PushAndSwap --no-compress,0,109789335,247113,249893,1056,5489
brc202d.map,16,490,PushAndSwap --no-compress,0,72076365,200235,202313,1056,2250
brc202d.map,16,500,PushAndSwap --no-compress,0,75333864,204505,206691,1056,3136
brc202d.map,16,510,PushAndSwap --no-compress,0,78327057,208184,210406,1056,7774
brc202d.map,16,520,PushAndSwap --no-compress,0,81805286,213168,215438,1056,3497
brc202d.map,16,930,PushAndSwap,-1,-1,-1,-1,-1,-1
brc202d.map,16,940,PushAndSwap,-1,-1,-1,-1,-1,-1
brc202d.map,16,950,PushAndSwap,-1,-1,-1,-1,-1,-1
brc202d.map,16,960,PushAndSwap,-1,-1,-1,-1,-1,-1
brc202d.map,16,970,PushAndSwap,-1,-1,-1,-1,-1,-1
brc202d.map,16,980,PushAndSwap,-1,-1,-1,-1,-1,-1
brc202d.map,16,990,PushAndSwap,-1,-1,-1,-1,-1,-1
brc202d.map,16,1000,PushAndSwap,-1,-1,-1,-1,-1,-1
brc202d.map,16,890,PushAndSwap,-1,-1,-1,-1,-1,-1
brc202d.map,16,900,PushAndSwap,-1,-1,-1,-1,-1,-1
brc202d.map,16,910,PushAndSwap,-1,-1,-1,-1,-1,-1
brc202d.map,16,920,PushAndSwap,-1,-1,-1,-1,-1,-1
brc202d.map,17,10,PIBT,1,2592,2592,788,788,7
brc202d.map,17,20,PIBT,1,7051,7021,939,939,15
brc202d.map,17,30,PIBT,1,12841,12768,939,939,22
brc202d.map,17,40,PIBT,1,16523,16032,939,939,28
brc202d.map,17,50,PIBT,1,21377,19809,939,939,37
brc202d.map,17,60,PIBT,1,25788,23042,939,939,52
brc202d.map,17,70,PIBT,1,29335,26991,939,939,96
brc202d.map,17,80,PIBT,1,34608,31649,939,939,103
brc202d.map,17,90,PIBT,1,39037,35723,939,939,127
brc202d.map,17,100,PIBT,1,44690,40814,974,974,72
brc202d.map,17,110,PIBT,1,48451,44001,974,974,77
brc202d.map,17,120,PIBT,1,54716,49221,990,990,492
brc202d.map,17,130,PIBT,1,58660,52888,990,990,139
brc202d.map,17,140,PIBT,1,64055,58323,990,990,162
brc202d.map,17,150,PIBT,1,70271,63378,990,990,111
brc202d.map,17,160,PIBT,1,73485,65804,990,990,119
brc202d.map,17,170,PIBT,1,79386,71114,990,990,186
brc202d.map,17,180,PIBT,1,82729,74112,990,990,229
brc202d.map,17,190,PIBT,1,86655,77656,990,990,318
brc202d.map,17,200,PIBT,1,91573,82506,990,990,146
brc202d.map,17,210,PIBT,1,95569,86158,990,990,245
brc202d.map,17,220,PIBT,1,99742,89699,990,990,164
brc202d.map,17,230,PIBT,1,105104,94090,990,990,156
brc202d.map,17,240,PIBT,1,110464,98348,990,990,419
brc202d.map,17,250,PIBT,1,113545,101330,990,990,184
brc202d.map,17,260,PIBT,1,120967,106901,990,990,411
brc202d.map,17,270,PIBT,1,125047,111404,990,990,237
brc202d.map,17,280,PIBT,1,129705,115096,990,990,195
brc202d.map,17,290,PIBT,1,134764,118604,990,990,209
brc202d.map,17,300,PIBT,1,141326,123396,990,990,362
brc202d.map,17,310,PIBT,1,148489,128302,1009,1009,255
brc202d.map,17,320,PIBT,1,151847,131776,1009,1009,453
brc202d.map,17,330,PIBT,1,157644,136195,1009,1009,409
brc202d.map,17,340,PIBT,1,160514,140391,1009,1009,255
brc202d.map,17,350,PIBT,1,165668,144093,1009,1009,609
brc202d.map,17,360,PIBT,1,169870,148275,1009,1009,431
brc202d.map,17,370,PIBT,1,175447,152586,1009,1009,526
brc202d.map,17,380,PIBT,1,180661,156435,1009,1009,292
brc202d.map,17,390,PIBT,1,185285,159986,1009,1009,400
brc202d.map,17,400,PIBT,1,192128,164569,1090,1090,657
brc202d.map,16,930,PushAndSwap --no-compress,-1,-1,-1,-1,-1,-1
brc202d.map,16,940,PushAndSwap --no-compress,-1,-1,-1,-1,-1,-1
brc202d.map,16,950,PushAndSwap --no-compress,-1,-1,-1,-1,-1,-1
brc202d.map,16,960,PushAndSwap --no-compress,-1,-1,-1,-1,-1,-1
brc202d.map,17,410,PIBT,1,196438,168227,1090,1090,345
brc202d.map,17,420,PIBT,1,202081,171973,1090,1090,761
brc202d.map,17,430,PIBT,1,206690,176254,1090,1090,488
brc202d.map,17,440,PIBT,1,213298,179999,1090,1090,860
brc202d.map,16,970,PushAndSwap --no-compress,-1,-1,-1,-1,-1,-1
brc202d.map,16,980,PushAndSwap --no-compress,-1,-1,-1,-1,-1,-1
brc202d.map,16,990,PushAndSwap --no-compress,-1,-1,-1,-1,-1,-1
brc202d.map,16,1000,PushAndSwap --no-compress,-1,-1,-1,-1,-1,-1
brc202d.map,16,610,PushAndSwap --no-compress,0,113252631,250756,253558,1056,4062
brc202d.map,16,620,PushAndSwap --no-compress,0,117523389,255331,258431,1056,3627
brc202d.map,16,630,PushAndSwap --no-compress,0,122550817,261689,264859,1056,5391
brc202d.map,16,640,PushAndSwap --no-compress,0,126356402,264696,267900,1056,4807
brc202d.map,17,450,PIBT,1,215204,183353,1090,1090,511
brc202d.map,17,460,PIBT,1,222258,187984,1090,1090,623
brc202d.map,17,470,PIBT,1,229717,192091,1090,1090,343
brc202d.map,17,480,PIBT,1,236199,198209,1090,1090,343
brc202d.map,17,490,PIBT,1,240291,201717,1090,1090,582
brc202d.map,17,500,PIBT,1,246040,205862,1090,1090,367
brc202d.map,17,510,PIBT,1,250951,210185,1090,1090,387
brc202d.map,17,520,PIBT,1,256278,213818,1090,1090,390
brc202d.map,17,530,PIBT,1,260778,216993,1090,1090,393
brc202d.map,17,540,PIBT,1,266064,221863,1090,1090,404
brc202d.map,17,550,PIBT,1,271881,226682,1090,1090,405
brc202d.map,17,560,PIBT,1,275739,230348,1090,1090,549
brc202d.map,17,570,PIBT,1,280167,233943,1090,1090,426
brc202d.map,17,580,PIBT,1,287826,238968,1090,1090,419
brc202d.map,17,590,PIBT,1,291760,243296,1090,1090,500
brc202d.map,17,600,PIBT,1,298041,248200,1090,1090,596
brc202d.map,17,610,PIBT,1,301912,251653,1090,1090,460
brc202d.map,17,620,PIBT,1,307136,256526,1090,1090,591
brc202d.map,17,630,PIBT,1,311833,261737,1090,1090,625
brc202d.map,17,640,PIBT,1,320549,266993,1090,1090,512
brc202d.map,17,650,PIBT,1,327945,271259,1090,1090,607
brc202d.map,17,660,PIBT,1,330195,274531,1090,1090,727
brc202d.map,17,670,PIBT,1,336277,277705,1090,1090,515
brc202d.map,17,680,PIBT,1,339040,280403,1090,1090,777
brc202d.map,16,530,PushAndSwap --no-compress,0,84793806,216718,219030,1056,3082
brc202d.map,16,540,PushAndSwap --no-compress,0,88010673,220669,223049,1056,3536
brc202d.map,16,550,PushAndSwap --no-compress,0,91267218,224288,226710,1056,2657
brc202d.map,16,560,PushAndSwap --no-compress,0,95425809,230024,232614,1056,3041
brc202d.map,17,690,PIBT,1,346529,285465,1090,1090,720
brc202d.map,17,700,PIBT,1,349880,290875,1090,1090,601
brc202d.map,17,710,PIBT,1,356790,295380,1090,1090,812
brc202d.map,17,720,PIBT,1,364408,299616,1090,1090,727
brc202d.map,16,890,PushAndSwap --no-compress,-1,-1,-1,-1,-1,-1
brc202d.map,16,900,PushAndSwap --no-compress,-1,-1,-1,-1,-1,-1
brc202d.map,16,910,PushAndSwap --no-compress,-1,-1,-1,-1,-1,-1
brc202d.map,16,920,PushAndSwap --no-compress,0,267771685,382160,389204,1069,8089
brc202d.map,17,730,PIBT,1,372942,305335,1090,1090,646
brc202d.map,17,740,PIBT,1,377856,309907,1090,1090,769
brc202d.map,17,750,PIBT,1,385990,314699,1090,1090,788
brc202d.map,17,760,PIBT,1,391960,319683,1090,1090,664
brc202d.map,16,650,PushAndSwap --no-compress,0,131100773,269973,273307,1056,7091
brc202d.map,16,660,PushAndSwap --no-compress,0,135251204,273351,276745,1056,5639
brc202d.map,16,670,PushAndSwap --no-compress,0,140595060,278883,282341,1056,3024
brc202d.map,16,680,PushAndSwap --no-compress,0,145441842,283715,287337,1056,4307
brc202d.map,17,770,PIBT,1,398238,324818,1090,1090,826
brc202d.map,17,780,PIBT,1,402030,329224,1090,1090,1009
brc202d.map,17,790,PIBT,1,405612,333686,1090,1090,953
brc202d.map,17,800,PIBT,1,410419,336925,1090,1090,1075
brc202d.map,17,10,HCA,1,2592,2592,788,788,178
brc202d.map,17,20,HCA,1,7023,7021,939,939,303
brc202d.map,17,30,HCA,1,12782,12768,939,939,1152
brc202d.map,17,40,HCA,1,16050,16032,939,939,549
brc202d.map,17,810,PIBT,1,417649,340490,1090,1090,733
brc202d.map,17,820,PIBT,1,422153,344632,1090,1090,917
brc202d.map,17,830,PIBT,1,428260,347247,1090,1090,1033
brc202d.map,17,840,PIBT,1,437558,354001,1090,1090,899
brc202d.map,17,50,HCA,1,19831,19809,939,939,419
brc202d.map,17,60,HCA,1,23068,23042,939,939,1007
brc202d.map,17,70,HCA,1,27028,26991,939,939,452
brc202d.map,17,80,HCA,1,31698,31649,939,939,702
brc202d.map,17,850,PIBT,1,438626,358880,1090,1090,1037
brc202d.map,17,860,PIBT,1,446670,361732,1090,1090,1112
brc202d.map,17,870,PIBT,1,450992,365796,1090,1090,977
brc202d.map,17,880,PIBT,1,457686,371206,1090,1090,780
brc202d.map,17,890,PIBT,1,463955,374960,1090,1090,850
brc202d.map,17,900,PIBT,1,474311,379505,1090,1090,768
brc202d.map,17,910,PIBT,1,479622,383831,1090,1090,871
brc202d.map,17,920,PIBT,1,484991,387777,1090,1090,1242
brc202d.map,17,90,HCA,1,35781,35723,939,939,933
brc202d.map,17,100,HCA,1,40884,40814,974,974,563
brc202d.map,17,110,HCA,1,44082,44001,974,974,777
brc202d.map,17,120,HCA,1,49312,49221,990,990,1628
brc202d.map,17,930,PIBT,1,491895,391382,1090,1090,786
brc202d.map,17,940,PIBT,1,496496,395212,1090,1090,1020
brc202d.map,17,950,PIBT,1,500949,399094,1090,1090,997
brc202d.map,17,960,PIBT,1,503966,402003,1090,1090,979
brc202d.map,17,970,PIBT,1,509571,405926,1090,1090,1283
brc202d.map,17,980,PIBT,1,515345,410865,1090,1090,1194
brc202d.map,17,990,PIBT,1,520973,415050,1090,1090,947
brc202d.map,17,1000,PIBT,1,524221,418484,1090,1090,1257
brc202d.map,17,130,HCA,1,53048,52888,990,990,914
brc202d.map,17,140,HCA,1,58495,58323,990,990,1474
brc202d.map,17,150,HCA,1,63564,63378,990,990,1585
brc202d.map,17,160,HCA,1,66045,65804,990,990,2428
brc202d.map,17,170,HCA,1,71373,71114,990,990,1808
brc202d.map,17,180,HCA,1,74943,74112,990,990,1997
brc202d.map,17,190,HCA,1,78506,77656,990,990,2019
brc202d.map,17,200,HCA,1,83546,82506,990,990,2585
brc202d.map,17,210,HCA,1,87212,86158,990,990,2572
brc202d.map,17,220,HCA,1,90922,89699,990,990,2726
brc202d.map,17,230,HCA,1,95592,94090,990,990,3022
brc202d.map,17,240,HCA,1,99916,98348,990,990,3915
brc202d.map,17,250,HCA,1,103079,101330,990,990,4204
brc202d.map,17,260,HCA,1,108910,106901,990,990,3908
brc202d.map,17,270,HCA,1,113463,111404,990,990,5072
brc202d.map,17,280,HCA,1,117791,115096,990,990,6321
brc202d.map,17,290,HCA,1,121316,118604,990,990,3984
brc202d.map,17,300,HCA,1,127008,123396,990,990,5103
brc202d.map,17,310,HCA,1,131950,128302,1009,1009,4302
brc202d.map,17,320,HCA,1,135433,131776,1009,1009,7675
brc202d.map,16,690,PushAndSwap,0,43720,288938,2001,1056,24608
brc202d.map,16,700,PushAndSwap,0,47037,294001,2001,1056,22769
brc202d.map,16,710,PushAndSwap,0,47063,297502,2001,1056,100318
brc202d.map,16,720,PushAndSwap,0,52862,301464,2001,1056,34431
brc202d.map,17,330,HCA,1,139929,136195,1009,1009,5447
brc202d.map,17,340,HCA,1,144091,140391,1009,1009,6090
brc202d.map,17,350,HCA,1,147836,144093,1009,1009,11407
brc202d.map,17,360,HCA,1,151903,148275,1009,1009,9401
brc202d.map,17,410,HCA,1,174220,168227,1090,1090,9136
brc202d.map,17,420,HCA,1,177802,171973,1090,1090,12913
brc202d.map,17,430,HCA,1,183719,176254,1090,1090,4805
brc202d.map,17,440,HCA,1,187631,179999,1090,1090,7747
brc202d.map,17,370,HCA,1,156651,152586,1009,1009,5783
brc202d.map,17,380,HCA,1,160315,156435,1009,1009,16093
brc202d.map,17,390,HCA,1,164568,159986,1009,1009,18434
brc202d.map,17,400,HCA,1,170492,164569,1090,1090,6354
brc202d.map,17,490,HCA,1,211743,201717,1090,1090,22634
brc202d.map,17,500,HCA,1,216199,205862,1090,1090,8194
brc202d.map,17,510,HCA,1,221112,210185,1090,1090,6413
brc202d.map,17,520,HCA,1,224790,213818,1090,1090,5728
brc202d.map,17,450,HCA,1,190845,183353,1090,1090,17812
brc202d.map,17,460,HCA,1,196013,187984,1090,1090,5919
brc202d.map,17,470,HCA,1,200623,192091,1090,1090,7881
brc202d.map,17,480,HCA,0,0,198209,-1,1090,30043
brc202d.map,17,570,HCA,1,245597,233943,1090,1090,16798
brc202d.map,17,580,HCA,1,251398,238968,1090,1090,11023
brc202d.map,17,590,HCA,1,255036,243296,1090,1090,7742
brc202d.map,17,600,HCA,1,259996,248200,1090,1090,11509
brc202d.map,16,650,PushAndSwap,0,41968,269973,2001,1056,17147
brc202d.map,16,660,PushAndSwap,0,41571,273351,2001,1056,169287
brc202d.map,16,670,PushAndSwap,0,41609,278883,2001,1056,46122
brc202d.map,16,680,PushAndSwap,0,47813,283715,2001,1056,7419
brc202d.map,17,530,HCA,1,228592,216993,1090,1090,10739
brc202d.map,17,540,HCA,1,233036,221863,1090,1090,8267
brc202d.map,17,550,HCA,0,0,226682,-1,1090,30007
brc202d.map,17,560,HCA,1,241905,230348,1090,1090,14761
brc202d.map,16,690,PushAndSwap --no-compress,0,150300715,288938,292734,1056,7779
brc202d.map,16,700,PushAndSwap --no-compress,0,155032832,294001,298001,1056,6012
brc202d.map,16,710,PushAndSwap --no-compress,0,159279863,297502,301800,1056,5461
brc202d.map,16,720,PushAndSwap --no-compress,0,163800560,301464,305894,1056,5570
brc202d.map,16,850,PushAndSwap,-1,-1,-1,-1,-1,-1
brc202d.map,16,860,PushAndSwap,-1,-1,-1,-1,-1,-1
brc202d.map,16,870,PushAndSwap,-1,-1,-1,-1,-1,-1
brc202d.map,16,880,PushAndSwap,-1,-1,-1,-1,-1,-1
brc202d.map,17,10,PIBT_PLUS,1,2592,2592,788,788,10
brc202d.map,17,20,PIBT_PLUS,1,7051,7021,939,939,22
brc202d.map,17,30,PIBT_PLUS,1,12841,12768,939,939,27
brc202d.map,17,40,PIBT_PLUS,1,16523,16032,939,939,39
brc202d.map,17,50,PIBT_PLUS,1,21377,19809,939,939,54
brc202d.map,17,60,PIBT_PLUS,1,25788,23042,939,939,57
brc202d.map,17,70,PIBT_PLUS,1,29335,26991,939,939,68
brc202d.map,17,80,PIBT_PLUS,1,34608,31649,939,939,71
brc202d.map,17,90,PIBT_PLUS,1,39037,35723,939,939,87
brc202d.map,17,100,PIBT_PLUS,1,44690,40814,974,974,94
brc202d.map,17,110,PIBT_PLUS,1,48451,44001,974,974,117
brc202d.map,17,120,PIBT_PLUS,1,54716,49221,990,990,295
brc202d.map,17,130,PIBT_PLUS,1,58660,52888,990,990,170
brc202d.map,17,140,PIBT_PLUS,1,64055,58323,990,990,326
brc202d.map,17,150,PIBT_PLUS,1,70271,63378,990,990,315
brc202d.map,17,160,PIBT_PLUS,1,73485,65804,990,990,202
brc202d.map,17,170,PIBT_PLUS,1,79386,71114,990,990,390
brc202d.map,17,180,PIBT_PLUS,1,82729,74112,990,990,287
brc202d.map,17,190,PIBT_PLUS,1,86655,77656,990,990,344
brc202d.map,17,200,PIBT_PLUS,1,91573,82506,990,990,386
brc202d.map,17,210,PIBT_PLUS,1,95569,86158,990,990,465
brc202d.map,17,220,PIBT_PLUS,1,99742,89699,990,990,404
brc202d.map,17,230,PIBT_PLUS,1,105104,94090,990,990,409
brc202d.map,17,240,PIBT_PLUS,1,110464,98348,990,990,505
brc202d.map,17,250,PIBT_PLUS,1,113545,101330,990,990,241
brc202d.map,17,260,PIBT_PLUS,1,120967,106901,990,990,478
brc202d.map,17,270,PIBT_PLUS,1,125047,111404,990,990,585
brc202d.map,17,280,PIBT_PLUS,1,129705,115096,990,990,445
brc202d.map,17,290,PIBT_PLUS,1,134764,118604,990,990,533
brc202d.map,17,300,PIBT_PLUS,1,141326,123396,990,990,371
brc202d.map,17,310,PIBT_PLUS,1,148489,128302,1009,1009,609
brc202d.map,17,320,PIBT_PLUS,1,151847,131776,1009,1009,662
brc202d.map,17,610,HCA,1,263873,251653,1090,1090,9373
brc202d.map,17,620,HCA,1,269571,256526,1090,1090,18074
brc202d.map,17,630,HCA,0,0,261737,-1,1090,37731
brc202d.map,17,640,HCA,1,281099,266993,1090,1090,8839
brc202d.map,17,330,PIBT_PLUS,1,157644,136195,1009,1009,734
brc202d.map,17,340,PIBT_PLUS,1,160514,140391,1009,1009,512
brc202d.map,17,350,PIBT_PLUS,1,165668,144093,1009,1009,753
brc202d.map,17,360,PIBT_PLUS,1,169870,148275,1009,1009,844
brc202d.map,17,370,PIBT_PLUS,1,175447,152586,1009,1009,641
brc202d.map,17,380,PIBT_PLUS,1,180661,156435,1009,1009,562
brc202d.map,17,390,PIBT_PLUS,1,185285,159986,1009,1009,657
brc202d.map,17,400,PIBT_PLUS,1,192128,164569,1090,1090,833
brc202d.map,17,690,HCA,0,0,285465,-1,1090,30003
brc202d.map,17,700,HCA,1,306313,290875,1090,1090,14329
brc202d.map,17,710,HCA,1,310999,295380,1090,1090,12731
brc202d.map,17,720,HCA,1,316433,299616,1090,1090,12589
brc202d.map,16,770,PushAndSwap --no-compress,0,186611272,320639,325731,1056,9082
brc202d.map,16,780,PushAndSwap --no-compress,0,190824010,323353,328535,1056,6331
brc202d.map,16,790,PushAndSwap --no-compress,0,195548917,327569,332821,1056,6284
brc202d.map,16,800,PushAndSwap --no-compress,0,202663866,333655,339315,1069,6043
brc202d.map,17,650,HCA,1,285201,271259,1090,1090,20291
brc202d.map,17,660,HCA,1,288172,274531,1090,1090,28032
brc202d.map,17,670,HCA,1,292550,277705,1090,1090,17058
brc202d.map,17,680,HCA,1,295181,280403,1090,1090,12227
brc202d.map,17,410,PIBT_PLUS,1,196438,168227,1090,1090,1143
brc202d.map,17,420,PIBT_PLUS,1,202081,171973,1090,1090,421
brc202d.map,17,430,PIBT_PLUS,1,206690,176254,1090,1090,557
brc202d.map,17,440,PIBT_PLUS,1,213298,179999,1090,1090,575
brc202d.map,17,450,PIBT_PLUS,1,215204,183353,1090,1090,1110
brc202d.map,17,460,PIBT_PLUS,1,222258,187984,1090,1090,451
brc202d.map,17,470,PIBT_PLUS,1,229717,192091,1090,1090,551
brc202d.map,17,480,PIBT_PLUS,1,236199,198209,1090,1090,885
brc202d.map,17,490,PIBT_PLUS,1,240291,201717,1090,1090,677
brc202d.map,17,500,PIBT_PLUS,1,246040,205862,1090,1090,632
brc202d.map,17,510,PIBT_PLUS,1,250951,210185,1090,1090,800
brc202d.map,17,520,PIBT_PLUS,1,256278,213818,1090,1090,1460
brc202d.map,17,530,PIBT_PLUS,1,260778,216993,1090,1090,799
brc202d.map,17,540,PIBT_PLUS,1,266064,221863,1090,1090,681
brc202d.map,17,550,PIBT_PLUS,1,271881,226682,1090,1090,681
brc202d.map,17,560,PIBT_PLUS,1,275739,230348,1090,1090,1591
brc202d.map,17,570,PIBT_PLUS,1,280167,233943,1090,1090,827
brc202d.map,17,580,PIBT_PLUS,1,287826,238968,1090,1090,915
brc202d.map,17,590,PIBT_PLUS,1,291760,243296,1090,1090,965
brc202d.map,17,600,PIBT_PLUS,1,298041,248200,1090,1090,1141
brc202d.map,17,610,PIBT_PLUS,1,301912,251653,1090,1090,666
brc202d.map,17,620,PIBT_PLUS,1,307136,256526,1090,1090,1794
brc202d.map,17,630,PIBT_PLUS,1,311833,261737,1090,1090,1922
brc202d.map,17,640,PIBT_PLUS,1,320549,266993,1090,1090,1748
brc202d.map,17,650,PIBT_PLUS,1,327945,271259,1090,1090,1831
brc202d.map,17,660,PIBT_PLUS,1,330195,274531,1090,1090,2291
brc202d.map,17,670,PIBT_PLUS,1,336277,277705,1090,1090,1897
brc202d.map,17,680,PIBT_PLUS,1,339040,280403,1090,1090,2019
brc202d.map,17,690,PIBT_PLUS,1,346529,285465,1090,1090,2077
brc202d.map,17,700,PIBT_PLUS,1,349880,290875,1090,1090,1837
brc202d.map,17,710,PIBT_PLUS,1,356790,295380,1090,1090,1857
brc202d.map,17,720,PIBT_PLUS,1,364408,299616,1090,1090,1487
brc202d.map,17,730,PIBT_PLUS,1,372942,305335,1090,1090,2107
brc202d.map,17,740,PIBT_PLUS,1,377856,309907,1090,1090,1934
brc202d.map,17,750,PIBT_PLUS,1,385990,314699,1090,1090,2171
brc202d.map,17,760,PIBT_PLUS,1,391960,319683,1090,1090,1697
brc202d.map,17,770,PIBT_PLUS,1,398238,324818,1090,1090,1645
brc202d.map,17,780,PIBT_PLUS,1,402030,329224,1090,1090,1876
brc202d.map,17,790,PIBT_PLUS,1,405612,333686,1090,1090,1911
brc202d.map,17,800,PIBT_PLUS,1,410419,336925,1090,1090,2121
brc202d.map,17,810,PIBT_PLUS,1,417649,340490,1090,1090,2005
brc202d.map,17,820,PIBT_PLUS,1,422153,344632,1090,1090,1932
brc202d.map,17,830,PIBT_PLUS,1,428260,347247,1090,1090,2220
brc202d.map,17,840,PIBT_PLUS,1,437558,354001,1090,1090,2523
brc202d.map,17,10,PushAndSwap,1,5702,2592,869,788,64
brc202d.map,17,20,PushAndSwap,0,18613,7021,2001,939,77
brc202d.map,17,30,PushAndSwap,0,23848,12768,2001,939,85
brc202d.map,17,40,PushAndSwap,0,29028,16032,2001,939,82
brc202d.map,17,50,PushAndSwap,0,25562,19809,2001,939,143
brc202d.map,17,60,PushAndSwap,0,26666,23042,2001,939,163
brc202d.map,17,70,PushAndSwap,0,33873,26991,2001,939,231
brc202d.map,17,80,PushAndSwap,0,42996,31649,2001,939,293
brc202d.map,17,850,PIBT_PLUS,1,438626,358880,1090,1090,2153
brc202d.map,17,860,PIBT_PLUS,1,446670,361732,1090,1090,2166
brc202d.map,17,870,PIBT_PLUS,1,450992,365796,1090,1090,2520
brc202d.map,17,880,PIBT_PLUS,1,457686,371206,1090,1090,1536
brc202d.map,17,90,PushAndSwap,0,46982,35723,2001,939,582
brc202d.map,17,100,PushAndSwap,0,35606,40814,2001,974,272
brc202d.map,17,110,PushAndSwap,0,35716,44001,2001,974,279
brc202d.map,17,120,PushAndSwap,0,46927,49221,2001,990,378
brc202d.map,17,890,PIBT_PLUS,1,463955,374960,1090,1090,1840
brc202d.map,17,900,PIBT_PLUS,1,474311,379505,1090,1090,1512
brc202d.map,17,910,PIBT_PLUS,1,479622,383831,1090,1090,1032
brc202d.map,17,920,PIBT_PLUS,1,484991,387777,1090,1090,1219
brc202d.map,17,730,HCA,1,322756,305335,1090,1090,13679
brc202d.map,17,740,HCA,0,0,309907,-1,1090,30006
brc202d.map,17,750,HCA,1,332873,314699,1090,1090,13899
brc202d.map,17,760,HCA,1,337731,319683,1090,1090,28639
brc202d.map,17,130,PushAndSwap,0,36052,52888,2001,990,391
brc202d.map,17,140,PushAndSwap,0,29984,58323,2001,990,522
brc202d.map,17,150,PushAndSwap,0,37981,63378,2001,990,670
brc202d.map,17,160,PushAndSwap,0,38351,65804,2001,990,655
brc202d.map,17,930,PIBT_PLUS,1,491895,391382,1090,1090,2140
brc202d.map,17,940,PIBT_PLUS,1,496496,395212,1090,1090,2735
brc202d.map,17,950,PIBT_PLUS,1,500949,399094,1090,1090,1579
brc202d.map,17,960,PIBT_PLUS,1,503966,402003,1090,1090,1358
brc202d.map,15,770,PushAndSwap --no-compress,0,190692408,324171,329859,1067,9597
brc202d.map,15,780,PushAndSwap --no-compress,0,196418607,329069,335033,1067,10944
brc202d.map,15,790,PushAndSwap --no-compress,0,201342811,333100,339158,1067,6462
brc202d.map,15,800,PushAndSwap --no-compress,0,206699446,336562,342908,1067,9879
brc202d.map,17,170,PushAndSwap,0,39636,71114,2001,990,841
brc202d.map,17,180,PushAndSwap,0,41350,74112,2001,990,817
brc202d.map,17,190,PushAndSwap,0,42730,77656,2001,990,755
brc202d.map,17,200,PushAndSwap,0,41686,82506,2001,990,1035
brc202d.map,17,970,PIBT_PLUS,1,509571,405926,1090,1090,3225
brc202d.map,17,980,PIBT_PLUS,1,515345,410865,1090,1090,1675
brc202d.map,17,990,PIBT_PLUS,1,520973,415050,1090,1090,1396
brc202d.map,17,1000,PIBT_PLUS,1,524221,418484,1090,1090,1513
brc202d.map,17,210,PushAndSwap,0,42349,86158,2001,990,1005
brc202d.map,17,220,PushAndSwap,0,36875,89699,2001,990,1009
brc202d.map,17,230,PushAndSwap,0,37029,94090,2001,990,1198
brc202d.map,17,240,PushAndSwap,0,38214,98348,2001,990,1487
brc202d.map,17,250,PushAndSwap,0,38278,101330,2001,990,1204
brc202d.map,17,260,PushAndSwap,0,37194,106901,2001,990,1468
brc202d.map,17,270,PushAndSwap,0,35787,111404,2001,990,1646
brc202d.map,17,280,PushAndSwap,0,47426,115096,2001,990,1806
brc202d.map,17,290,PushAndSwap,0,48990,118604,2001,990,1450
brc202d.map,17,300,PushAndSwap,0,49755,123396,2001,990,2174
brc202d.map,17,310,PushAndSwap,0,52820,128302,2001,1009,2299
brc202d.map,17,320,PushAndSwap,0,48730,131776,2001,1009,3561
brc202d.map,17,330,PushAndSwap,0,49579,136195,2001,1009,1938
brc202d.map,17,340,PushAndSwap,0,49321,140391,2001,1009,2519
brc202d.map,17,350,PushAndSwap,0,49342,144093,2001,1009,2866
brc202d.map,17,360,PushAndSwap,0,41877,148275,2001,1009,3843
brc202d.map,17,370,PushAndSwap,0,42588,152586,2001,1009,2454
brc202d.map,17,380,PushAndSwap,0,42606,156435,2001,1009,3035
brc202d.map,17,390,PushAndSwap,0,42912,159986,2001,1009,4034
brc202d.map,17,400,PushAndSwap,0,58572,164569,2001,1090,4480
brc202d.map,15,730,PushAndSwap,0,36267,307937,2001,1067,275261
brc202d.map,15,740,PushAndSwap,0,36034,312362,2001,1067,64912
brc202d.map,15,750,PushAndSwap,0,35636,316282,2001,1067,22892
brc202d.map,15,760,PushAndSwap,0,36035,320095,2001,1067,357752
brc202d.map,17,410,PushAndSwap,0,40566,168227,2001,1090,3498
brc202d.map,17,420,PushAndSwap,0,58923,171973,2001,1090,4569
brc202d.map,17,430,PushAndSwap,0,43808,176254,2001,1090,5269
brc202d.map,17,440,PushAndSwap,0,37948,179999,2001,1090,5718
brc202d.map,16,730,PushAndSwap --no-compress,0,168412089,306019,310487,1056,15940
brc202d.map,16,740,PushAndSwap --no-compress,0,172314141,308725,313353,1056,8724
brc202d.map,16,750,PushAndSwap --no-compress,0,177207341,313603,318447,1056,8145
brc202d.map,16,760,PushAndSwap --no-compress,0,181589519,316859,321909,1056,5013
brc202d.map,17,450,PushAndSwap,0,56599,183353,2001,1090,4219
brc202d.map,17,460,PushAndSwap,0,57357,187984,2001,1090,7734
brc202d.map,17,470,PushAndSwap,0,38859,192091,2001,1090,5608
brc202d.map,17,480,PushAndSwap,0,42009,198209,2001,1090,6689
brc202d.map,17,770,HCA,0,0,324818,-1,1090,30006
brc202d.map,17,780,HCA,0,0,329224,-1,1090,43593
brc202d.map,17,790,HCA,1,353327,333686,1090,1090,18318
brc202d.map,17,800,HCA,1,356191,336925,1090,1090,25401
brc202d.map,17,810,HCA,1,359967,340490,1090,1090,22052
brc202d.map,17,820,HCA,1,364995,344632,1090,1090,24387
brc202d.map,17,830,HCA,0,0,347247,-1,1090,30015
brc202d.map,17,840,HCA,0,0,354001,-1,1090,30013
brc202d.map,17,530,PushAndSwap,0,46088,216993,2001,1090,12767
brc202d.map,17,540,PushAndSwap,0,51482,221863,2001,1090,9555
brc202d.map,17,550,PushAndSwap,0,44118,226682,2001,1090,22121
brc202d.map,17,560,PushAndSwap,0,69667,230348,2001,1090,6597
brc202d.map,17,850,HCA,0,0,358880,-1,1090,30101
brc202d.map,17,860,HCA,0,0,361732,-1,1090,30493
brc202d.map,17,870,HCA,0,0,365796,-1,1090,31287
brc202d.map,17,880,HCA,0,0,371206,-1,1090,30070
brc202d.map,17,890,HCA,0,0,374960,-1,1090,30077
brc202d.map,17,900,HCA,0,0,379505,-1,1090,30004
brc202d.map,17,910,HCA,0,0,383831,-1,1090,30000
brc202d.map,17,920,HCA,0,0,387777,-1,1090,30055
brc202d.map,17,10,PushAndSwap --no-compress,0,19524,2592,2592,788,8
brc202d.map,17,20,PushAndSwap --no-compress,0,103007,7021,7021,939,15
brc202d.map,17,30,PushAndSwap --no-compress,0,267663,12768,12768,939,27
brc202d.map,17,40,PushAndSwap --no-compress,0,449099,16032,16032,939,49
brc202d.map,17,50,PushAndSwap --no-compress,0,693831,19809,19809,939,83
brc202d.map,17,60,PushAndSwap --no-compress,0,977115,23042,23042,939,90
brc202d.map,17,70,PushAndSwap --no-compress,0,1349817,26991,27015,939,117
brc202d.map,17,80,PushAndSwap --no-compress,0,1799873,31649,31673,939,111
brc202d.map,17,930,HCA,0,0,391382,-1,1090,30006
brc202d.map,17,940,HCA,0,0,395212,-1,1090,30215
brc202d.map,17,950,HCA,0,0,399094,-1,1090,30010
brc202d.map,17,960,HCA,0,0,402003,-1,1090,30005
brc202d.map,17,90,PushAndSwap --no-compress,0,2271683,35723,35753,939,232
brc202d.map,17,100,PushAndSwap --no-compress,0,2903321,40814,40844,974,339
brc202d.map,17,110,PushAndSwap --no-compress,0,3451423,44001,44055,974,319
brc202d.map,17,120,PushAndSwap --no-compress,0,4256221,49221,49301,990,315
brc202d.map,17,130,PushAndSwap --no-compress,0,4997402,52888,53046,990,376
brc202d.map,17,140,PushAndSwap --no-compress,0,5882230,58323,58505,990,545
brc202d.map,17,150,PushAndSwap --no-compress,0,6885007,63378,63616,990,470
brc202d.map,17,160,PushAndSwap --no-compress,0,7650811,65804,66066,990,586
brc202d.map,17,170,PushAndSwap --no-compress,0,8740757,71114,71382,990,771
brc202d.map,17,180,PushAndSwap --no-compress,0,9659496,74112,74440,990,912
brc202d.map,17,190,PushAndSwap --no-compress,0,10684001,77656,78020,990,336
brc202d.map,17,200,PushAndSwap --no-compress,0,12011311,82506,82912,990,605
brc202d.map,17,970,HCA,0,0,405926,-1,1090,34366
brc202d.map,17,980,HCA,0,0,410865,-1,1090,30046
brc202d.map,17,990,HCA,0,0,415050,-1,1090,30005
brc202d.map,17,1000,HCA,0,0,418484,-1,1090,30017
brc202d.map,17,210,PushAndSwap --no-compress,0,13250739,86158,86758,990,605
brc202d.map,17,220,PushAndSwap --no-compress,0,14639538,89699,90353,990,612
brc202d.map,17,230,PushAndSwap --no-compress,0,15968355,94090,94792,990,923
brc202d.map,17,240,PushAndSwap --no-compress,0,17398366,98348,99074,990,1228
brc202d.map,17,250,PushAndSwap --no-compress,0,18644886,101330,102080,990,1266
brc202d.map,17,260,PushAndSwap --no-compress,0,20356345,106901,107543,990,1226
brc202d.map,17,270,PushAndSwap --no-compress,0,22003235,111404,112078,990,1252
brc202d.map,17,280,PushAndSwap --no-compress,0,23738524,115096,115850,990,1222
brc202d.map,17,290,PushAndSwap --no-compress,0,25332242,118604,119426,990,1751
brc202d.map,17,300,PushAndSwap --no-compress,0,27256496,123396,124284,990,1464
brc202d.map,17,310,PushAndSwap --no-compress,0,29303012,128302,129220,1009,1214
brc202d.map,17,320,PushAndSwap --no-compress,0,31056197,131776,132856,1009,1383
brc202d.map,17,330,PushAndSwap --no-compress,0,33213650,136195,137329,1009,1556
brc202d.map,17,340,PushAndSwap --no-compress,0,35306362,140391,141617,1009,1441
brc202d.map,17,350,PushAndSwap --no-compress,0,37342125,144093,145571,1009,1882
brc202d.map,17,360,PushAndSwap --no-compress,0,39579318,148275,149995,1009,3065
brc202d.map,17,370,PushAndSwap --no-compress,0,41819308,152586,154348,1009,2069
brc202d.map,17,380,PushAndSwap --no-compress,0,43942237,156435,158249,1009,3172
brc202d.map,17,390,PushAndSwap --no-compress,0,46046902,159986,161894,1009,2399
brc202d.map,17,400,PushAndSwap --no-compress,0,48877647,164569,166575,1090,2614
brc202d.map,17,610,PushAndSwap,0,44773,251653,2001,1090,15904
brc202d.map,17,620,PushAndSwap,0,45034,256526,2001,1090,18223
brc202d.map,17,630,PushAndSwap,0,57783,261737,2001,1090,7445
brc202d.map,17,640,PushAndSwap,0,52831,266993,2001,1090,40079
brc202d.map,17,410,PushAndSwap --no-compress,0,51217314,168227,170267,1090,3288
brc202d.map,17,420,PushAndSwap --no-compress,0,53615975,171973,174101,1090,2975
brc202d.map,17,430,PushAndSwap --no-compress,0,56186972,176254,178376,1090,2899
brc202d.map,17,440,PushAndSwap --no-compress,0,58970910,179999,182437,1090,3936
brc202d.map,17,570,PushAndSwap,0,41068,233943,2001,1090,13816
brc202d.map,17,580,PushAndSwap,0,48636,238968,2001,1090,12766
brc202d.map,17,590,PushAndSwap,0,42197,243296,2001,1090,44229
brc202d.map,17,600,PushAndSwap,0,42319,248200,2001,1090,15503
brc202d.map,17,450,PushAndSwap --no-compress,0,61757085,183353,185919,1090,2918
brc202d.map,17,460,PushAndSwap --no-compress,0,64758519,187984,190666,1090,3505
brc202d.map,17,470,PushAndSwap --no-compress,0,67632406,192091,194857,1090,4299
brc202d.map,17,480,PushAndSwap --no-compress,0,71455982,198209,201219,1090,5837
brc202d.map,17,490,PushAndSwap --no-compress,0,74247536,201717,204829,1090,4275
brc202d.map,17,500,PushAndSwap --no-compress,0,77198217,205862,209022,1090,5700
brc202d.map,17,510,PushAndSwap --no-compress,0,80272795,210185,213393,1090,3726
brc202d.map,17,520,PushAndSwap --no-compress,0,83128647,213818,217072,1090,4011
brc202d.map,17,970,PushAndSwap,-1,-1,-1,-1,-1,-1
brc202d.map,17,980,PushAndSwap,-1,-1,-1,-1,-1,-1
brc202d.map,17,990,PushAndSwap,-1,-1,-1,-1,-1,-1
brc202d.map,17,1000,PushAndSwap,-1,-1,-1,-1,-1,-1
brc202d.map,17,890,PushAndSwap,-1,-1,-1,-1,-1,-1
brc202d.map,17,900,PushAndSwap,-1,-1,-1,-1,-1,-1
brc202d.map,17,910,PushAndSwap,-1,-1,-1,-1,-1,-1
brc202d.map,17,920,PushAndSwap,-1,-1,-1,-1,-1,-1
brc202d.map,17,930,PushAndSwap,-1,-1,-1,-1,-1,-1
brc202d.map,17,940,PushAndSwap,-1,-1,-1,-1,-1,-1
brc202d.map,17,950,PushAndSwap,-1,-1,-1,-1,-1,-1
brc202d.map,17,960,PushAndSwap,-1,-1,-1,-1,-1,-1
brc202d.map,17,530,PushAndSwap --no-compress,0,86116892,216993,220411,1090,6255
brc202d.map,17,540,PushAndSwap --no-compress,0,89889062,221863,225345,1090,4692
brc202d.map,17,550,PushAndSwap --no-compress,0,93593038,226682,230196,1090,3888
brc202d.map,17,560,PushAndSwap --no-compress,0,96709684,230348,233988,1090,6451
brc202d.map,16,850,PushAndSwap --no-compress,-1,-1,-1,-1,-1,-1
brc202d.map,16,860,PushAndSwap --no-compress,-1,-1,-1,-1,-1,-1
brc202d.map,16,870,PushAndSwap --no-compress,-1,-1,-1,-1,-1,-1
brc202d.map,16,880,PushAndSwap --no-compress,-1,-1,-1,-1,-1,-1
brc202d.map,17,850,PushAndSwap,-1,-1,-1,-1,-1,-1
brc202d.map,17,860,PushAndSwap,-1,-1,-1,-1,-1,-1
brc202d.map,17,870,PushAndSwap,-1,-1,-1,-1,-1,-1
brc202d.map,17,880,PushAndSwap,-1,-1,-1,-1,-1,-1
brc202d.map,17,570,PushAndSwap --no-compress,0,100411581,233943,237845,1090,6442
brc202d.map,17,580,PushAndSwap --no-compress,0,104118188,238968,242902,1090,6319
brc202d.map,17,590,PushAndSwap --no-compress,0,107987501,243296,247336,1090,7885
brc202d.map,17,600,PushAndSwap --no-compress,0,111893514,248200,252298,1090,7783
brc202d.map,16,810,PushAndSwap --no-compress,0,207490797,337302,342998,1069,8296
brc202d.map,16,820,PushAndSwap --no-compress,0,213509326,342274,348304,1069,10073
brc202d.map,16,830,PushAndSwap --no-compress,-1,-1,-1,-1,-1,-1
brc202d.map,16,840,PushAndSwap --no-compress,-1,-1,-1,-1,-1,-1
brc202d.map,18,10,PIBT,1,5942,5933,937,937,7
brc202d.map,18,20,PIBT,1,9960,9934,937,937,14
brc202d.map,18,30,PIBT,1,15248,15212,1121,1121,20
brc202d.map,18,40,PIBT,1,20561,20496,1121,1121,30
brc202d.map,18,50,PIBT,1,23316,23183,1121,1121,36
brc202d.map,18,60,PIBT,1,29584,28231,1121,1121,48
brc202d.map,18,70,PIBT,1,35109,32654,1121,1121,77
brc202d.map,18,80,PIBT,1,38688,36545,1121,1121,78
brc202d.map,18,90,PIBT,1,44399,41280,1121,1121,93
brc202d.map,18,100,PIBT,1,49080,45525,1121,1121,164
brc202d.map,18,110,PIBT,1,52075,47753,1121,1121,92
brc202d.map,18,120,PIBT,1,56728,52144,1121,1121,87
brc202d.map,17,850,PushAndSwap --no-compress,-1,-1,-1,-1,-1,-1
brc202d.map,17,860,PushAndSwap --no-compress,-1,-1,-1,-1,-1,-1
brc202d.map,17,870,PushAndSwap --no-compress,-1,-1,-1,-1,-1,-1
brc202d.map,17,880,PushAndSwap --no-compress,-1,-1,-1,-1,-1,-1
brc202d.map,18,130,PIBT,1,61242,56176,1121,1121,95
brc202d.map,18,140,PIBT,1,65558,58970,1121,1121,106
brc202d.map,18,150,PIBT,1,69716,63376,1121,1121,120
brc202d.map,18,160,PIBT,1,74361,67238,1121,1121,179
brc202d.map,18,170,PIBT,1,77695,70341,1121,1121,117
brc202d.map,18,180,PIBT,1,83744,74888,1121,1121,151
brc202d.map,18,190,PIBT,1,90042,79583,1121,1121,212
brc202d.map,18,200,PIBT,1,93802,83364,1121,1121,258
brc202d.map,18,210,PIBT,1,98781,86580,1121,1121,258
brc202d.map,18,220,PIBT,1,103475,91121,1121,1121,391
brc202d.map,18,230,PIBT,1,110853,96171,1121,1121,413
brc202d.map,18,240,PIBT,1,115054,99419,1121,1121,311
brc202d.map,18,250,PIBT,1,117304,103105,1121,1121,434
brc202d.map,18,260,PIBT,1,121575,106585,1121,1121,459
brc202d.map,18,270,PIBT,1,126566,110064,1121,1121,406
brc202d.map,18,280,PIBT,1,131861,115541,1121,1121,393
brc202d.map,17,890,PushAndSwap --no-compress,-1,-1,-1,-1,-1,-1
brc202d.map,17,900,PushAndSwap --no-compress,-1,-1,-1,-1,-1,-1
brc202d.map,17,910,PushAndSwap --no-compress,-1,-1,-1,-1,-1,-1
brc202d.map,17,920,PushAndSwap --no-compress,-1,-1,-1,-1,-1,-1
brc202d.map,17,650,PushAndSwap,0,60625,271259,2001,1090,15527
brc202d.map,17,660,PushAndSwap,0,59471,274531,2001,1090,78650
brc202d.map,17,670,PushAndSwap,0,59473,277705,2001,1090,14295
brc202d.map,17,680,PushAndSwap,0,59707,280403,2001,1090,57152
brc202d.map,18,290,PIBT,1,138817,121404,1121,1121,207
brc202d.map,18,300,PIBT,1,144575,126055,1121,1121,223
brc202d.map,18,310,PIBT,1,150577,129883,1121,1121,216
brc202d.map,18,320,PIBT,1,156152,134705,1121,1121,229
brc202d.map,18,330,PIBT,1,160810,138793,1121,1121,240
brc202d.map,18,340,PIBT,1,166752,142913,1121,1121,232
brc202d.map,18,350,PIBT,1,171671,147089,1121,1121,254
brc202d.map,18,360,PIBT,1,176303,151696,1121,1121,243
brc202d.map,18,370,PIBT,1,179766,154112,1121,1121,273
brc202d.map,18,380,PIBT,1,185944,158094,1121,1121,281
brc202d.map,18,390,PIBT,1,192601,162478,1121,1121,265
brc202d.map,18,400,PIBT,1,198830,165418,1121,1121,283
brc202d.map,18,410,PIBT,1,201459,168825,1121,1121,289
brc202d.map,18,420,PIBT,1,207916,173739,1121,1121,299
brc202d.map,18,430,PIBT,1,213162,178049,1121,1121,310
brc202d.map,18,440,PIBT,1,217713,182772,1121,1121,345
brc202d.map,18,450,PIBT,1,224065,186582,1121,1121,315
brc202d.map,18,460,PIBT,1,230988,191213,1121,1121,375
brc202d.map,18,470,PIBT,1,234297,194833,1121,1121,400
brc202d.map,18,480,PIBT,1,241137,199615,1121,1121,372
brc202d.map,18,490,PIBT,1,244573,203767,1121,1121,498
brc202d.map,18,500,PIBT,1,249035,207965,1121,1121,476
brc202d.map,18,510,PIBT,1,255493,211251,1121,1121,398
brc202d.map,18,520,PIBT,1,258880,215270,1121,1121,397
brc202d.map,18,530,PIBT,1,265999,219920,1121,1121,548
brc202d.map,18,540,PIBT,1,271095,224112,1121,1121,471
brc202d.map,18,550,PIBT,1,276431,227831,1121,1121,699
brc202d.map,18,560,PIBT,1,280798,232358,1121,1121,721
brc202d.map,18,570,PIBT,1,291356,237023,1121,1121,534
brc202d.map,18,580,PIBT,1,293698,241616,1121,1121,858
brc202d.map,18,590,PIBT,1,297642,245431,1121,1121,744
brc202d.map,18,600,PIBT,1,305710,250635,1121,1121,587
brc202d.map,18,610,PIBT,1,308425,254194,1121,1121,479
brc202d.map,18,620,PIBT,1,314245,257273,1121,1121,638
brc202d.map,18,630,PIBT,1,318346,261172,1121,1121,904
brc202d.map,18,640,PIBT,1,324936,267082,1121,1121,679
brc202d.map,18,650,PIBT,1,331082,272055,1121,1121,824
brc202d.map,18,660,PIBT,1,337840,276956,1121,1121,863
brc202d.map,18,670,PIBT,1,341670,279953,1121,1121,571
brc202d.map,18,680,PIBT,1,347581,284916,1121,1121,854
brc202d.map,18,690,PIBT,1,352624,289864,1121,1121,818
brc202d.map,18,700,PIBT,1,360214,294548,1121,1121,846
brc202d.map,18,710,PIBT,1,364910,296752,1121,1121,642
brc202d.map,18,720,PIBT,1,369981,301201,1121,1121,894
brc202d.map,18,730,PIBT,1,376349,305951,1121,1121,906
brc202d.map,18,740,PIBT,1,380344,310523,1121,1121,784
brc202d.map,18,750,PIBT,1,387440,315501,1121,1121,879
brc202d.map,18,760,PIBT,1,388383,319093,1121,1121,864
brc202d.map,18,770,PIBT,1,397075,323721,1121,1121,765
brc202d.map,18,780,PIBT,1,404328,327332,1121,1121,992
brc202d.map,18,790,PIBT,1,406411,331739,1121,1121,1021
brc202d.map,18,800,PIBT,1,408595,336281,1121,1121,974
brc202d.map,18,810,PIBT,1,418919,341301,1121,1121,1104
brc202d.map,18,820,PIBT,1,429484,346118,1121,1121,1108
brc202d.map,18,830,PIBT,1,432435,349733,1121,1121,1122
brc202d.map,18,840,PIBT,1,439346,354258,1121,1121,1143
brc202d.map,18,850,PIBT,1,448649,359117,1121,1121,1126
brc202d.map,18,860,PIBT,1,448556,361792,1121,1121,1037
brc202d.map,18,870,PIBT,1,457056,365768,1121,1121,1258
brc202d.map,18,880,PIBT,1,459718,369314,1121,1121,1535
brc202d.map,18,890,PIBT,1,466469,372089,1121,1121,978
brc202d.map,18,900,PIBT,1,471587,375892,1121,1121,985
brc202d.map,18,910,PIBT,1,476546,379015,1121,1121,1229
brc202d.map,18,920,PIBT,1,484902,382990,1121,1121,2125
brc202d.map,18,10,HCA,1,5937,5933,937,937,2143
brc202d.map,18,20,HCA,1,9941,9934,937,937,2470
brc202d.map,18,30,HCA,1,15225,15212,1121,1121,648
brc202d.map,18,40,HCA,1,20519,20496,1121,1121,685
brc202d.map,18,930,PIBT,1,491352,389235,1121,1121,1144
brc202d.map,18,940,PIBT,1,498450,395155,1121,1121,1764
brc202d.map,18,950,PIBT,1,508039,398472,1121,1121,853
brc202d.map,18,960,PIBT,1,509410,402863,1121,1121,769
brc202d.map,18,50,HCA,1,23208,23183,1121,1121,624
brc202d.map,18,60,HCA,1,28270,28231,1121,1121,647
brc202d.map,18,70,HCA,1,32693,32654,1121,1121,658
brc202d.map,18,80,HCA,1,36590,36545,1121,1121,720
brc202d.map,18,970,PIBT,1,519530,406867,1121,1121,1367
brc202d.map,18,980,PIBT,1,524088,410463,1121,1121,901
brc202d.map,18,990,PIBT,1,521870,413380,1121,1121,746
brc202d.map,18,1000,PIBT,1,533451,418386,1121,1121,1311
brc202d.map,18,90,HCA,1,41593,41280,1121,1121,1067
brc202d.map,18,100,HCA,1,45859,45525,1121,1121,1047
brc202d.map,18,110,HCA,1,48259,47753,1121,1121,1335
brc202d.map,18,120,HCA,1,52662,52144,1121,1121,998
brc202d.map,18,130,HCA,1,57220,56176,1121,1121,1390
brc202d.map,18,140,HCA,1,60440,58970,1121,1121,1467
brc202d.map,18,150,HCA,1,64857,63376,1121,1121,1153
brc202d.map,18,160,HCA,1,69214,67238,1121,1121,1528
brc202d.map,18,170,HCA,1,72646,70341,1121,1121,1187
brc202d.map,18,180,HCA,1,77218,74888,1121,1121,1365
brc202d.map,18,190,HCA,1,82492,79583,1121,1121,1306
brc202d.map,18,200,HCA,1,86211,83364,1121,1121,3100
brc202d.map,18,210,HCA,1,89526,86580,1121,1121,1483
brc202d.map,18,220,HCA,1,94743,91121,1121,1121,3110
brc202d.map,18,230,HCA,1,99801,96171,1121,1121,2121
brc202d.map,18,240,HCA,1,102740,99419,1121,1121,2413
brc202d.map,18,250,HCA,1,106433,103105,1121,1121,3371
brc202d.map,18,260,HCA,1,110306,106585,1121,1121,2375
brc202d.map,18,270,HCA,1,113914,110064,1121,1121,2342
brc202d.map,18,280,HCA,1,119786,115541,1121,1121,2815
brc202d.map,18,290,HCA,1,125983,121404,1121,1121,3700
brc202d.map,18,300,HCA,1,131595,126055,1121,1121,2579
brc202d.map,18,310,HCA,1,135974,129883,1121,1121,3374
brc202d.map,18,320,HCA,1,141505,134705,1121,1121,5700
brc202d.map,18,330,HCA,1,145576,138793,1121,1121,3757
brc202d.map,18,340,HCA,1,150390,142913,1121,1121,3453
brc202d.map,18,350,HCA,1,154280,147089,1121,1121,13551
brc202d.map,18,360,HCA,1,159143,151696,1121,1121,7226
brc202d.map,18,370,HCA,1,161775,154112,1121,1121,4217
brc202d.map,18,380,HCA,1,165778,158094,1121,1121,6770
brc202d.map,18,390,HCA,1,171691,162478,1121,1121,8957
brc202d.map,18,400,HCA,1,174720,165418,1121,1121,5247
brc202d.map,17,970,PushAndSwap --no-compress,0,300711514,405926,415170,1090,10559
brc202d.map,17,980,PushAndSwap --no-compress,-1,-1,-1,-1,-1,-1
brc202d.map,17,990,PushAndSwap --no-compress,-1,-1,-1,-1,-1,-1
brc202d.map,17,1000,PushAndSwap --no-compress,-1,-1,-1,-1,-1,-1
brc202d.map,18,410,HCA,1,178153,168825,1121,1121,10725
brc202d.map,18,420,HCA,1,182908,173739,1121,1121,12528
brc202d.map,18,430,HCA,1,187417,178049,1121,1121,7825
brc202d.map,18,440,HCA,1,191666,182772,1121,1121,8268
brc202d.map,18,450,HCA,1,195067,186582,1121,1121,7052
brc202d.map,18,460,HCA,1,200969,191213,1121,1121,8832
brc202d.map,18,470,HCA,1,204784,194833,1121,1121,8403
brc202d.map,18,480,HCA,1,210297,199615,1121,1121,8694
brc202d.map,17,690,PushAndSwap --no-compress,0,149347012,285465,290649,1090,8292
brc202d.map,17,700,PushAndSwap --no-compress,0,154320376,290875,296135,1090,10536
brc202d.map,17,710,PushAndSwap --no-compress,0,158758517,295380,300692,1090,7936
brc202d.map,17,720,PushAndSwap --no-compress,0,163140652,299616,305094,1090,9033
brc202d.map,17,490,PushAndSwap,0,62376,201717,2001,1090,9808
brc202d.map,17,500,PushAndSwap,0,63443,205862,2001,1090,9149
brc202d.map,17,510,PushAndSwap,0,66053,210185,2001,1090,9170
brc202d.map,17,520,PushAndSwap,0,46050,213818,2001,1090,244785
brc202d.map,18,530,HCA,1,230732,219920,1121,1121,10717
brc202d.map,18,540,HCA,1,235724,224112,1121,1121,8553
brc202d.map,18,550,HCA,1,239017,227831,1121,1121,14272
brc202d.map,18,560,HCA,1,244291,232358,1121,1121,11840
brc202d.map,17,610,PushAndSwap --no-compress,0,115595289,251653,255875,1090,6944
brc202d.map,17,620,PushAndSwap --no-compress,0,119579701,256526,260856,1090,9532
brc202d.map,17,630,PushAndSwap --no-compress,0,123972667,261737,266215,1090,9848
brc202d.map,17,640,PushAndSwap --no-compress,0,128635420,266993,271699,1090,9528
brc202d.map,18,490,HCA,1,214314,203767,1121,1121,29110
brc202d.map,18,500,HCA,1,217572,207965,1121,1121,7186
brc202d.map,18,510,HCA,1,221583,211251,1121,1121,7524
brc202d.map,18,520,HCA,1,226357,215270,1121,1121,6728
brc202d.map,18,570,HCA,1,248766,237023,1121,1121,14538
brc202d.map,18,580,HCA,1,253977,241616,1121,1121,18189
brc202d.map,18,590,HCA,1,258301,245431,1121,1121,10402
brc202d.map,18,600,HCA,1,263758,250635,1121,1121,12397
brc202d.map,17,650,PushAndSwap --no-compress,0,132567944,271259,276033,1090,6568
brc202d.map,17,660,PushAndSwap --no-compress,0,136379094,274531,279359,1090,10737
brc202d.map,17,670,PushAndSwap --no-compress,0,140183060,277705,282625,1090,5933
brc202d.map,17,680,PushAndSwap --no-compress,0,144123821,280403,285411,1090,9877
brc202d.map,18,650,HCA,1,287921,272055,1121,1121,13873
brc202d.map,18,660,HCA,1,293074,276956,1121,1121,13421
brc202d.map,18,670,HCA,1,296845,279953,1121,1121,20254
brc202d.map,18,680,HCA,1,301058,284916,1121,1121,20943
brc202d.map,17,690,PushAndSwap,0,54912,285465,2001,1090,196947
brc202d.map,17,700,PushAndSwap,0,65842,290875,2001,1090,53574
brc202d.map,17,710,PushAndSwap,0,55103,295380,2001,1090,29827
brc202d.map,17,720,PushAndSwap,0,65081,299616,2001,1090,42199
brc202d.map,18,10,PIBT_PLUS,1,5942,5933,937,937,11
brc202d.map,18,20,PIBT_PLUS,1,9960,9934,937,937,21
brc202d.map,18,30,PIBT_PLUS,1,15248,15212,1121,1121,27
brc202d.map,18,40,PIBT_PLUS,1,20561,20496,1121,1121,37
brc202d.map,18,50,PIBT_PLUS,1,23316,23183,1121,1121,49
brc202d.map,18,60,PIBT_PLUS,1,29584,28231,1121,1121,55
brc202d.map,18,70,PIBT_PLUS,1,35109,32654,1121,1121,73
brc202d.map,18,80,PIBT_PLUS,1,38688,36545,1121,1121,165
brc202d.map,18,90,PIBT_PLUS,1,44399,41280,1121,1121,178
brc202d.map,18,100,PIBT_PLUS,1,49080,45525,1121,1121,153
brc202d.map,18,110,PIBT_PLUS,1,52075,47753,1121,1121,162
brc202d.map,18,120,PIBT_PLUS,1,56728,52144,1121,1121,129
brc202d.map,18,610,HCA,1,269017,254194,1121,1121,10873
brc202d.map,18,620,HCA,1,271575,257273,1121,1121,18133
brc202d.map,18,630,HCA,1,275273,261172,1121,1121,19050
brc202d.map,18,640,HCA,1,283069,267082,1121,1121,24126
brc202d.map,18,130,PIBT_PLUS,1,61242,56176,1121,1121,127
brc202d.map,18,140,PIBT_PLUS,1,65558,58970,1121,1121,132
brc202d.map,18,150,PIBT_PLUS,1,69716,63376,1121,1121,141
brc202d.map,18,160,PIBT_PLUS,1,74361,67238,1121,1121,143
brc202d.map,18,170,PIBT_PLUS,1,77695,70341,1121,1121,167
brc202d.map,18,180,PIBT_PLUS,1,83744,74888,1121,1121,167
brc202d.map,18,190,PIBT_PLUS,1,90042,79583,1121,1121,169
brc202d.map,18,200,PIBT_PLUS,1,93802,83364,1121,1121,435
brc202d.map,18,210,PIBT_PLUS,1,98781,86580,1121,1121,454
brc202d.map,18,220,PIBT_PLUS,1,103475,91121,1121,1121,482
brc202d.map,18,230,PIBT_PLUS,1,110853,96171,1121,1121,207
brc202d.map,18,240,PIBT_PLUS,1,115054,99419,1121,1121,245
brc202d.map,18,250,PIBT_PLUS,1,117304,103105,1121,1121,520
brc202d.map,18,260,PIBT_PLUS,1,121575,106585,1121,1121,248
brc202d.map,18,270,PIBT_PLUS,1,126566,110064,1121,1121,276
brc202d.map,18,280,PIBT_PLUS,1,131861,115541,1121,1121,274
brc202d.map,18,290,PIBT_PLUS,1,138817,121404,1121,1121,411
brc202d.map,18,300,PIBT_PLUS,1,144575,126055,1121,1121,876
brc202d.map,18,310,PIBT_PLUS,1,150577,129883,1121,1121,1164
brc202d.map,18,320,PIBT_PLUS,1,156152,134705,1121,1121,1389
brc202d.map,18,330,PIBT_PLUS,1,160810,138793,1121,1121,760
brc202d.map,18,340,PIBT_PLUS,1,166752,142913,1121,1121,657
brc202d.map,18,350,PIBT_PLUS,1,171671,147089,1121,1121,1318
brc202d.map,18,360,PIBT_PLUS,1,176303,151696,1121,1121,1040
brc202d.map,18,370,PIBT_PLUS,1,179766,154112,1121,1121,1035
brc202d.map,18,380,PIBT_PLUS,1,185944,158094,1121,1121,872
brc202d.map,18,390,PIBT_PLUS,1,192601,162478,1121,1121,753
brc202d.map,18,400,PIBT_PLUS,1,198830,165418,1121,1121,761
brc202d.map,18,410,PIBT_PLUS,1,201459,168825,1121,1121,744
brc202d.map,18,420,PIBT_PLUS,1,207916,173739,1121,1121,769
brc202d.map,18,430,PIBT_PLUS,1,213162,178049,1121,1121,803
brc202d.map,18,440,PIBT_PLUS,1,217713,182772,1121,1121,1002
brc202d.map,18,450,PIBT_PLUS,1,224065,186582,1121,1121,930
brc202d.map,18,460,PIBT_PLUS,1,230988,191213,1121,1121,791
brc202d.map,18,470,PIBT_PLUS,1,234297,194833,1121,1121,1694
brc202d.map,18,480,PIBT_PLUS,1,241137,199615,1121,1121,1417
brc202d.map,18,490,PIBT_PLUS,1,244573,203767,1121,1121,634
brc202d.map,18,500,PIBT_PLUS,1,249035,207965,1121,1121,1577
brc202d.map,18,510,PIBT_PLUS,1,255493,211251,1121,1121,1462
brc202d.map,18,520,PIBT_PLUS,1,258880,215270,1121,1121,679
brc202d.map,18,530,PIBT_PLUS,1,265999,219920,1121,1121,587
brc202d.map,18,540,PIBT_PLUS,1,271095,224112,1121,1121,1537
brc202d.map,18,550,PIBT_PLUS,1,276431,227831,1121,1121,1214
brc202d.map,18,560,PIBT_PLUS,1,280798,232358,1121,1121,1180
brc202d.map,18,570,PIBT_PLUS,1,291356,237023,1121,1121,1633
brc202d.map,18,580,PIBT_PLUS,1,293698,241616,1121,1121,1284
brc202d.map,18,590,PIBT_PLUS,1,297642,245431,1121,1121,1056
brc202d.map,18,600,PIBT_PLUS,1,305710,250635,1121,1121,1146
brc202d.map,18,730,HCA,1,324629,305951,1121,1121,21545
brc202d.map,18,740,HCA,0,0,310523,-1,1121,30018
brc202d.map,18,750,HCA,1,334191,315501,1121,1121,14241
brc202d.map,18,760,HCA,1,338709,319093,1121,1121,22574
brc202d.map,18,610,PIBT_PLUS,1,308425,254194,1121,1121,1155
brc202d.map,18,620,PIBT_PLUS,1,314245,257273,1121,1121,1328
brc202d.map,18,630,PIBT_PLUS,1,318346,261172,1121,1121,1555
brc202d.map,18,640,PIBT_PLUS,1,324936,267082,1121,1121,2393
brc202d.map,18,690,HCA,1,307003,289864,1121,1121,16595
brc202d.map,18,700,HCA,1,311491,294548,1121,1121,25685
brc202d.map,18,710,HCA,1,314384,296752,1121,1121,26853
brc202d.map,18,720,HCA,0,0,301201,-1,1121,30016
brc202d.map,18,650,PIBT_PLUS,1,331082,272055,1121,1121,1260
brc202d.map,18,660,PIBT_PLUS,1,337840,276956,1121,1121,1560
brc202d.map,18,670,PIBT_PLUS,1,341670,279953,1121,1121,2396
brc202d.map,18,680,PIBT_PLUS,1,347581,284916,1121,1121,2506
brc202d.map,18,690,PIBT_PLUS,1,352624,289864,1121,1121,1756
brc202d.map,18,700,PIBT_PLUS,1,360214,294548,1121,1121,2490
brc202d.map,18,710,PIBT_PLUS,1,364910,296752,1121,1121,2533
brc202d.map,18,720,PIBT_PLUS,1,369981,301201,1121,1121,3106
brc202d.map,18,730,PIBT_PLUS,1,376349,305951,1121,1121,2496
brc202d.map,18,740,PIBT_PLUS,1,380344,310523,1121,1121,3280
brc202d.map,18,750,PIBT_PLUS,1,387440,315501,1121,1121,3046
brc202d.map,18,760,PIBT_PLUS,1,388383,319093,1121,1121,2606
brc202d.map,18,770,PIBT_PLUS,1,397075,323721,1121,1121,2195
brc202d.map,18,780,PIBT_PLUS,1,404328,327332,1121,1121,3316
brc202d.map,18,790,PIBT_PLUS,1,406411,331739,1121,1121,2890
brc202d.map,18,800,PIBT_PLUS,1,408595,336281,1121,1121,2689
brc202d.map,18,810,PIBT_PLUS,1,418919,341301,1121,1121,3479
brc202d.map,18,820,PIBT_PLUS,1,429484,346118,1121,1121,3154
brc202d.map,18,830,PIBT_PLUS,1,432435,349733,1121,1121,2814
brc202d.map,18,840,PIBT_PLUS,1,439346,354258,1121,1121,1423
brc202d.map,18,850,PIBT_PLUS,1,448649,359117,1121,1121,3257
brc202d.map,18,860,PIBT_PLUS,1,448556,361792,1121,1121,2723
brc202d.map,18,870,PIBT_PLUS,1,457056,365768,1121,1121,1508
brc202d.map,18,880,PIBT_PLUS,1,459718,369314,1121,1121,2956
brc202d.map,18,10,PushAndSwap,1,11083,5933,1512,937,72
brc202d.map,18,20,PushAndSwap,0,25629,9934,2001,937,80
brc202d.map,18,30,PushAndSwap,0,25324,15212,2001,1121,83
brc202d.map,18,40,PushAndSwap,0,18599,20496,2001,1121,98
brc202d.map,18,50,PushAndSwap,0,21067,23183,2001,1121,126
brc202d.map,18,60,PushAndSwap,0,23760,28231,2001,1121,132
brc202d.map,18,70,PushAndSwap,0,20447,32654,2001,1121,292
brc202d.map,18,80,PushAndSwap,0,22554,36545,2001,1121,183
brc202d.map,18,90,PushAndSwap,0,24751,41280,2001,1121,413
brc202d.map,18,100,PushAndSwap,0,29862,45525,2001,1121,366
brc202d.map,18,110,PushAndSwap,0,31798,47753,2001,1121,232
brc202d.map,18,120,PushAndSwap,0,32117,52144,2001,1121,245
brc202d.map,18,890,PIBT_PLUS,1,466469,372089,1121,1121,884
brc202d.map,18,900,PIBT_PLUS,1,471587,375892,1121,1121,2753
brc202d.map,18,910,PIBT_PLUS,1,476546,379015,1121,1121,933
brc202d.map,18,920,PIBT_PLUS,1,484902,382990,1121,1121,962
brc202d.map,15,770,PushAndSwap,0,31451,324171,2001,1067,381964
brc202d.map,15,780,PushAndSwap,0,31377,329069,2001,1067,23721
brc202d.map,15,790,PushAndSwap,0,23174,333100,2001,1067,294381
brc202d.map,15,800,PushAndSwap,0,22939,336562,2001,1067,400211
brc202d.map,18,930,PIBT_PLUS,1,491352,389235,1121,1121,1577
brc202d.map,18,940,PIBT_PLUS,1,498450,395155,1121,1121,3044
brc202d.map,18,950,PIBT_PLUS,1,508039,398472,1121,1121,1523
brc202d.map,18,960,PIBT_PLUS,1,509410,402863,1121,1121,1219
brc202d.map,18,130,PushAndSwap,0,30904,56176,2001,1121,354
brc202d.map,18,140,PushAndSwap,0,32995,58970,2001,1121,311
brc202d.map,18,150,PushAndSwap,0,38134,63376,2001,1121,346
brc202d.map,18,160,PushAndSwap,0,38209,67238,2001,1121,338
brc202d.map,18,170,PushAndSwap,0,20665,70341,2001,1121,512
brc202d.map,18,180,PushAndSwap,0,25026,74888,2001,1121,389
brc202d.map,18,190,PushAndSwap,0,16155,79583,2001,1121,424
brc202d.map,18,200,PushAndSwap,0,16630,83364,2001,1121,518
brc202d.map,18,970,PIBT_PLUS,1,519530,406867,1121,1121,3076
brc202d.map,18,980,PIBT_PLUS,1,524088,410463,1121,1121,1698
brc202d.map,18,990,PIBT_PLUS,1,521870,413380,1121,1121,1253
brc202d.map,18,1000,PIBT_PLUS,1,533451,418386,1121,1121,1061
brc202d.map,18,770,HCA,0,0,323721,-1,1121,30003
brc202d.map,18,780,HCA,1,346983,327332,1121,1121,22471
brc202d.map,18,790,HCA,1,351996,331739,1121,1121,24449
brc202d.map,18,800,HCA,1,356358,336281,1121,1121,23102
brc202d.map,18,210,PushAndSwap,0,20805,86580,2001,1121,519
brc202d.map,18,220,PushAndSwap,0,24206,91121,2001,1121,646
brc202d.map,18,230,PushAndSwap,0,28443,96171,2001,1121,807
brc202d.map,18,240,PushAndSwap,0,28499,99419,2001,1121,954
brc202d.map,18,250,PushAndSwap,0,32944,103105,2001,1121,789
brc202d.map,18,260,PushAndSwap,0,32751,106585,2001,1121,899
brc202d.map,18,270,PushAndSwap,0,36064,110064,2001,1121,1025
brc202d.map,18,280,PushAndSwap,0,34797,115541,2001,1121,1292
brc202d.map,18,290,PushAndSwap,0,28208,121404,2001,1121,1001
brc202d.map,18,300,PushAndSwap,0,28408,126055,2001,1121,1169
brc202d.map,18,310,PushAndSwap,0,28477,129883,2001,1121,1489
brc202d.map,18,320,PushAndSwap,0,32420,134705,2001,1121,2343
brc202d.map,18,330,PushAndSwap,0,42268,138793,2001,1121,1260
brc202d.map,18,340,PushAndSwap,0,44432,142913,2001,1121,1495
brc202d.map,18,350,PushAndSwap,0,44463,147089,2001,1121,2378
brc202d.map,18,360,PushAndSwap,0,44400,151696,2001,1121,2311
brc202d.map,18,850,HCA,0,0,359117,-1,1121,30026
brc202d.map,18,860,HCA,1,385485,361792,1121,1121,19622
brc202d.map,18,870,HCA,0,0,365768,-1,1121,30116
brc202d.map,18,880,HCA,1,393245,369314,1121,1121,24014
brc202d.map,18,370,PushAndSwap,0,44406,154112,2001,1121,1710
brc202d.map,18,380,PushAndSwap,0,44528,158094,2001,1121,2222
brc202d.map,18,390,PushAndSwap,0,44806,162478,2001,1121,2441
brc202d.map,18,400,PushAndSwap,0,41794,165418,2001,1121,2575
brc202d.map,17,730,PushAndSwap --no-compress,0,168621111,305335,310985,1090,7884
brc202d.map,17,740,PushAndSwap --no-compress,0,173304006,309907,315627,1090,8608
brc202d.map,17,750,PushAndSwap --no-compress,0,178393382,314699,320623,1090,6797
brc202d.map,17,760,PushAndSwap --no-compress,0,183564195,319683,325673,1090,4886
brc202d.map,18,810,HCA,1,362406,341301,1121,1121,25077
brc202d.map,18,820,HCA,1,367311,346118,1121,1121,28009
brc202d.map,18,830,HCA,1,371162,349733,1121,1121,22799
brc202d.map,18,840,HCA,0,0,354258,-1,1121,30005
brc202d.map,18,410,PushAndSwap,0,41965,168825,2001,1121,2324
brc202d.map,18,420,PushAndSwap,0,43996,173739,2001,1121,3062
brc202d.map,18,430,PushAndSwap,0,44391,178049,2001,1121,3094
brc202d.map,18,440,PushAndSwap,0,44363,182772,2001,1121,3648
brc202d.map,18,450,PushAndSwap,0,44590,186582,2001,1121,2825
brc202d.map,18,460,PushAndSwap,0,42819,191213,2001,1121,3572
brc202d.map,18,470,PushAndSwap,0,42834,194833,2001,1121,9384
brc202d.map,18,480,PushAndSwap,0,42851,199615,2001,1121,5436
brc202d.map,18,890,HCA,0,0,372089,-1,1121,30007
brc202d.map,18,900,HCA,0,0,375892,-1,1121,30003
brc202d.map,18,910,HCA,0,0,379015,-1,1121,30004
brc202d.map,18,920,HCA,0,0,382990,-1,1121,30005
brc202d.map,18,490,PushAndSwap,0,42871,203767,2001,1121,4392
brc202d.map,18,500,PushAndSwap,0,42934,207965,2001,1121,4970
brc202d.map,18,510,PushAndSwap,0,42181,211251,2001,1121,24631
brc202d.map,18,520,PushAndSwap,0,42261,215270,2001,1121,4483
brc202d.map,17,930,PushAndSwap --no-compress,-1,-1,-1,-1,-1,-1
brc202d.map,17,940,PushAndSwap --no-compress,-1,-1,-1,-1,-1,-1
brc202d.map,17,950,PushAndSwap --no-compress,-1,-1,-1,-1,-1,-1
brc202d.map,17,960,PushAndSwap --no-compress,-1,-1,-1,-1,-1,-1
brc202d.map,18,930,HCA,1,415964,389235,1121,1121,28248
brc202d.map,18,940,HCA,0,0,395155,-1,1121,30016
brc202d.map,18,950,HCA,0,0,398472,-1,1121,30424
brc202d.map,18,960,HCA,0,0,402863,-1,1121,30012
brc202d.map,18,970,HCA,0,0,406867,-1,1121,30290
brc202d.map,18,980,HCA,0,0,410463,-1,1121,30083
brc202d.map,18,990,HCA,0,0,413380,-1,1121,30015
brc202d.map,18,1000,HCA,0,0,418386,-1,1121,30004
brc202d.map,18,10,PushAndSwap --no-compress,0,39094,5933,5933,937,20
brc202d.map,18,20,PushAndSwap --no-compress,0,132083,9934,9934,937,35
brc202d.map,18,30,PushAndSwap --no-compress,0,307135,15212,15212,1121,53
brc202d.map,18,40,PushAndSwap --no-compress,0,553424,20496,20496,1121,68
brc202d.map,18,50,PushAndSwap --no-compress,0,796941,23183,23185,1121,75
brc202d.map,18,60,PushAndSwap --no-compress,0,1155680,28231,28235,1121,169
brc202d.map,18,70,PushAndSwap --no-compress,0,1565496,32654,32658,1121,208
brc202d.map,18,80,PushAndSwap --no-compress,0,1994435,36545,36555,1121,140
brc202d.map,18,90,PushAndSwap --no-compress,0,2565606,41280,41302,1121,178
brc202d.map,18,100,PushAndSwap --no-compress,0,3144439,45525,45559,1121,223
brc202d.map,18,110,PushAndSwap --no-compress,0,3660615,47753,47787,1121,99
brc202d.map,18,120,PushAndSwap --no-compress,0,4320798,52144,52208,1121,238
brc202d.map,18,130,PushAndSwap --no-compress,0,5047262,56176,56240,1121,465
brc202d.map,18,140,PushAndSwap --no-compress,0,5735065,58970,59034,1121,622
brc202d.map,18,150,PushAndSwap --no-compress,0,6554903,63376,63440,1121,153
brc202d.map,18,160,PushAndSwap --no-compress,0,7415674,67238,67308,1121,354
brc202d.map,18,170,PushAndSwap --no-compress,0,8305673,70341,70427,1121,1612
brc202d.map,18,180,PushAndSwap --no-compress,0,9384681,74888,74980,1121,181
brc202d.map,18,190,PushAndSwap --no-compress,0,10513928,79583,79681,1121,534
brc202d.map,18,200,PushAndSwap --no-compress,0,11578860,83364,83474,1121,329
brc202d.map,18,210,PushAndSwap --no-compress,0,12636086,86580,86714,1121,588
brc202d.map,18,220,PushAndSwap --no-compress,0,14123416,91121,91357,1121,557
brc202d.map,18,230,PushAndSwap --no-compress,0,15676565,96171,96419,1121,1353
brc202d.map,18,240,PushAndSwap --no-compress,0,16949222,99419,99685,1121,346
brc202d.map,18,890,PushAndSwap,-1,-1,-1,-1,-1,-1
brc202d.map,18,900,PushAndSwap,-1,-1,-1,-1,-1,-1
brc202d.map,18,910,PushAndSwap,-1,-1,-1,-1,-1,-1
brc202d.map,18,920,PushAndSwap,-1,-1,-1,-1,-1,-1
brc202d.map,18,250,PushAndSwap --no-compress,0,18290061,103105,103397,1121,1602
brc202d.map,18,260,PushAndSwap --no-compress,0,19651681,106585,106883,1121,1752
brc202d.map,18,270,PushAndSwap --no-compress,0,21144792,110064,110404,1121,527
brc202d.map,18,280,PushAndSwap --no-compress,0,22965950,115541,115977,1121,423
brc202d.map,18,290,PushAndSwap --no-compress,0,25013784,121404,122152,1121,493
brc202d.map,18,300,PushAndSwap --no-compress,0,26823768,126055,126803,1121,439
brc202d.map,18,310,PushAndSwap --no-compress,0,28532383,129883,130637,1121,700
brc202d.map,18,320,PushAndSwap --no-compress,0,30527436,134705,135403,1121,1569
brc202d.map,18,930,PushAndSwap,-1,-1,-1,-1,-1,-1
brc202d.map,18,940,PushAndSwap,-1,-1,-1,-1,-1,-1
brc202d.map,18,950,PushAndSwap,-1,-1,-1,-1,-1,-1
brc202d.map,18,960,PushAndSwap,-1,-1,-1,-1,-1,-1
brc202d.map,18,330,PushAndSwap --no-compress,0,32462985,138793,139511,1121,1608
brc202d.map,18,340,PushAndSwap --no-compress,0,34372321,142913,143643,1121,507
brc202d.map,18,350,PushAndSwap --no-compress,0,36430455,147089,147967,1121,2115
brc202d.map,18,360,PushAndSwap --no-compress,0,38630171,151696,152622,1121,1825
brc202d.map,18,530,PushAndSwap,0,44213,219920,2001,1121,7081
brc202d.map,18,540,PushAndSwap,0,44294,224112,2001,1121,41957
brc202d.map,18,550,PushAndSwap,0,52376,227831,2001,1121,37237
brc202d.map,18,560,PushAndSwap,0,52779,232358,2001,1121,4729
brc202d.map,18,370,PushAndSwap --no-compress,0,40498442,154112,155050,1121,1026
brc202d.map,18,380,PushAndSwap --no-compress,0,42832130,158094,159068,1121,1361
brc202d.map,18,390,PushAndSwap --no-compress,0,45275676,162478,163460,1121,1296
brc202d.map,18,400,PushAndSwap --no-compress,0,47429764,165418,166416,1121,2932
brc202d.map,18,410,PushAndSwap --no-compress,0,49770121,168825,169871,1121,998
brc202d.map,18,420,PushAndSwap --no-compress,0,52447120,173739,174749,1121,1290
brc202d.map,18,430,PushAndSwap --no-compress,0,55002148,178049,179069,1121,3127
brc202d.map,18,440,PushAndSwap --no-compress,0,57662425,182772,183838,1121,3530
brc202d.map,18,970,PushAndSwap,-1,-1,-1,-1,-1,-1
brc202d.map,18,980,PushAndSwap,-1,-1,-1,-1,-1,-1
brc202d.map,18,990,PushAndSwap,-1,-1,-1,-1,-1,-1
brc202d.map,18,1000,PushAndSwap,-1,-1,-1,-1,-1,-1
brc202d.map,18,450,PushAndSwap --no-compress,0,60342058,186582,187686,1121,1897
brc202d.map,18,460,PushAndSwap --no-compress,0,63311432,191213,192387,1121,1325
brc202d.map,18,470,PushAndSwap --no-compress,0,66028649,194833,196223,1121,2260
brc202d.map,18,480,PushAndSwap --no-compress,0,69133469,199615,201127,1121,1044
brc202d.map,18,490,PushAndSwap --no-compress,0,72258481,203767,205317,1121,3637
brc202d.map,18,500,PushAndSwap --no-compress,0,75347279,207965,209641,1121,4098
brc202d.map,18,510,PushAndSwap --no-compress,0,78160879,211251,212963,1121,2850
brc202d.map,18,520,PushAndSwap --no-compress,0,81318908,215270,216994,1121,2711
brc202d.map,18,570,PushAndSwap,0,52886,237023,2001,1121,22571
brc202d.map,18,580,PushAndSwap,0,26345,241616,2001,1121,8127
brc202d.map,18,590,PushAndSwap,0,26459,245431,2001,1121,6134
brc202d.map,18,600,PushAndSwap,0,26580,250635,2001,1121,71628
brc202d.map,18,530,PushAndSwap --no-compress,0,84947925,219920,221780,1121,4295
brc202d.map,18,540,PushAndSwap --no-compress,0,88234472,224112,225986,1121,3193
brc202d.map,18,550,PushAndSwap --no-compress,0,91648481,227831,229785,1121,3046
brc202d.map,18,560,PushAndSwap --no-compress,0,95539206,232358,234634,1121,4188
brc202d.map,18,570,PushAndSwap --no-compress,0,99052324,237023,239335,1121,2881
brc202d.map,18,580,PushAndSwap --no-compress,0,102755112,241616,243984,1121,3025
brc202d.map,18,590,PushAndSwap --no-compress,0,106109400,245431,247853,1121,4283
brc202d.map,18,600,PushAndSwap --no-compress,0,110193349,250635,253117,1121,4811
brc202d.map,18,850,PushAndSwap,-1,-1,-1,-1,-1,-1
brc202d.map,18,860,PushAndSwap,-1,-1,-1,-1,-1,-1
brc202d.map,18,870,PushAndSwap,-1,-1,-1,-1,-1,-1
brc202d.map,18,880,PushAndSwap,-1,-1,-1,-1,-1,-1
brc202d.map,18,610,PushAndSwap --no-compress,0,114015487,254194,256718,1121,3390
brc202d.map,18,620,PushAndSwap --no-compress,0,117460815,257273,259829,1121,3600
brc202d.map,18,630,PushAndSwap --no-compress,0,121051063,261172,263760,1121,4450
brc202d.map,18,640,PushAndSwap --no-compress,0,126015713,267082,269804,1121,3764
brc202d.map,15,810,PushAndSwap,-1,-1,-1,-1,-1,-1
brc202d.map,15,820,PushAndSwap,-1,-1,-1,-1,-1,-1
brc202d.map,15,830,PushAndSwap,-1,-1,-1,-1,-1,-1
brc202d.map,15,840,PushAndSwap,-1,-1,-1,-1,-1,-1
brc202d.map,14,810,PushAndSwap,0,47344,335312,2001,1084,1128958
brc202d.map,14,820,PushAndSwap,0,46352,338613,2001,1084,407179
brc202d.map,14,830,PushAndSwap,-1,-1,-1,-1,-1,-1
brc202d.map,14,840,PushAndSwap,-1,-1,-1,-1,-1,-1
brc202d.map,18,890,PushAndSwap --no-compress,-1,-1,-1,-1,-1,-1
brc202d.map,18,900,PushAndSwap --no-compress,-1,-1,-1,-1,-1,-1
brc202d.map,18,910,PushAndSwap --no-compress,-1,-1,-1,-1,-1,-1
brc202d.map,18,920,PushAndSwap --no-compress,-1,-1,-1,-1,-1,-1
brc202d.map,19,10,PIBT,1,6390,6390,1024,1024,8
brc202d.map,19,20,PIBT,1,11354,11335,1024,1024,16
brc202d.map,19,30,PIBT,1,14965,14546,1024,1024,22
brc202d.map,19,40,PIBT,1,20653,20189,1024,1024,25
brc202d.map,19,50,PIBT,1,24652,23818,1024,1024,40
brc202d.map,19,60,PIBT,1,30056,28686,1024,1024,56
brc202d.map,19,70,PIBT,1,33891,32369,1024,1024,104
brc202d.map,19,80,PIBT,1,38109,36011,1024,1024,158
brc202d.map,17,810,PushAndSwap,-1,-1,-1,-1,-1,-1
brc202d.map,17,820,PushAndSwap,-1,-1,-1,-1,-1,-1
brc202d.map,17,830,PushAndSwap,-1,-1,-1,-1,-1,-1
brc202d.map,17,840,PushAndSwap,-1,-1,-1,-1,-1,-1
brc202d.map,19,90,PIBT,1,43218,41101,1024,1024,119
brc202d.map,19,100,PIBT,1,49318,45948,1024,1024,188
brc202d.map,19,110,PIBT,1,52692,48373,1024,1024,88
brc202d.map,19,120,PIBT,1,58277,53788,1024,1024,146
brc202d.map,19,130,PIBT,1,63885,58433,1024,1024,196
brc202d.map,19,140,PIBT,1,68985,63030,1024,1024,183
brc202d.map,19,150,PIBT,1,71370,65648,1024,1024,264
brc202d.map,19,160,PIBT,1,77645,70914,1024,1024,123
brc202d.map,19,170,PIBT,1,81022,74387,1024,1024,236
brc202d.map,19,180,PIBT,1,86177,78850,1024,1024,271
brc202d.map,19,190,PIBT,1,92105,83066,1024,1024,200
brc202d.map,19,200,PIBT,1,97791,87901,1024,1024,164
brc202d.map,19,210,PIBT,1,102331,93186,1024,1024,173
brc202d.map,19,220,PIBT,1,106649,96804,1024,1024,171
brc202d.map,19,230,PIBT,1,112437,100079,1024,1024,173
brc202d.map,19,240,PIBT,1,118335,104114,1024,1024,184
brc202d.map,19,250,PIBT,1,124856,109306,1024,1024,245
brc202d.map,19,260,PIBT,1,129161,113587,1024,1024,200
brc202d.map,19,270,PIBT,1,131865,116059,1024,1024,371
brc202d.map,19,280,PIBT,1,137012,119386,1024,1024,583
brc202d.map,19,290,PIBT,1,140112,124427,1024,1024,465
brc202d.map,19,300,PIBT,1,146740,128592,1024,1024,489
brc202d.map,19,310,PIBT,1,152502,133263,1024,1024,219
brc202d.map,19,320,PIBT,1,155233,135857,1024,1024,224
brc202d.map,19,330,PIBT,1,161485,141260,1024,1024,623
brc202d.map,19,340,PIBT,1,166324,144940,1024,1024,230
brc202d.map,19,350,PIBT,1,169789,148871,1024,1024,391
brc202d.map,19,360,PIBT,1,176291,152387,1024,1024,435
brc202d.map,18,930,PushAndSwap --no-compress,-1,-1,-1,-1,-1,-1
brc202d.map,18,940,PushAndSwap --no-compress,-1,-1,-1,-1,-1,-1
brc202d.map,18,950,PushAndSwap --no-compress,-1,-1,-1,-1,-1,-1
brc202d.map,18,960,PushAndSwap --no-compress,-1,-1,-1,-1,-1,-1
brc202d.map,19,370,PIBT,1,180796,156626,1024,1024,483
brc202d.map,19,380,PIBT,1,184516,159294,1024,1024,657
brc202d.map,19,390,PIBT,1,190105,163029,1024,1024,287
brc202d.map,19,400,PIBT,1,193715,167192,1024,1024,283
brc202d.map,19,410,PIBT,1,199391,171131,1024,1024,601
brc202d.map,19,420,PIBT,1,204981,176000,1024,1024,315
brc202d.map,19,430,PIBT,1,209429,180017,1024,1024,477
brc202d.map,19,440,PIBT,1,214406,183243,1024,1024,395
brc202d.map,19,450,PIBT,1,219865,187892,1024,1024,324
brc202d.map,19,460,PIBT,1,223982,192151,1024,1024,436
brc202d.map,19,470,PIBT,1,227183,195796,1024,1024,435
brc202d.map,19,480,PIBT,1,232979,199441,1024,1024,637
brc202d.map,19,490,PIBT,1,235297,202190,1024,1024,507
brc202d.map,19,500,PIBT,1,240906,206296,1024,1024,596
brc202d.map,19,510,PIBT,1,244950,210872,1024,1024,541
brc202d.map,19,520,PIBT,1,254365,217443,1024,1024,828
brc202d.map,19,530,PIBT,1,260160,221834,1024,1024,517
brc202d.map,19,540,PIBT,1,262794,225693,1024,1024,783
brc202d.map,19,550,PIBT,1,266557,228912,1024,1024,919
brc202d.map,19,560,PIBT,1,272664,232838,1024,1024,673
brc202d.map,19,570,PIBT,1,278210,235679,1024,1024,643
brc202d.map,19,580,PIBT,1,281232,239675,1024,1024,715
brc202d.map,19,590,PIBT,1,291035,244568,1024,1024,820
brc202d.map,19,600,PIBT,1,293499,247786,1024,1024,787
brc202d.map,19,610,PIBT,1,299708,252401,1024,1024,886
brc202d.map,19,620,PIBT,1,302516,257065,1024,1024,802
brc202d.map,19,630,PIBT,1,311550,261932,1024,1024,757
brc202d.map,19,640,PIBT,1,317754,266110,1024,1024,967
brc202d.map,19,650,PIBT,1,322789,269704,1024,1024,803
brc202d.map,19,660,PIBT,1,324566,273369,1024,1024,954
brc202d.map,19,670,PIBT,1,330143,277016,1024,1024,873
brc202d.map,19,680,PIBT,1,340308,281893,1024,1024,2565
brc202d.map,19,690,PIBT,1,342634,285286,1024,1024,844
brc202d.map,19,700,PIBT,1,352375,291441,1024,1024,961
brc202d.map,19,710,PIBT,1,357780,295683,1024,1024,1023
brc202d.map,19,720,PIBT,1,364906,300635,1024,1024,1008
brc202d.map,19,730,PIBT,1,366755,306262,1024,1024,919
brc202d.map,19,740,PIBT,1,372007,309921,1024,1024,1142
brc202d.map,19,750,PIBT,1,378936,314089,1024,1024,1106
brc202d.map,19,760,PIBT,1,388349,319082,1024,1024,671
brc202d.map,19,770,PIBT,1,391930,323055,1024,1024,1128
brc202d.map,19,780,PIBT,1,398074,327141,1024,1024,860
brc202d.map,19,790,PIBT,1,406146,331477,1024,1024,1226
brc202d.map,19,800,PIBT,1,410603,336953,1024,1024,1228
brc202d.map,17,770,PushAndSwap --no-compress,0,188720984,324818,330890,1090,7379
brc202d.map,17,780,PushAndSwap --no-compress,0,193591161,329224,335428,1090,8853
brc202d.map,17,790,PushAndSwap --no-compress,0,198901509,333686,340214,1090,7276
brc202d.map,17,800,PushAndSwap --no-compress,0,203464693,336925,343545,1090,11186
brc202d.map,19,810,PIBT,1,419984,342222,1024,1024,1134
brc202d.map,19,820,PIBT,1,426606,345940,1072,1072,1235
brc202d.map,19,830,PIBT,1,435332,352570,1072,1072,1259
brc202d.map,19,840,PIBT,1,438527,356558,1072,1072,966
brc202d.map,19,850,PIBT,1,446334,360409,1072,1072,1302
brc202d.map,19,860,PIBT,1,453082,364306,1072,1072,989
brc202d.map,19,870,PIBT,1,453029,367609,1072,1072,880
brc202d.map,19,880,PIBT,1,462913,371156,1072,1072,771
brc202d.map,18,650,PushAndSwap --no-compress,0,130732413,272055,274869,1121,4057
brc202d.map,18,660,PushAndSwap --no-compress,0,135376671,276956,279882,1121,4062
brc202d.map,18,670,PushAndSwap --no-compress,0,139031862,279953,282937,1121,4928
brc202d.map,18,680,PushAndSwap --no-compress,0,143769258,284916,287990,1121,4547
brc202d.map,19,10,HCA,1,6390,6390,1024,1024,203
brc202d.map,19,20,HCA,1,11337,11335,1024,1024,240
brc202d.map,19,30,HCA,1,14552,14546,1024,1024,527
brc202d.map,19,40,HCA,1,20200,20189,1024,1024,887
brc202d.map,19,50,HCA,1,23837,23818,1024,1024,306
brc202d.map,19,60,HCA,1,28712,28686,1024,1024,604
brc202d.map,19,70,HCA,1,32403,32369,1024,1024,1020
brc202d.map,19,80,HCA,1,36166,36011,1024,1024,944
brc202d.map,19,890,PIBT,1,465652,375971,1072,1072,968
brc202d.map,19,900,PIBT,1,474416,380988,1072,1072,914
brc202d.map,19,910,PIBT,1,479797,384938,1072,1072,788
brc202d.map,19,920,PIBT,1,484145,389913,1072,1072,1020
brc202d.map,19,930,PIBT,1,492895,394026,1072,1072,778
brc202d.map,19,940,PIBT,1,498183,398305,1072,1072,776
brc202d.map,19,950,PIBT,1,505146,402572,1072,1072,1081
brc202d.map,19,960,PIBT,1,508215,406184,1072,1072,1189
brc202d.map,19,970,PIBT,1,515467,411734,1072,1072,891
brc202d.map,19,980,PIBT,1,521456,415778,1072,1072,763
brc202d.map,19,990,PIBT,1,534457,419739,1072,1072,957
brc202d.map,19,1000,PIBT,1,537260,423997,1072,1072,1192
brc202d.map,19,90,HCA,1,41280,41101,1024,1024,889
brc202d.map,19,100,HCA,1,46375,45948,1024,1024,1159
brc202d.map,19,110,HCA,1,49010,48373,1024,1024,1036
brc202d.map,19,120,HCA,1,54443,53788,1024,1024,1391
brc202d.map,19,130,HCA,1,59369,58433,1024,1024,1878
brc202d.map,19,140,HCA,1,64002,63030,1024,1024,1607
brc202d.map,19,150,HCA,1,66624,65648,1024,1024,1547
brc202d.map,19,160,HCA,1,72269,70914,1024,1024,5159
brc202d.map,19,170,HCA,1,76232,74387,1024,1024,2135
brc202d.map,19,180,HCA,1,80716,78850,1024,1024,1766
brc202d.map,19,190,HCA,1,85916,83066,1024,1024,5577
brc202d.map,19,200,HCA,1,90760,87901,1024,1024,2984
brc202d.map,19,250,HCA,1,114163,109306,1024,1024,2739
brc202d.map,19,260,HCA,1,118561,113587,1024,1024,11084
brc202d.map,19,270,HCA,1,120954,116059,1024,1024,2559
brc202d.map,19,280,HCA,1,124542,119386,1024,1024,3496
brc202d.map,19,210,HCA,1,96073,93186,1024,1024,2300
brc202d.map,19,220,HCA,1,100339,96804,1024,1024,14572
brc202d.map,19,230,HCA,1,103399,100079,1024,1024,3078
brc202d.map,19,240,HCA,1,108519,104114,1024,1024,2716
brc202d.map,17,730,PushAndSwap,0,64362,305335,2001,1090,251940
brc202d.map,17,740,PushAndSwap,0,64411,309907,2001,1090,72414
brc202d.map,17,750,PushAndSwap,0,54589,314699,2001,1090,29248
brc202d.map,17,760,PushAndSwap,0,70137,319683,2001,1090,278331
brc202d.map,19,330,HCA,1,146524,141260,1024,1024,5153
brc202d.map,19,340,HCA,1,150262,144940,1024,1024,3941
brc202d.map,19,350,HCA,1,154255,148871,1024,1024,4977
brc202d.map,19,360,HCA,1,158195,152387,1024,1024,4600
brc202d.map,19,370,HCA,1,162475,156626,1024,1024,4221
brc202d.map,19,380,HCA,1,165199,159294,1024,1024,4409
brc202d.map,19,390,HCA,1,169094,163029,1024,1024,5946
brc202d.map,19,400,HCA,1,173256,167192,1024,1024,5878
brc202d.map,19,290,HCA,1,129736,124427,1024,1024,23355
brc202d.map,19,300,HCA,1,133971,128592,1024,1024,3100
brc202d.map,19,310,HCA,1,138594,133263,1024,1024,4476
brc202d.map,19,320,HCA,1,141159,135857,1024,1024,6065
brc202d.map,19,410,HCA,1,177487,171131,1024,1024,6470
brc202d.map,19,420,HCA,1,182375,176000,1024,1024,15721
brc202d.map,19,430,HCA,1,186756,180017,1024,1024,7010
brc202d.map,19,440,HCA,1,191206,183243,1024,1024,8960
brc202d.map,19,450,HCA,1,195878,187892,1024,1024,5661
brc202d.map,19,460,HCA,1,200315,192151,1024,1024,19274
brc202d.map,19,470,HCA,1,203638,195796,1024,1024,8828
brc202d.map,19,480,HCA,1,207329,199441,1024,1024,15079
brc202d.map,19,490,HCA,1,210063,202190,1024,1024,7520
brc202d.map,19,500,HCA,1,214515,206296,1024,1024,11549
brc202d.map,19,510,HCA,1,219289,210872,1024,1024,16587
brc202d.map,19,520,HCA,0,0,217443,-1,1024,30004
brc202d.map,16,730,PushAndSwap,0,47247,306019,2001,1056,45421
brc202d.map,16,740,PushAndSwap,0,53665,308725,2001,1056,244360
brc202d.map,16,750,PushAndSwap,0,58609,313603,2001,1056,25475
brc202d.map,16,760,PushAndSwap,0,58210,316859,2001,1056,702274
brc202d.map,19,530,HCA,1,230646,221834,1024,1024,13672
brc202d.map,19,540,HCA,1,234248,225693,1024,1024,16959
brc202d.map,19,550,HCA,1,237805,228912,1024,1024,19232
brc202d.map,19,560,HCA,1,242071,232838,1024,1024,15009
brc202d.map,19,570,HCA,1,244845,235679,1024,1024,16472
brc202d.map,19,580,HCA,1,248955,239675,1024,1024,12617
brc202d.map,19,590,HCA,1,253584,244568,1024,1024,20318
brc202d.map,19,600,HCA,1,256684,247786,1024,1024,10666
brc202d.map,17,810,PushAndSwap --no-compress,0,208158572,340490,347320,1090,10698
brc202d.map,17,820,PushAndSwap --no-compress,-1,-1,-1,-1,-1,-1
brc202d.map,17,830,PushAndSwap --no-compress,-1,-1,-1,-1,-1,-1
brc202d.map,17,840,PushAndSwap --no-compress,0,225031342,354001,361241,1090,10999
brc202d.map,18,610,PushAndSwap,0,26877,254194,2001,1121,214484
brc202d.map,18,620,PushAndSwap,0,26049,257273,2001,1121,100462
brc202d.map,18,630,PushAndSwap,0,26247,261172,2001,1121,5414
brc202d.map,18,640,PushAndSwap,0,28363,267082,2001,1121,7864
brc202d.map,18,970,PushAndSwap --no-compress,-1,-1,-1,-1,-1,-1
brc202d.map,18,980,PushAndSwap --no-compress,-1,-1,-1,-1,-1,-1
brc202d.map,18,990,PushAndSwap --no-compress,-1,-1,-1,-1,-1,-1
brc202d.map,18,1000,PushAndSwap --no-compress,0,318531798,418386,425128,1121,9698
brc202d.map,19,610,HCA,1,261871,252401,1024,1024,21712
brc202d.map,19,620,HCA,0,0,257065,-1,1024,30015
brc202d.map,19,630,HCA,1,272708,261932,1024,1024,15393
brc202d.map,19,640,HCA,1,277071,266110,1024,1024,15135
brc202d.map,19,10,PIBT_PLUS,1,6390,6390,1024,1024,13
brc202d.map,19,20,PIBT_PLUS,1,11354,11335,1024,1024,25
brc202d.map,19,30,PIBT_PLUS,1,14965,14546,1024,1024,67
brc202d.map,19,40,PIBT_PLUS,1,20653,20189,1024,1024,87
brc202d.map,19,50,PIBT_PLUS,1,24652,23818,1024,1024,81
brc202d.map,19,60,PIBT_PLUS,1,30056,28686,1024,1024,110
brc202d.map,19,70,PIBT_PLUS,1,33891,32369,1024,1024,157
brc202d.map,19,80,PIBT_PLUS,1,38109,36011,1024,1024,119
brc202d.map,19,90,PIBT_PLUS,1,43218,41101,1024,1024,107
brc202d.map,19,100,PIBT_PLUS,1,49318,45948,1024,1024,212
brc202d.map,19,110,PIBT_PLUS,1,52692,48373,1024,1024,206
brc202d.map,19,120,PIBT_PLUS,1,58277,53788,1024,1024,202
brc202d.map,19,130,PIBT_PLUS,1,63885,58433,1024,1024,226
brc202d.map,19,140,PIBT_PLUS,1,68985,63030,1024,1024,349
brc202d.map,19,150,PIBT_PLUS,1,71370,65648,1024,1024,288
brc202d.map,19,160,PIBT_PLUS,1,77645,70914,1024,1024,161
brc202d.map,19,170,PIBT_PLUS,1,81022,74387,1024,1024,338
brc202d.map,19,180,PIBT_PLUS,1,86177,78850,1024,1024,323
brc202d.map,19,190,PIBT_PLUS,1,92105,83066,1024,1024,291
brc202d.map,19,200,PIBT_PLUS,1,97791,87901,1024,1024,409
brc202d.map,18,770,PushAndSwap --no-compress,0,185991923,323721,327639,1121,7989
brc202d.map,18,780,PushAndSwap --no-compress,0,190627436,327332,331322,1121,8470
brc202d.map,18,790,PushAndSwap --no-compress,0,196206945,331739,335799,1121,9963
brc202d.map,18,800,PushAndSwap --no-compress,0,201190820,336281,340429,1121,8070
brc202d.map,19,210,PIBT_PLUS,1,102331,93186,1024,1024,395
brc202d.map,19,220,PIBT_PLUS,1,106649,96804,1024,1024,235
brc202d.map,19,230,PIBT_PLUS,1,112437,100079,1024,1024,430
brc202d.map,19,240,PIBT_PLUS,1,118335,104114,1024,1024,249
brc202d.map,19,250,PIBT_PLUS,1,124856,109306,1024,1024,262
brc202d.map,19,260,PIBT_PLUS,1,129161,113587,1024,1024,438
brc202d.map,19,270,PIBT_PLUS,1,131865,116059,1024,1024,679
brc202d.map,19,280,PIBT_PLUS,1,137012,119386,1024,1024,706
brc202d.map,19,290,PIBT_PLUS,1,140112,124427,1024,1024,295
brc202d.map,19,300,PIBT_PLUS,1,146740,128592,1024,1024,453
brc202d.map,19,310,PIBT_PLUS,1,152502,133263,1024,1024,679
brc202d.map,19,320,PIBT_PLUS,1,155233,135857,1024,1024,545
brc202d.map,18,850,PushAndSwap --no-compress,-1,-1,-1,-1,-1,-1
brc202d.map,18,860,PushAndSwap --no-compress,-1,-1,-1,-1,-1,-1
brc202d.map,18,870,PushAndSwap --no-compress,-1,-1,-1,-1,-1,-1
brc202d.map,18,880,PushAndSwap --no-compress,0,245030763,369314,374850,1121,9074
brc202d.map,19,330,PIBT_PLUS,1,161485,141260,1024,1024,496
brc202d.map,19,340,PIBT_PLUS,1,166324,144940,1024,1024,634
brc202d.map,19,350,PIBT_PLUS,1,169789,148871,1024,1024,546
brc202d.map,19,360,PIBT_PLUS,1,176291,152387,1024,1024,368
brc202d.map,19,370,PIBT_PLUS,1,180796,156626,1024,1024,480
brc202d.map,19,380,PIBT_PLUS,1,184516,159294,1024,1024,545
brc202d.map,19,390,PIBT_PLUS,1,190105,163029,1024,1024,670
brc202d.map,19,400,PIBT_PLUS,1,193715,167192,1024,1024,426
brc202d.map,19,410,PIBT_PLUS,1,199391,171131,1024,1024,667
brc202d.map,19,420,PIBT_PLUS,1,204981,176000,1024,1024,649
brc202d.map,19,430,PIBT_PLUS,1,209429,180017,1024,1024,555
brc202d.map,19,440,PIBT_PLUS,1,214406,183243,1024,1024,851
brc202d.map,19,450,PIBT_PLUS,1,219865,187892,1024,1024,748
brc202d.map,19,460,PIBT_PLUS,1,223982,192151,1024,1024,624
brc202d.map,19,470,PIBT_PLUS,1,227183,195796,1024,1024,501
brc202d.map,19,480,PIBT_PLUS,1,232979,199441,1024,1024,992
brc202d.map,19,490,PIBT_PLUS,1,235297,202190,1024,1024,790
brc202d.map,19,500,PIBT_PLUS,1,240906,206296,1024,1024,673
brc202d.map,19,510,PIBT_PLUS,1,244950,210872,1024,1024,805
brc202d.map,19,520,PIBT_PLUS,1,254365,217443,1024,1024,974
brc202d.map,19,650,HCA,0,0,269704,-1,1024,30003
brc202d.map,19,660,HCA,1,285996,273369,1024,1024,24411
brc202d.map,19,670,HCA,1,289301,277016,1024,1024,14089
brc202d.map,19,680,HCA,1,295305,281893,1024,1024,11867
brc202d.map,19,690,HCA,1,298865,285286,1024,1024,18496
brc202d.map,19,700,HCA,1,304401,291441,1024,1024,21635
brc202d.map,19,710,HCA,1,309235,295683,1024,1024,16578
brc202d.map,19,720,HCA,1,315705,300635,1024,1024,13680
brc202d.map,19,530,PIBT_PLUS,1,260160,221834,1024,1024,892
brc202d.map,19,540,PIBT_PLUS,1,262794,225693,1024,1024,1186
brc202d.map,19,550,PIBT_PLUS,1,266557,228912,1024,1024,725
brc202d.map,19,560,PIBT_PLUS,1,272664,232838,1024,1024,1914
brc202d.map,19,570,PIBT_PLUS,1,278210,235679,1024,1024,1139
brc202d.map,19,580,PIBT_PLUS,1,281232,239675,1024,1024,864
brc202d.map,19,590,PIBT_PLUS,1,291035,244568,1024,1024,2122
brc202d.map,19,600,PIBT_PLUS,1,293499,247786,1024,1024,1939
brc202d.map,18,650,PushAndSwap,0,27928,272055,2001,1121,208037
brc202d.map,18,660,PushAndSwap,0,28200,276956,2001,1121,98512
brc202d.map,18,670,PushAndSwap,0,28459,279953,2001,1121,18512
brc202d.map,18,680,PushAndSwap,0,25634,284916,2001,1121,40793
brc202d.map,19,610,PIBT_PLUS,1,299708,252401,1024,1024,1456
brc202d.map,19,620,PIBT_PLUS,1,302516,257065,1024,1024,755
brc202d.map,19,630,PIBT_PLUS,1,311550,261932,1024,1024,928
brc202d.map,19,640,PIBT_PLUS,1,317754,266110,1024,1024,1088
brc202d.map,19,650,PIBT_PLUS,1,322789,269704,1024,1024,799
brc202d.map,19,660,PIBT_PLUS,1,324566,273369,1024,1024,2619
brc202d.map,19,670,PIBT_PLUS,1,330143,277016,1024,1024,1774
brc202d.map,19,680,PIBT_PLUS,1,340308,281893,1024,1024,2106
brc202d.map,19,690,PIBT_PLUS,1,342634,285286,1024,1024,1871
brc202d.map,19,700,PIBT_PLUS,1,352375,291441,1024,1024,2925
brc202d.map,19,710,PIBT_PLUS,1,357780,295683,1024,1024,1382
brc202d.map,19,720,PIBT_PLUS,1,364906,300635,1024,1024,960
brc202d.map,19,730,PIBT_PLUS,1,366755,306262,1024,1024,2290
brc202d.map,19,740,PIBT_PLUS,1,372007,309921,1024,1024,2714
brc202d.map,19,750,PIBT_PLUS,1,378936,314089,1024,1024,1734
brc202d.map,19,760,PIBT_PLUS,1,388349,319082,1024,1024,1043
brc202d.map,19,770,PIBT_PLUS,1,391930,323055,1024,1024,2814
brc202d.map,19,780,PIBT_PLUS,1,398074,327141,1024,1024,1833
brc202d.map,19,790,PIBT_PLUS,1,406146,331477,1024,1024,1549
brc202d.map,19,800,PIBT_PLUS,1,410603,336953,1024,1024,1744
brc202d.map,18,730,PushAndSwap,0,26181,305951,2001,1121,313758
brc202d.map,18,740,PushAndSwap,0,26650,310523,2001,1121,12351
brc202d.map,18,750,PushAndSwap,0,26943,315501,2001,1121,27071
brc202d.map,18,760,PushAndSwap,0,27074,319093,2001,1121,21057
brc202d.map,19,810,PIBT_PLUS,1,419984,342222,1024,1024,2731
brc202d.map,19,820,PIBT_PLUS,1,426606,345940,1072,1072,1754
brc202d.map,19,830,PIBT_PLUS,1,435332,352570,1072,1072,1573
brc202d.map,19,840,PIBT_PLUS,1,438527,356558,1072,1072,1569
brc202d.map,19,10,PushAndSwap,0,12108,6390,2001,1024,107
brc202d.map,19,20,PushAndSwap,0,17139,11335,2001,1024,121
brc202d.map,19,30,PushAndSwap,0,19307,14546,2001,1024,142
brc202d.map,19,40,PushAndSwap,0,20829,20189,2001,1024,130
brc202d.map,19,50,PushAndSwap,0,22814,23818,2001,1024,158
brc202d.map,19,60,PushAndSwap,0,29087,28686,2001,1024,186
brc202d.map,19,70,PushAndSwap,0,18688,32369,2001,1024,194
brc202d.map,19,80,PushAndSwap,0,18560,36011,2001,1024,267
brc202d.map,19,850,PIBT_PLUS,1,446334,360409,1072,1072,963
brc202d.map,19,860,PIBT_PLUS,1,453082,364306,1072,1072,1001
brc202d.map,19,870,PIBT_PLUS,1,453029,367609,1072,1072,1341
brc202d.map,19,880,PIBT_PLUS,1,462913,371156,1072,1072,1080
brc202d.map,19,90,PushAndSwap,0,21094,41101,2001,1024,269
brc202d.map,19,100,PushAndSwap,0,19163,45948,2001,1024,305
brc202d.map,19,110,PushAndSwap,0,19311,48373,2001,1024,330
brc202d.map,19,120,PushAndSwap,0,15068,53788,2001,1024,456
brc202d.map,19,130,PushAndSwap,0,31168,58433,2001,1024,385
brc202d.map,19,140,PushAndSwap,0,15804,63030,2001,1024,427
brc202d.map,19,150,PushAndSwap,0,16917,65648,2001,1024,420
brc202d.map,19,160,PushAndSwap,0,16894,70914,2001,1024,534
brc202d.map,19,890,PIBT_PLUS,1,465652,375971,1072,1072,2051
brc202d.map,19,900,PIBT_PLUS,1,474416,380988,1072,1072,1702
brc202d.map,19,910,PIBT_PLUS,1,479797,384938,1072,1072,1105
brc202d.map,19,920,PIBT_PLUS,1,484145,389913,1072,1072,1204
brc202d.map,19,170,PushAndSwap,0,18534,74387,2001,1024,613
brc202d.map,19,180,PushAndSwap,0,20236,78850,2001,1024,620
brc202d.map,19,190,PushAndSwap,0,38627,83066,2001,1024,730
brc202d.map,19,200,PushAndSwap,0,22639,87901,2001,1024,1216
brc202d.map,19,210,PushAndSwap,0,31651,93186,2001,1024,976
brc202d.map,19,220,PushAndSwap,0,32060,96804,2001,1024,927
brc202d.map,19,230,PushAndSwap,0,33249,100079,2001,1024,1421
brc202d.map,19,240,PushAndSwap,0,27810,104114,2001,1024,1784
brc202d.map,19,730,HCA,1,320693,306262,1024,1024,23929
brc202d.map,19,740,HCA,1,324311,309921,1024,1024,13474
brc202d.map,19,750,HCA,1,329272,314089,1024,1024,15965
brc202d.map,19,760,HCA,1,334090,319082,1024,1024,18937
brc202d.map,19,770,HCA,1,338584,323055,1024,1024,18298
brc202d.map,19,780,HCA,1,345860,327141,1024,1024,18487
brc202d.map,19,790,HCA,1,349731,331477,1024,1024,16727
brc202d.map,19,800,HCA,1,354963,336953,1024,1024,18885
brc202d.map,19,930,PIBT_PLUS,1,492895,394026,1072,1072,1738
brc202d.map,19,940,PIBT_PLUS,1,498183,398305,1072,1072,1287
brc202d.map,19,950,PIBT_PLUS,1,505146,402572,1072,1072,1644
brc202d.map,19,960,PIBT_PLUS,1,508215,406184,1072,1072,2605
brc202d.map,19,970,PIBT_PLUS,1,515467,411734,1072,1072,1994
brc202d.map,19,980,PIBT_PLUS,1,521456,415778,1072,1072,1314
brc202d.map,19,990,PIBT_PLUS,1,534457,419739,1072,1072,2182
brc202d.map,19,1000,PIBT_PLUS,1,537260,423997,1072,1072,1938
brc202d.map,19,250,PushAndSwap,0,42105,109306,2001,1024,1071
brc202d.map,19,260,PushAndSwap,0,44825,113587,2001,1024,1833
brc202d.map,19,270,PushAndSwap,0,43951,116059,2001,1024,2146
brc202d.map,19,280,PushAndSwap,0,44278,119386,2001,1024,1778
brc202d.map,19,290,PushAndSwap,0,36037,124427,2001,1024,1857
brc202d.map,19,300,PushAndSwap,0,37327,128592,2001,1024,2088
brc202d.map,19,310,PushAndSwap,0,39099,133263,2001,1024,2193
brc202d.map,19,320,PushAndSwap,0,36949,135857,2001,1024,2317
brc202d.map,19,330,PushAndSwap,0,37917,141260,2001,1024,2797
brc202d.map,19,340,PushAndSwap,0,38269,144940,2001,1024,2558
brc202d.map,19,350,PushAndSwap,0,39434,148871,2001,1024,2647
brc202d.map,19,360,PushAndSwap,0,38760,152387,2001,1024,3308
brc202d.map,19,370,PushAndSwap,0,39844,156626,2001,1024,2933
brc202d.map,19,380,PushAndSwap,0,38980,159294,2001,1024,2733
brc202d.map,19,390,PushAndSwap,0,38801,163029,2001,1024,2960
brc202d.map,19,400,PushAndSwap,0,39011,167192,2001,1024,4112
brc202d.map,18,690,PushAndSwap --no-compress,0,148469245,289864,293054,1121,5325
brc202d.map,18,700,PushAndSwap --no-compress,0,153188564,294548,297864,1121,7281
brc202d.map,18,710,PushAndSwap --no-compress,0,156725014,296752,300164,1121,6603
brc202d.map,18,720,PushAndSwap --no-compress,0,161413699,301201,304657,1121,5092
brc202d.map,19,410,PushAndSwap,0,37482,171131,2001,1024,3090
brc202d.map,19,420,PushAndSwap,0,39414,176000,2001,1024,5884
brc202d.map,19,430,PushAndSwap,0,40572,180017,2001,1024,3525
brc202d.map,19,440,PushAndSwap,0,41655,183243,2001,1024,3985
brc202d.map,19,810,HCA,1,360282,342222,1024,1024,17590
brc202d.map,19,820,HCA,1,364307,345940,1072,1072,22812
brc202d.map,19,830,HCA,1,372732,352570,1072,1072,22401
brc202d.map,19,840,HCA,1,377084,356558,1072,1072,27434
brc202d.map,18,730,PushAndSwap --no-compress,0,166208813,305951,309451,1121,6331
brc202d.map,18,740,PushAndSwap --no-compress,0,170896344,310523,314227,1121,7250
brc202d.map,18,750,PushAndSwap --no-compress,0,176341013,315501,319253,1121,7049
brc202d.map,18,760,PushAndSwap --no-compress,0,180993218,319093,322955,1121,5824
brc202d.map,19,450,PushAndSwap,0,41508,187892,2001,1024,3609
brc202d.map,19,460,PushAndSwap,0,41383,192151,2001,1024,7255
brc202d.map,19,470,PushAndSwap,0,40428,195796,2001,1024,5112
brc202d.map,19,480,PushAndSwap,0,39468,199441,2001,1024,10054
brc202d.map,19,850,HCA,1,380645,360409,1072,1072,25967
brc202d.map,19,860,HCA,1,385381,364306,1072,1072,18851
brc202d.map,19,870,HCA,1,387748,367609,1072,1072,27863
brc202d.map,19,880,HCA,0,0,371156,-1,1072,30036
brc202d.map,19,890,HCA,1,396139,375971,1072,1072,24906
brc202d.map,19,900,HCA,1,401436,380988,1072,1072,19619
brc202d.map,19,910,HCA,1,406493,384938,1072,1072,25819
brc202d.map,19,920,HCA,0,0,389913,-1,1072,30009
brc202d.map,19,10,PushAndSwap --no-compress,0,43985,6390,6390,1024,9
brc202d.map,19,20,PushAndSwap --no-compress,0,157182,11335,11435,1024,20
brc202d.map,19,30,PushAndSwap --no-compress,0,307528,14546,14646,1024,35
brc202d.map,19,40,PushAndSwap --no-compress,0,556309,20189,20289,1024,46
brc202d.map,19,50,PushAndSwap --no-compress,0,829734,23818,23918,1024,64
brc202d.map,19,60,PushAndSwap --no-compress,0,1190807,28686,28786,1024,82
brc202d.map,19,70,PushAndSwap --no-compress,0,1592770,32369,32475,1024,130
brc202d.map,19,80,PushAndSwap --no-compress,0,2023168,36011,36129,1024,72
brc202d.map,19,90,PushAndSwap --no-compress,0,2580264,41101,41219,1024,137
brc202d.map,19,100,PushAndSwap --no-compress,0,3201842,45948,46066,1024,237
brc202d.map,19,110,PushAndSwap --no-compress,0,3738380,48373,48497,1024,296
brc202d.map,19,120,PushAndSwap --no-compress,0,4504175,53788,53912,1024,381
brc202d.map,19,130,PushAndSwap --no-compress,0,5318562,58433,58575,1024,399
brc202d.map,19,140,PushAndSwap --no-compress,0,6156067,63030,63172,1024,310
brc202d.map,19,150,PushAndSwap --no-compress,0,6902721,65648,65796,1024,315
brc202d.map,19,160,PushAndSwap --no-compress,0,7948390,70914,71152,1024,227
brc202d.map,18,690,PushAndSwap,0,25770,289864,2001,1121,360725
brc202d.map,18,700,PushAndSwap,0,25841,294548,2001,1121,18765
brc202d.map,18,710,PushAndSwap,0,25967,296752,2001,1121,19522
brc202d.map,18,720,PushAndSwap,0,25865,301201,2001,1121,28726
brc202d.map,19,170,PushAndSwap --no-compress,0,8950938,74387,74649,1024,248
brc202d.map,19,180,PushAndSwap --no-compress,0,10027461,78850,79118,1024,369
brc202d.map,19,190,PushAndSwap --no-compress,0,11174960,83066,83430,1024,554
brc202d.map,19,200,PushAndSwap --no-compress,0,12440515,87901,88277,1024,285
brc202d.map,19,210,PushAndSwap --no-compress,0,13841452,93186,93586,1024,301
brc202d.map,19,220,PushAndSwap --no-compress,0,15095820,96804,97234,1024,642
brc202d.map,19,230,PushAndSwap --no-compress,0,16366906,100079,100527,1024,768
brc202d.map,19,240,PushAndSwap --no-compress,0,17823377,104114,104604,1024,662
brc202d.map,19,250,PushAndSwap --no-compress,0,19537060,109306,109814,1024,749
brc202d.map,19,260,PushAndSwap --no-compress,0,21171155,113587,114137,1024,1008
brc202d.map,19,270,PushAndSwap --no-compress,0,22586130,116059,116657,1024,705
brc202d.map,19,280,PushAndSwap --no-compress,0,24099526,119386,120002,1024,495
brc202d.map,19,290,PushAndSwap --no-compress,0,25966545,124427,125073,1024,584
brc202d.map,19,300,PushAndSwap --no-compress,0,27809900,128592,129304,1024,850
brc202d.map,19,310,PushAndSwap --no-compress,0,29800270,133263,133995,1024,1062
brc202d.map,19,320,PushAndSwap --no-compress,0,31487697,135857,136601,1024,1721
brc202d.map,19,330,PushAndSwap --no-compress,0,34027775,141260,142090,1024,1334
brc202d.map,19,340,PushAndSwap --no-compress,0,36056826,144940,145788,1024,2020
brc202d.map,19,350,PushAndSwap --no-compress,0,38072147,148871,149741,1024,1333
brc202d.map,19,360,PushAndSwap --no-compress,0,40082551,152387,153281,1024,976
brc202d.map,19,490,PushAndSwap,0,41121,202190,2001,1024,4224
brc202d.map,19,500,PushAndSwap,0,40190,206296,2001,1024,9403
brc202d.map,19,510,PushAndSwap,0,41433,210872,2001,1024,7678
brc202d.map,19,520,PushAndSwap,0,42546,217443,2001,1024,33830
brc202d.map,19,370,PushAndSwap --no-compress,0,42322157,156626,157544,1024,988
brc202d.map,19,380,PushAndSwap --no-compress,0,44351926,159294,160254,1024,1353
brc202d.map,19,390,PushAndSwap --no-compress,0,46658967,163029,164011,1024,1140
brc202d.map,19,400,PushAndSwap --no-compress,0,49175099,167192,168254,1024,2040
brc202d.map,19,410,PushAndSwap --no-compress,0,51567910,171131,172239,1024,1302
brc202d.map,19,420,PushAndSwap --no-compress,0,54185989,176000,177114,1024,1837
brc202d.map,19,430,PushAndSwap --no-compress,0,56675945,180017,181155,1024,3322
brc202d.map,19,440,PushAndSwap --no-compress,0,59295735,183243,184505,1024,1066
brc202d.map,19,530,PushAndSwap,0,42706,221834,2001,1024,4454
brc202d.map,19,540,PushAndSwap,0,42854,225693,2001,1024,9155
brc202d.map,19,550,PushAndSwap,0,43331,228912,2001,1024,5693
brc202d.map,19,560,PushAndSwap,0,42449,232838,2001,1024,42655
brc202d.map,19,930,HCA,0,0,394026,-1,1072,30004
brc202d.map,19,940,HCA,0,0,398305,-1,1072,30006
brc202d.map,19,950,HCA,0,0,402572,-1,1072,30003
brc202d.map,19,960,HCA,0,0,406184,-1,1072,30063
brc202d.map,19,450,PushAndSwap --no-compress,0,62048449,187892,189196,1024,3344
brc202d.map,19,460,PushAndSwap --no-compress,0,64707234,192151,193473,1024,1495
brc202d.map,19,470,PushAndSwap --no-compress,0,67721105,195796,197258,1024,1784
brc202d.map,19,480,PushAndSwap --no-compress,0,70445995,199441,200923,1024,3598
brc202d.map,19,970,HCA,1,439436,411734,1072,1072,21692
brc202d.map,19,980,HCA,0,0,415778,-1,1072,30063
brc202d.map,19,990,HCA,0,0,419739,-1,1072,30005
brc202d.map,19,1000,HCA,0,0,423997,-1,1072,30261
brc202d.map,19,490,PushAndSwap --no-compress,0,73070595,202190,203736,1024,3039
brc202d.map,19,500,PushAndSwap --no-compress,0,76057440,206296,207868,1024,2121
brc202d.map,19,510,PushAndSwap --no-compress,0,79467619,210872,212480,1024,4406
brc202d.map,19,520,PushAndSwap --no-compress,0,83235853,217443,219075,1024,3967
brc202d.map,19,530,PushAndSwap --no-compress,0,86500548,221834,223522,1024,2125
brc202d.map,19,540,PushAndSwap --no-compress,0,89619004,225693,227417,1024,4107
brc202d.map,19,550,PushAndSwap --no-compress,0,92856726,228912,230662,1024,2170
brc202d.map,19,560,PushAndSwap --no-compress,0,96213813,232838,234648,1024,3513
brc202d.map,19,970,PushAndSwap,-1,-1,-1,-1,-1,-1
brc202d.map,19,980,PushAndSwap,-1,-1,-1,-1,-1,-1
brc202d.map,19,990,PushAndSwap,-1,-1,-1,-1,-1,-1
brc202d.map,19,1000,PushAndSwap,-1,-1,-1,-1,-1,-1
brc202d.map,19,570,PushAndSwap --no-compress,0,99307982,235679,237543,1024,4934
brc202d.map,19,580,PushAndSwap --no-compress,0,102592364,239675,241577,1024,3705
brc202d.map,19,590,PushAndSwap --no-compress,0,106537729,244568,246616,1024,3679
brc202d.map,19,600,PushAndSwap --no-compress,0,109751836,247786,249930,1024,4304
brc202d.map,19,930,PushAndSwap,-1,-1,-1,-1,-1,-1
brc202d.map,19,940,PushAndSwap,-1,-1,-1,-1,-1,-1
brc202d.map,19,950,PushAndSwap,-1,-1,-1,-1,-1,-1
brc202d.map,19,960,PushAndSwap,-1,-1,-1,-1,-1,-1
brc202d.map,19,610,PushAndSwap --no-compress,0,113629825,252401,254707,1024,4541
brc202d.map,19,620,PushAndSwap --no-compress,0,117692806,257065,259641,1024,3015
brc202d.map,19,630,PushAndSwap --no-compress,0,122149163,261932,264484,1024,4150
brc202d.map,19,640,PushAndSwap --no-compress,0,126125186,266110,268738,1024,4960
brc202d.map,19,890,PushAndSwap,-1,-1,-1,-1,-1,-1
brc202d.map,19,900,PushAndSwap,-1,-1,-1,-1,-1,-1
brc202d.map,19,910,PushAndSwap,-1,-1,-1,-1,-1,-1
brc202d.map,19,920,PushAndSwap,-1,-1,-1,-1,-1,-1
brc202d.map,18,810,PushAndSwap --no-compress,0,207249283,341301,345769,1121,8438
brc202d.map,18,820,PushAndSwap --no-compress,0,212726508,346118,350696,1121,4961
brc202d.map,18,830,PushAndSwap --no-compress,-1,-1,-1,-1,-1,-1
brc202d.map,18,840,PushAndSwap --no-compress,-1,-1,-1,-1,-1,-1
brc202d.map,2,10,PIBT,1,4186,4179,758,758,7
brc202d.map,2,20,PIBT,1,8713,8425,785,785,16
brc202d.map,2,30,PIBT,1,13539,13174,868,868,25
brc202d.map,2,40,PIBT,1,16077,15703,868,868,28
brc202d.map,2,50,PIBT,1,21316,20289,868,868,33
brc202d.map,2,60,PIBT,1,25690,24547,868,868,41
brc202d.map,2,70,PIBT,1,30424,28529,868,868,71
brc202d.map,2,80,PIBT,1,35217,33365,908,908,94
brc202d.map,2,90,PIBT,1,38899,36439,908,908,109
brc202d.map,2,100,PIBT,1,43937,41216,908,908,142
brc202d.map,2,110,PIBT,1,49783,46491,908,908,84
brc202d.map,2,120,PIBT,1,54387,50275,908,908,142
brc202d.map,2,130,PIBT,1,59739,55250,908,908,181
brc202d.map,2,140,PIBT,1,64545,59603,993,993,102
brc202d.map,2,150,PIBT,1,69376,63887,993,993,113
brc202d.map,2,160,PIBT,1,73468,67746,993,993,149
brc202d.map,19,850,PushAndSwap,-1,-1,-1,-1,-1,-1
brc202d.map,19,860,PushAndSwap,-1,-1,-1,-1,-1,-1
brc202d.map,19,870,PushAndSwap,-1,-1,-1,-1,-1,-1
brc202d.map,19,880,PushAndSwap,-1,-1,-1,-1,-1,-1
brc202d.map,2,170,PIBT,1,78815,72622,993,993,218
brc202d.map,2,180,PIBT,1,84265,77325,993,993,271
brc202d.map,2,190,PIBT,1,91004,82669,993,993,172
brc202d.map,2,200,PIBT,1,95748,86372,993,993,205
brc202d.map,2,210,PIBT,1,102016,91105,1008,1008,162
brc202d.map,2,220,PIBT,1,107076,95172,1008,1008,347
brc202d.map,2,230,PIBT,1,111748,99190,1008,1008,266
brc202d.map,2,240,PIBT,1,116139,103517,1008,1008,178
brc202d.map,2,250,PIBT,1,121665,107807,1008,1008,454
brc202d.map,2,260,PIBT,1,127184,112930,1008,1008,406
brc202d.map,2,270,PIBT,1,132888,117931,1008,1008,200
brc202d.map,2,280,PIBT,1,138769,122076,1008,1008,195
brc202d.map,2,290,PIBT,1,141767,126006,1008,1008,214
brc202d.map,2,300,PIBT,1,147351,130412,1054,1054,282
brc202d.map,2,310,PIBT,1,152451,135289,1054,1054,505
brc202d.map,2,320,PIBT,1,158922,139678,1054,1054,434
brc202d.map,2,330,PIBT,1,164110,144383,1054,1054,316
brc202d.map,2,340,PIBT,1,169275,148567,1054,1054,445
brc202d.map,2,350,PIBT,1,174110,152347,1054,1054,545
brc202d.map,2,360,PIBT,1,179356,157076,1054,1054,248
brc202d.map,2,370,PIBT,1,184862,161305,1054,1054,255
brc202d.map,2,380,PIBT,1,189615,166017,1054,1054,260
brc202d.map,2,390,PIBT,1,194674,170614,1054,1054,420
brc202d.map,2,400,PIBT,1,201843,176089,1054,1054,605
brc202d.map,2,410,PIBT,1,206472,179392,1054,1054,278
brc202d.map,2,420,PIBT,1,213101,183744,1054,1054,454
brc202d.map,2,430,PIBT,1,218612,189091,1054,1054,735
brc202d.map,2,440,PIBT,1,222349,193078,1054,1054,366
brc202d.map,2,450,PIBT,1,229572,197974,1054,1054,357
brc202d.map,2,460,PIBT,1,233200,200840,1054,1054,620
brc202d.map,2,470,PIBT,1,238670,204138,1054,1054,698
brc202d.map,2,480,PIBT,1,242967,207968,1054,1054,406
brc202d.map,2,490,PIBT,1,248148,213025,1054,1054,882
brc202d.map,2,500,PIBT,1,254575,217797,1054,1054,959
brc202d.map,2,510,PIBT,1,259400,221518,1054,1054,387
brc202d.map,2,520,PIBT,1,264223,226776,1054,1054,646
brc202d.map,2,530,PIBT,1,270056,229782,1054,1054,386
brc202d.map,2,540,PIBT,1,274566,233694,1054,1054,941
brc202d.map,2,550,PIBT,1,280679,238566,1054,1054,412
brc202d.map,2,560,PIBT,1,286624,242792,1054,1054,764
brc202d.map,19,890,PushAndSwap --no-compress,-1,-1,-1,-1,-1,-1
brc202d.map,19,900,PushAndSwap --no-compress,-1,-1,-1,-1,-1,-1
brc202d.map,19,910,PushAndSwap --no-compress,-1,-1,-1,-1,-1,-1
brc202d.map,19,920,PushAndSwap --no-compress,-1,-1,-1,-1,-1,-1
brc202d.map,2,570,PIBT,1,291173,246715,1054,1054,1147
brc202d.map,2,580,PIBT,1,296417,251024,1054,1054,456
brc202d.map,2,590,PIBT,1,302819,255571,1054,1054,920
brc202d.map,2,600,PIBT,1,308714,261503,1054,1054,554
brc202d.map,2,610,PIBT,1,315733,265301,1054,1054,627
brc202d.map,2,620,PIBT,1,320727,268742,1054,1054,513
brc202d.map,2,630,PIBT,1,327304,273899,1063,1063,806
brc202d.map,2,640,PIBT,1,333281,277422,1063,1063,884
brc202d.map,19,930,PushAndSwap --no-compress,-1,-1,-1,-1,-1,-1
brc202d.map,19,940,PushAndSwap --no-compress,-1,-1,-1,-1,-1,-1
brc202d.map,19,950,PushAndSwap --no-compress,-1,-1,-1,-1,-1,-1
brc202d.map,19,960,PushAndSwap --no-compress,-1,-1,-1,-1,-1,-1
brc202d.map,2,650,PIBT,1,338768,282520,1063,1063,528
brc202d.map,2,660,PIBT,1,341359,286390,1063,1063,918
brc202d.map,2,670,PIBT,1,345723,290182,1063,1063,833
brc202d.map,2,680,PIBT,1,354173,294461,1063,1063,505
brc202d.map,2,690,PIBT,1,356904,297584,1063,1063,1085
brc202d.map,2,700,PIBT,1,359823,301002,1063,1063,733
brc202d.map,2,710,PIBT,1,368816,306388,1063,1063,944
brc202d.map,2,720,PIBT,1,376600,311425,1063,1063,638
brc202d.map,2,730,PIBT,1,383577,315247,1063,1063,639
brc202d.map,2,740,PIBT,1,384961,319312,1063,1063,590
brc202d.map,2,750,PIBT,1,391174,321660,1063,1063,697
brc202d.map,2,760,PIBT,1,393432,325921,1063,1063,629
brc202d.map,2,770,PIBT,1,402930,330369,1063,1063,775
brc202d.map,2,780,PIBT,1,410583,334294,1063,1063,750
brc202d.map,2,790,PIBT,1,414635,339401,1063,1063,747
brc202d.map,2,800,PIBT,1,418818,342189,1063,1063,785
brc202d.map,2,810,PIBT,1,423190,345921,1063,1063,728
brc202d.map,2,820,PIBT,1,435318,353011,1063,1063,730
brc202d.map,2,830,PIBT,1,440613,357125,1063,1063,861
brc202d.map,2,840,PIBT,1,447937,361501,1063,1063,1000
brc202d.map,2,850,PIBT,1,451383,365664,1063,1063,782
brc202d.map,2,860,PIBT,1,457478,369843,1063,1063,817
brc202d.map,2,870,PIBT,1,461813,374374,1063,1063,965
brc202d.map,2,880,PIBT,1,470208,379785,1063,1063,833
brc202d.map,2,10,HCA,1,4183,4179,758,758,748
brc202d.map,2,20,HCA,1,8437,8425,785,785,803
brc202d.map,2,30,HCA,1,13190,13174,868,868,1340
brc202d.map,2,40,HCA,1,15723,15703,868,868,1924
brc202d.map,2,890,PIBT,1,475809,384555,1063,1063,1050
brc202d.map,2,900,PIBT,1,482088,389299,1063,1063,981
brc202d.map,2,910,PIBT,1,489625,394433,1063,1063,1083
brc202d.map,2,920,PIBT,1,494827,397381,1063,1063,1565
brc202d.map,2,970,PIBT,1,520105,416881,1063,1063,1008
brc202d.map,2,980,PIBT,1,528065,421782,1063,1063,1556
brc202d.map,2,990,PIBT,1,537683,427593,1063,1063,1196
brc202d.map,2,1000,PIBT,0,538757,431006,2000,1063,1089
brc202d.map,2,930,PIBT,1,496265,400244,1063,1063,992
brc202d.map,2,940,PIBT,1,502182,403068,1063,1063,1310
brc202d.map,2,950,PIBT,1,508924,408000,1063,1063,1609
brc202d.map,2,960,PIBT,1,514323,412257,1063,1063,1156
brc202d.map,2,50,HCA,1,20310,20289,868,868,1103
brc202d.map,2,60,HCA,1,24576,24547,868,868,808
brc202d.map,2,70,HCA,1,28568,28529,868,868,1050
brc202d.map,2,80,HCA,1,33412,33365,908,908,480
brc202d.map,2,90,HCA,1,36797,36439,908,908,1127
brc202d.map,2,100,HCA,1,41585,41216,908,908,657
brc202d.map,2,110,HCA,1,46781,46491,908,908,3518
brc202d.map,2,120,HCA,1,50609,50275,908,908,2613
brc202d.map,2,130,HCA,1,55598,55250,908,908,1274
brc202d.map,2,140,HCA,1,59974,59603,993,993,3685
brc202d.map,2,150,HCA,1,64261,63887,993,993,2727
brc202d.map,2,160,HCA,1,68158,67746,993,993,2891
brc202d.map,2,170,HCA,1,73053,72622,993,993,3941
brc202d.map,2,180,HCA,1,78186,77325,993,993,3776
brc202d.map,2,190,HCA,1,83797,82669,993,993,3055
brc202d.map,2,200,HCA,1,87512,86372,993,993,2330
brc202d.map,2,210,HCA,1,93595,91105,1008,1008,7123
brc202d.map,2,220,HCA,1,97627,95172,1008,1008,3515
brc202d.map,2,230,HCA,1,101769,99190,1008,1008,3516
brc202d.map,2,240,HCA,1,106184,103517,1008,1008,2788
brc202d.map,2,250,HCA,1,110390,107807,1008,1008,3488
brc202d.map,2,260,HCA,1,115775,112930,1008,1008,3021
brc202d.map,2,270,HCA,1,120571,117931,1008,1008,2546
brc202d.map,2,280,HCA,1,124875,122076,1008,1008,2781
brc202d.map,19,570,PushAndSwap,0,43501,235679,2001,1024,11878
brc202d.map,19,580,PushAndSwap,0,42191,239675,2001,1024,9960
brc202d.map,19,590,PushAndSwap,0,36388,244568,2001,1024,174478
brc202d.map,19,600,PushAndSwap,0,35676,247786,2001,1024,6459
brc202d.map,2,290,HCA,1,128816,126006,1008,1008,4163
brc202d.map,2,300,HCA,1,133321,130412,1054,1054,3096
brc202d.map,2,310,HCA,1,138330,135289,1054,1054,9668
brc202d.map,2,320,HCA,1,142794,139678,1054,1054,2761
brc202d.map,2,330,HCA,1,147488,144383,1054,1054,3948
brc202d.map,2,340,HCA,1,152068,148567,1054,1054,6991
brc202d.map,2,350,HCA,1,156867,152347,1054,1054,5043
brc202d.map,2,360,HCA,1,161502,157076,1054,1054,3415
brc202d.map,2,370,HCA,1,165616,161305,1054,1054,6141
brc202d.map,2,380,HCA,1,170796,166017,1054,1054,4578
brc202d.map,2,390,HCA,1,175455,170614,1054,1054,3164
brc202d.map,2,400,HCA,1,180413,176089,1054,1054,6045
brc202d.map,19,970,PushAndSwap --no-compress,-1,-1,-1,-1,-1,-1
brc202d.map,19,980,PushAndSwap --no-compress,-1,-1,-1,-1,-1,-1
brc202d.map,19,990,PushAndSwap --no-compress,-1,-1,-1,-1,-1,-1
brc202d.map,19,1000,PushAndSwap --no-compress,-1,-1,-1,-1,-1,-1
brc202d.map,19,690,PushAndSwap --no-compress,0,146369338,285286,288348,1024,5677
brc202d.map,19,700,PushAndSwap --no-compress,0,151669809,291441,294609,1024,5391
brc202d.map,19,710,PushAndSwap --no-compress,0,156237003,295683,298915,1024,7314
brc202d.map,19,720,PushAndSwap --no-compress,0,161507436,300635,303923,1024,5865
brc202d.map,2,410,HCA,1,184713,179392,1054,1054,10037
brc202d.map,2,420,HCA,1,189862,183744,1054,1054,3364
brc202d.map,2,430,HCA,1,195182,189091,1054,1054,7574
brc202d.map,2,440,HCA,1,199711,193078,1054,1054,4771
brc202d.map,19,850,PushAndSwap --no-compress,-1,-1,-1,-1,-1,-1
brc202d.map,19,860,PushAndSwap --no-compress,-1,-1,-1,-1,-1,-1
brc202d.map,19,870,PushAndSwap --no-compress,-1,-1,-1,-1,-1,-1
brc202d.map,19,880,PushAndSwap --no-compress,0,247642375,371156,376108,1072,8926
brc202d.map,2,450,HCA,1,205472,197974,1054,1054,7424
brc202d.map,2,460,HCA,1,208134,200840,1054,1054,5730
brc202d.map,2,470,HCA,1,211661,204138,1054,1054,5103
brc202d.map,2,480,HCA,1,215268,207968,1054,1054,5831
brc202d.map,19,610,PushAndSwap,0,36192,252401,2001,1024,54554
brc202d.map,19,620,PushAndSwap,0,35102,257065,2001,1024,8800
brc202d.map,19,630,PushAndSwap,0,34341,261932,2001,1024,11973
brc202d.map,19,640,PushAndSwap,0,34463,266110,2001,1024,154351
brc202d.map,2,490,HCA,1,220566,213025,1054,1054,8121
brc202d.map,2,500,HCA,1,225191,217797,1054,1054,5420
brc202d.map,2,510,HCA,1,229126,221518,1054,1054,7185
brc202d.map,2,520,HCA,1,234952,226776,1054,1054,7952
brc202d.map,19,650,PushAndSwap --no-compress,0,129816541,269704,272356,1024,5093
brc202d.map,19,660,PushAndSwap --no-compress,0,133751231,273369,276209,1024,4600
brc202d.map,19,670,PushAndSwap --no-compress,0,137773500,277016,279878,1024,5440
brc202d.map,19,680,PushAndSwap --no-compress,0,142079169,281893,284809,1024,3847
brc202d.map,2,530,HCA,1,238355,229782,1054,1054,9687
brc202d.map,2,540,HCA,1,242329,233694,1054,1054,13358
brc202d.map,2,550,HCA,1,247517,238566,1054,1054,9301
brc202d.map,2,560,HCA,1,251880,242792,1054,1054,10358
brc202d.map,2,570,HCA,1,256064,246715,1054,1054,7158
brc202d.map,2,580,HCA,1,260445,251024,1054,1054,8740
brc202d.map,2,590,HCA,1,264707,255571,1054,1054,9953
brc202d.map,2,600,HCA,1,271400,261503,1054,1054,12218
brc202d.map,2,610,HCA,1,275255,265301,1054,1054,10771
brc202d.map,2,620,HCA,1,278698,268742,1054,1054,9988
brc202d.map,2,630,HCA,1,284867,273899,1063,1063,13727
brc202d.map,2,640,HCA,1,288396,277422,1063,1063,25504
brc202d.map,2,10,PIBT_PLUS,1,4186,4179,758,758,41
brc202d.map,2,20,PIBT_PLUS,1,8713,8425,785,785,31
brc202d.map,2,30,PIBT_PLUS,1,13539,13174,868,868,49
brc202d.map,2,40,PIBT_PLUS,1,16077,15703,868,868,128
brc202d.map,2,50,PIBT_PLUS,1,21316,20289,868,868,104
brc202d.map,2,60,PIBT_PLUS,1,25690,24547,868,868,102
brc202d.map,2,70,PIBT_PLUS,1,30424,28529,868,868,196
brc202d.map,2,80,PIBT_PLUS,1,35217,33365,908,908,233
brc202d.map,2,650,HCA,1,293750,282520,1063,1063,11598
brc202d.map,2,660,HCA,1,297522,286390,1063,1063,14251
brc202d.map,2,670,HCA,1,302252,290182,1063,1063,20339
brc202d.map,2,680,HCA,1,306963,294461,1063,1063,12842
brc202d.map,19,650,PushAndSwap,0,34625,269704,2001,1024,170395
brc202d.map,19,660,PushAndSwap,0,34835,273369,2001,1024,86341
brc202d.map,19,670,PushAndSwap,0,35787,277016,2001,1024,9179
brc202d.map,19,680,PushAndSwap,0,37108,281893,2001,1024,9350
brc202d.map,2,90,PIBT_PLUS,1,38899,36439,908,908,272
brc202d.map,2,100,PIBT_PLUS,1,43937,41216,908,908,250
brc202d.map,2,110,PIBT_PLUS,1,49783,46491,908,908,303
brc202d.map,2,120,PIBT_PLUS,1,54387,50275,908,908,143
brc202d.map,2,130,PIBT_PLUS,1,59739,55250,908,908,163
brc202d.map,2,140,PIBT_PLUS,1,64545,59603,993,993,339
brc202d.map,2,150,PIBT_PLUS,1,69376,63887,993,993,259
brc202d.map,2,160,PIBT_PLUS,1,73468,67746,993,993,198
brc202d.map,2,170,PIBT_PLUS,1,78815,72622,993,993,344
brc202d.map,2,180,PIBT_PLUS,1,84265,77325,993,993,429
brc202d.map,2,190,PIBT_PLUS,1,91004,82669,993,993,451
brc202d.map,2,200,PIBT_PLUS,1,95748,86372,993,993,453
brc202d.map,2,210,PIBT_PLUS,1,102016,91105,1008,1008,370
brc202d.map,2,220,PIBT_PLUS,1,107076,95172,1008,1008,404
brc202d.map,2,230,PIBT_PLUS,1,111748,99190,1008,1008,509
brc202d.map,2,240,PIBT_PLUS,1,116139,103517,1008,1008,485
brc202d.map,19,690,PushAndSwap,0,37111,285286,2001,1024,38100
brc202d.map,19,700,PushAndSwap,0,36688,291441,2001,1024,8393
brc202d.map,19,710,PushAndSwap,0,36695,295683,2001,1024,213333
brc202d.map,19,720,PushAndSwap,0,36722,300635,2001,1024,14190
brc202d.map,2,250,PIBT_PLUS,1,121665,107807,1008,1008,532
brc202d.map,2,260,PIBT_PLUS,1,127184,112930,1008,1008,382
brc202d.map,2,270,PIBT_PLUS,1,132888,117931,1008,1008,532
brc202d.map,2,280,PIBT_PLUS,1,138769,122076,1008,1008,558
brc202d.map,2,290,PIBT_PLUS,1,141767,126006,1008,1008,392
brc202d.map,2,300,PIBT_PLUS,1,147351,130412,1054,1054,441
brc202d.map,2,310,PIBT_PLUS,1,152451,135289,1054,1054,373
brc202d.map,2,320,PIBT_PLUS,1,158922,139678,1054,1054,761
brc202d.map,2,330,PIBT_PLUS,1,164110,144383,1054,1054,645
brc202d.map,2,340,PIBT_PLUS,1,169275,148567,1054,1054,608
brc202d.map,2,350,PIBT_PLUS,1,174110,152347,1054,1054,607
brc202d.map,2,360,PIBT_PLUS,1,179356,157076,1054,1054,888
brc202d.map,2,370,PIBT_PLUS,1,184862,161305,1054,1054,591
brc202d.map,2,380,PIBT_PLUS,1,189615,166017,1054,1054,432
brc202d.map,2,390,PIBT_PLUS,1,194674,170614,1054,1054,638
brc202d.map,2,400,PIBT_PLUS,1,201843,176089,1054,1054,853
brc202d.map,2,410,PIBT_PLUS,1,206472,179392,1054,1054,591
brc202d.map,2,420,PIBT_PLUS,1,213101,183744,1054,1054,986
brc202d.map,2,430,PIBT_PLUS,1,218612,189091,1054,1054,1071
brc202d.map,2,440,PIBT_PLUS,1,222349,193078,1054,1054,1939
brc202d.map,2,450,PIBT_PLUS,1,229572,197974,1054,1054,690
brc202d.map,2,460,PIBT_PLUS,1,233200,200840,1054,1054,1590
brc202d.map,2,470,PIBT_PLUS,1,238670,204138,1054,1054,1526
brc202d.map,2,480,PIBT_PLUS,1,242967,207968,1054,1054,1194
brc202d.map,2,490,PIBT_PLUS,1,248148,213025,1054,1054,1954
brc202d.map,2,500,PIBT_PLUS,1,254575,217797,1054,1054,1070
brc202d.map,2,510,PIBT_PLUS,1,259400,221518,1054,1054,1137
brc202d.map,2,520,PIBT_PLUS,1,264223,226776,1054,1054,1363
brc202d.map,2,530,PIBT_PLUS,1,270056,229782,1054,1054,1910
brc202d.map,2,540,PIBT_PLUS,1,274566,233694,1054,1054,1057
brc202d.map,2,550,PIBT_PLUS,1,280679,238566,1054,1054,663
brc202d.map,2,560,PIBT_PLUS,1,286624,242792,1054,1054,1191
brc202d.map,2,690,HCA,1,310486,297584,1063,1063,14583
brc202d.map,2,700,HCA,1,314006,301002,1063,1063,16400
brc202d.map,2,710,HCA,1,319641,306388,1063,1063,21129
brc202d.map,2,720,HCA,1,323896,311425,1063,1063,20194
brc202d.map,2,570,PIBT_PLUS,1,291173,246715,1054,1054,1302
brc202d.map,2,580,PIBT_PLUS,1,296417,251024,1054,1054,1396
brc202d.map,2,590,PIBT_PLUS,1,302819,255571,1054,1054,1819
brc202d.map,2,600,PIBT_PLUS,1,308714,261503,1054,1054,1922
brc202d.map,2,610,PIBT_PLUS,1,315733,265301,1054,1054,1525
brc202d.map,2,620,PIBT_PLUS,1,320727,268742,1054,1054,1827
brc202d.map,2,630,PIBT_PLUS,1,327304,273899,1063,1063,2071
brc202d.map,2,640,PIBT_PLUS,1,333281,277422,1063,1063,1608
brc202d.map,2,650,PIBT_PLUS,1,338768,282520,1063,1063,1931
brc202d.map,2,660,PIBT_PLUS,1,341359,286390,1063,1063,1972
brc202d.map,2,670,PIBT_PLUS,1,345723,290182,1063,1063,1767
brc202d.map,2,680,PIBT_PLUS,1,354173,294461,1063,1063,2813
brc202d.map,2,690,PIBT_PLUS,1,356904,297584,1063,1063,1844
brc202d.map,2,700,PIBT_PLUS,1,359823,301002,1063,1063,1491
brc202d.map,2,710,PIBT_PLUS,1,368816,306388,1063,1063,1691
brc202d.map,2,720,PIBT_PLUS,1,376600,311425,1063,1063,1377
brc202d.map,2,730,PIBT_PLUS,1,383577,315247,1063,1063,1040
brc202d.map,2,740,PIBT_PLUS,1,384961,319312,1063,1063,3118
brc202d.map,2,750,PIBT_PLUS,1,391174,321660,1063,1063,1807
brc202d.map,2,760,PIBT_PLUS,1,393432,325921,1063,1063,1172
brc202d.map,2,770,PIBT_PLUS,1,402930,330369,1063,1063,1965
brc202d.map,2,780,PIBT_PLUS,1,410583,334294,1063,1063,3091
brc202d.map,2,790,PIBT_PLUS,1,414635,339401,1063,1063,2232
brc202d.map,2,800,PIBT_PLUS,1,418818,342189,1063,1063,1545
brc202d.map,2,730,HCA,1,327741,315247,1063,1063,15942
brc202d.map,2,740,HCA,1,332650,319312,1063,1063,23353
brc202d.map,2,750,HCA,1,334482,321660,1063,1063,19032
brc202d.map,2,760,HCA,1,340241,325921,1063,1063,22913
brc202d.map,2,10,PushAndSwap,1,10129,4179,1388,758,100
brc202d.map,2,20,PushAndSwap,0,26088,8425,2001,785,201
brc202d.map,2,30,PushAndSwap,0,34683,13174,2001,868,423
brc202d.map,2,40,PushAndSwap,0,38975,15703,2001,868,738
brc202d.map,2,810,PIBT_PLUS,1,423190,345921,1063,1063,3368
brc202d.map,2,820,PIBT_PLUS,1,435318,353011,1063,1063,1769
brc202d.map,2,830,PIBT_PLUS,1,440613,357125,1063,1063,1397
brc202d.map,2,840,PIBT_PLUS,1,447937,361501,1063,1063,2217
brc202d.map,2,50,PushAndSwap,0,38063,20289,2001,868,539
brc202d.map,2,60,PushAndSwap,0,28119,24547,2001,868,322
brc202d.map,2,70,PushAndSwap,0,34936,28529,2001,868,305
brc202d.map,2,80,PushAndSwap,0,30553,33365,2001,908,233
brc202d.map,2,850,PIBT_PLUS,1,451383,365664,1063,1063,2391
brc202d.map,2,860,PIBT_PLUS,1,457478,369843,1063,1063,1749
brc202d.map,2,870,PIBT_PLUS,1,461813,374374,1063,1063,2553
brc202d.map,2,880,PIBT_PLUS,1,470208,379785,1063,1063,1347
brc202d.map,2,90,PushAndSwap,0,33642,36439,2001,908,263
brc202d.map,2,100,PushAndSwap,0,32124,41216,2001,908,497
brc202d.map,2,110,PushAndSwap,0,32340,46491,2001,908,566
brc202d.map,2,120,PushAndSwap,0,34670,50275,2001,908,1108
brc202d.map,2,890,PIBT_PLUS,1,475809,384555,1063,1063,2215
brc202d.map,2,900,PIBT_PLUS,1,482088,389299,1063,1063,1628
brc202d.map,2,910,PIBT_PLUS,1,489625,394433,1063,1063,2787
brc202d.map,2,920,PIBT_PLUS,1,494827,397381,1063,1063,2474
brc202d.map,2,130,PushAndSwap,0,42754,55250,2001,908,828
brc202d.map,2,140,PushAndSwap,0,29564,59603,2001,993,729
brc202d.map,2,150,PushAndSwap,0,29155,63887,2001,993,1082
brc202d.map,2,160,PushAndSwap,0,46792,67746,2001,993,693
brc202d.map,2,170,PushAndSwap,0,47106,72622,2001,993,1065
brc202d.map,2,180,PushAndSwap,0,36767,77325,2001,993,734
brc202d.map,2,190,PushAndSwap,0,29393,82669,2001,993,1099
brc202d.map,2,200,PushAndSwap,0,29998,86372,2001,993,1146
brc202d.map,2,210,PushAndSwap,0,18130,91105,2001,1008,979
brc202d.map,2,220,PushAndSwap,0,16527,95172,2001,1008,1558
brc202d.map,2,230,PushAndSwap,0,16807,99190,2001,1008,1242
brc202d.map,2,240,PushAndSwap,0,16948,103517,2001,1008,1565
brc202d.map,16,770,PushAndSwap,0,74859,320639,2001,1056,235864
brc202d.map,16,780,PushAndSwap,0,74941,323353,2001,1056,124860
brc202d.map,16,790,PushAndSwap,0,76196,327569,2001,1056,729373
brc202d.map,16,800,PushAndSwap,0,76654,333655,2001,1069,333859
brc202d.map,2,930,PIBT_PLUS,1,496265,400244,1063,1063,1224
brc202d.map,2,940,PIBT_PLUS,1,502182,403068,1063,1063,1207
brc202d.map,2,950,PIBT_PLUS,1,508924,408000,1063,1063,3759
brc202d.map,2,960,PIBT_PLUS,1,514323,412257,1063,1063,2181
brc202d.map,2,970,PIBT_PLUS,1,520105,416881,1063,1063,2961
brc202d.map,2,980,PIBT_PLUS,1,528065,421782,1063,1063,2599
brc202d.map,2,990,PIBT_PLUS,1,537683,427593,1063,1063,1575
brc202d.map,2,1000,PIBT_PLUS,1,540517,431006,1069,1063,2223
brc202d.map,2,250,PushAndSwap,0,20756,107807,2001,1008,1662
brc202d.map,2,260,PushAndSwap,0,23037,112930,2001,1008,1533
brc202d.map,2,270,PushAndSwap,0,25070,117931,2001,1008,1744
brc202d.map,2,280,PushAndSwap,0,25398,122076,2001,1008,1667
brc202d.map,2,290,PushAndSwap,0,25613,126006,2001,1008,1972
brc202d.map,2,300,PushAndSwap,0,37260,130412,2001,1054,1809
brc202d.map,2,310,PushAndSwap,0,40488,135289,2001,1054,1674
brc202d.map,2,320,PushAndSwap,0,40719,139678,2001,1054,2076
brc202d.map,2,330,PushAndSwap,0,40683,144383,2001,1054,2532
brc202d.map,2,340,PushAndSwap,0,44422,148567,2001,1054,2149
brc202d.map,2,350,PushAndSwap,0,45475,152347,2001,1054,2922
brc202d.map,2,360,PushAndSwap,0,47651,157076,2001,1054,3362
brc202d.map,2,370,PushAndSwap,0,48685,161305,2001,1054,2453
brc202d.map,2,380,PushAndSwap,0,50121,166017,2001,1054,2738
brc202d.map,2,390,PushAndSwap,0,50269,170614,2001,1054,3658
brc202d.map,2,400,PushAndSwap,0,33139,176089,2001,1054,3342
brc202d.map,2,770,HCA,1,344550,330369,1063,1063,18905
brc202d.map,2,780,HCA,1,349358,334294,1063,1063,24486
brc202d.map,2,790,HCA,0,0,339401,-1,1063,32578
brc202d.map,2,800,HCA,0,0,342189,-1,1063,31444
brc202d.map,2,410,PushAndSwap,0,34165,179392,2001,1054,3025
brc202d.map,2,420,PushAndSwap,0,34225,183744,2001,1054,5050
brc202d.map,2,430,PushAndSwap,0,34400,189091,2001,1054,4057
brc202d.map,2,440,PushAndSwap,0,34495,193078,2001,1054,4412
brc202d.map,19,730,PushAndSwap --no-compress,0,166772861,306262,309700,1024,5237
brc202d.map,19,740,PushAndSwap --no-compress,0,171560696,309921,313431,1024,6625
brc202d.map,19,750,PushAndSwap --no-compress,0,176532744,314089,317703,1024,4905
brc202d.map,19,760,PushAndSwap --no-compress,0,181901938,319082,322790,1024,6082
brc202d.map,19,730,PushAndSwap,0,37934,306262,2001,1024,177525
brc202d.map,19,740,PushAndSwap,0,37949,309921,2001,1024,82271
brc202d.map,19,750,PushAndSwap,0,39281,314089,2001,1024,15054
brc202d.map,19,760,PushAndSwap,0,39379,319082,2001,1024,59082
brc202d.map,2,450,PushAndSwap,0,34713,197974,2001,1054,3733
brc202d.map,2,460,PushAndSwap,0,34896,200840,2001,1054,6157
brc202d.map,2,470,PushAndSwap,0,34754,204138,2001,1054,6230
brc202d.map,2,480,PushAndSwap,0,34967,207968,2001,1054,10962
brc202d.map,2,810,HCA,0,0,345921,-1,1063,30509
brc202d.map,2,820,HCA,0,0,353011,-1,1063,30696
brc202d.map,2,830,HCA,0,0,357125,-1,1063,30941
brc202d.map,2,840,HCA,0,0,361501,-1,1063,30062
brc202d.map,2,850,HCA,0,0,365664,-1,1063,30808
brc202d.map,2,860,HCA,0,0,369843,-1,1063,31069
brc202d.map,2,870,HCA,0,0,374374,-1,1063,30829
brc202d.map,2,880,HCA,0,0,379785,-1,1063,30009
brc202d.map,2,890,HCA,0,0,384555,-1,1063,30010
brc202d.map,2,900,HCA,0,0,389299,-1,1063,30969
brc202d.map,2,910,HCA,0,0,394433,-1,1063,31434
brc202d.map,2,920,HCA,0,0,397381,-1,1063,30004
brc202d.map,2,970,HCA,0,0,416881,-1,1063,30349
brc202d.map,2,980,HCA,0,0,421782,-1,1063,30001
brc202d.map,2,990,HCA,0,0,427593,-1,1063,30073
brc202d.map,2,1000,HCA,0,0,431006,-1,1063,30003
brc202d.map,2,10,PushAndSwap --no-compress,0,29724,4179,4179,758,11
brc202d.map,2,20,PushAndSwap --no-compress,0,119796,8425,8431,785,17
brc202d.map,2,30,PushAndSwap --no-compress,0,277734,13174,13186,868,35
brc202d.map,2,40,PushAndSwap --no-compress,0,459131,15703,15829,868,61
brc202d.map,2,930,HCA,0,0,400244,-1,1063,31157
brc202d.map,2,940,HCA,0,0,403068,-1,1063,30117
brc202d.map,2,950,HCA,0,0,408000,-1,1063,30815
brc202d.map,2,960,HCA,0,0,412257,-1,1063,30004
brc202d.map,2,50,PushAndSwap --no-compress,0,730684,20289,20415,868,102
brc202d.map,2,60,PushAndSwap --no-compress,0,1050523,24547,24697,868,136
brc202d.map,2,70,PushAndSwap --no-compress,0,1410326,28529,28679,868,138
brc202d.map,2,80,PushAndSwap --no-compress,0,1903741,33365,33533,908,214
brc202d.map,2,90,PushAndSwap --no-compress,0,2344868,36439,36613,908,299
brc202d.map,2,100,PushAndSwap --no-compress,0,2923534,41216,41390,908,287
brc202d.map,2,110,PushAndSwap --no-compress,0,3602428,46491,46689,908,250
brc202d.map,2,120,PushAndSwap --no-compress,0,4224721,50275,50473,908,397
brc202d.map,2,130,PushAndSwap --no-compress,0,5043175,55250,55568,908,354
brc202d.map,2,140,PushAndSwap --no-compress,0,5839380,59603,59939,993,495
brc202d.map,2,150,PushAndSwap --no-compress,0,6723757,63887,64229,993,285
brc202d.map,2,160,PushAndSwap --no-compress,0,7694706,67746,68130,993,208
brc202d.map,2,170,PushAndSwap --no-compress,0,8762970,72622,73048,993,513
brc202d.map,2,180,PushAndSwap --no-compress,0,9841641,77325,77681,993,272
brc202d.map,2,190,PushAndSwap --no-compress,0,11037066,82669,83139,993,587
brc202d.map,2,200,PushAndSwap --no-compress,0,12223781,86372,86860,993,714
brc202d.map,2,210,PushAndSwap --no-compress,0,13566494,91105,91599,1008,593
brc202d.map,2,220,PushAndSwap --no-compress,0,14812098,95172,95684,1008,791
brc202d.map,2,230,PushAndSwap --no-compress,0,16110030,99190,99810,1008,1437
brc202d.map,2,240,PushAndSwap --no-compress,0,17479247,103517,104047,1008,456
brc202d.map,2,890,PushAndSwap,-1,-1,-1,-1,-1,-1
brc202d.map,2,900,PushAndSwap,-1,-1,-1,-1,-1,-1
brc202d.map,2,910,PushAndSwap,-1,-1,-1,-1,-1,-1
brc202d.map,2,920,PushAndSwap,-1,-1,-1,-1,-1,-1
brc202d.map,2,250,PushAndSwap --no-compress,0,19198777,107807,108399,1008,930
brc202d.map,2,260,PushAndSwap --no-compress,0,20876855,112930,113800,1008,755
brc202d.map,2,270,PushAndSwap --no-compress,0,22633469,117931,118817,1008,1551
brc202d.map,2,280,PushAndSwap --no-compress,0,24400997,122076,123072,1008,571
brc202d.map,2,290,PushAndSwap --no-compress,0,26066323,126006,127050,1008,1220
brc202d.map,2,300,PushAndSwap --no-compress,0,28008631,130412,131446,1054,836
brc202d.map,2,310,PushAndSwap --no-compress,0,29953579,135289,136355,1054,1300
brc202d.map,2,320,PushAndSwap --no-compress,0,32008986,139678,140786,1054,3160
brc202d.map,2,330,PushAndSwap --no-compress,0,34098675,144383,145547,1054,1239
brc202d.map,2,340,PushAndSwap --no-compress,0,36172334,148567,149743,1054,3438
brc202d.map,2,350,PushAndSwap --no-compress,0,38259839,152347,153559,1054,1228
brc202d.map,2,360,PushAndSwap --no-compress,0,40531404,157076,158306,1054,2100
brc202d.map,2,370,PushAndSwap --no-compress,0,42963015,161305,162627,1054,2005
brc202d.map,2,380,PushAndSwap --no-compress,0,45345841,166017,167357,1054,2698
brc202d.map,2,390,PushAndSwap --no-compress,0,47872146,170614,172004,1054,1324
brc202d.map,2,400,PushAndSwap --no-compress,0,50855130,176089,177533,1054,2241
brc202d.map,2,610,PushAndSwap,0,43784,265301,2001,1054,18190
brc202d.map,2,620,PushAndSwap,0,44749,268742,2001,1054,12566
brc202d.map,2,630,PushAndSwap,0,38131,273899,2001,1063,30740
brc202d.map,2,640,PushAndSwap,0,38122,277422,2001,1063,9035
brc202d.map,2,930,PushAndSwap,-1,-1,-1,-1,-1,-1
brc202d.map,2,940,PushAndSwap,-1,-1,-1,-1,-1,-1
brc202d.map,2,950,PushAndSwap,-1,-1,-1,-1,-1,-1
brc202d.map,2,960,PushAndSwap,-1,-1,-1,-1,-1,-1
brc202d.map,2,410,PushAndSwap --no-compress,0,53380444,179392,181014,1054,1464
brc202d.map,2,420,PushAndSwap --no-compress,0,55945214,183744,185438,1054,3023
brc202d.map,2,430,PushAndSwap --no-compress,0,58824862,189091,190813,1054,1343
brc202d.map,2,440,PushAndSwap --no-compress,0,61423601,193078,194816,1054,2348
brc202d.map,2,570,PushAndSwap,0,40576,246715,2001,1054,11890
brc202d.map,2,580,PushAndSwap,0,41949,251024,2001,1054,11511
brc202d.map,2,590,PushAndSwap,0,44112,255571,2001,1054,44961
brc202d.map,2,600,PushAndSwap,0,42558,261503,2001,1054,10321
brc202d.map,2,450,PushAndSwap --no-compress,0,64373796,197974,199776,1054,1795
brc202d.map,2,460,PushAndSwap --no-compress,0,66903238,200840,202684,1054,2769
brc202d.map,2,470,PushAndSwap --no-compress,0,69695676,204138,206030,1054,1665
brc202d.map,2,480,PushAndSwap --no-compress,0,72592341,207968,209922,1054,1748
brc202d.map,2,490,PushAndSwap,0,35392,213025,2001,1054,3862
brc202d.map,2,500,PushAndSwap,0,37110,217797,2001,1054,8601
brc202d.map,2,510,PushAndSwap,0,37189,221518,2001,1054,7229
brc202d.map,2,520,PushAndSwap,0,37274,226776,2001,1054,63952
brc202d.map,2,490,PushAndSwap --no-compress,0,75905901,213025,215037,1054,3062
brc202d.map,2,500,PushAndSwap --no-compress,0,79448553,217797,219825,1054,1938
brc202d.map,2,510,PushAndSwap --no-compress,0,82394681,221518,223720,1054,2532
brc202d.map,2,520,PushAndSwap --no-compress,0,85929650,226776,228998,1054,4921
brc202d.map,16,810,PushAndSwap,-1,-1,-1,-1,-1,-1
brc202d.map,16,820,PushAndSwap,-1,-1,-1,-1,-1,-1
brc202d.map,16,830,PushAndSwap,0,74641,346056,2001,1069,227531
brc202d.map,16,840,PushAndSwap,-1,-1,-1,-1,-1,-1
brc202d.map,2,970,PushAndSwap,-1,-1,-1,-1,-1,-1
brc202d.map,2,980,PushAndSwap,-1,-1,-1,-1,-1,-1
brc202d.map,2,990,PushAndSwap,-1,-1,-1,-1,-1,-1
brc202d.map,2,1000,PushAndSwap,-1,-1,-1,-1,-1,-1
brc202d.map,2,530,PushAndSwap --no-compress,0,88806025,229782,232078,1054,2202
brc202d.map,2,540,PushAndSwap --no-compress,0,92025754,233694,236094,1054,2553
brc202d.map,2,550,PushAndSwap --no-compress,0,95832800,238566,241504,1054,5326
brc202d.map,2,560,PushAndSwap --no-compress,0,99313169,242792,245792,1054,8191
brc202d.map,18,810,PushAndSwap,0,29195,341301,2001,1121,437382
brc202d.map,18,820,PushAndSwap,0,29276,346118,2001,1121,262766
brc202d.map,18,830,PushAndSwap,-1,-1,-1,-1,-1,-1
brc202d.map,18,840,PushAndSwap,-1,-1,-1,-1,-1,-1
brc202d.map,14,770,PushAndSwap,0,54076,318508,2001,1084,369669
brc202d.map,14,780,PushAndSwap,0,49188,321771,2001,1084,403329
brc202d.map,14,790,PushAndSwap,0,49418,325782,2001,1084,1457120
brc202d.map,14,800,PushAndSwap,-1,-1,-1,-1,-1,-1
brc202d.map,2,850,PushAndSwap,-1,-1,-1,-1,-1,-1
brc202d.map,2,860,PushAndSwap,-1,-1,-1,-1,-1,-1
brc202d.map,2,870,PushAndSwap,-1,-1,-1,-1,-1,-1
brc202d.map,2,880,PushAndSwap,-1,-1,-1,-1,-1,-1
brc202d.map,20,10,PIBT,1,3905,3895,786,786,9
brc202d.map,20,20,PIBT,1,9664,9631,928,928,17
brc202d.map,20,30,PIBT,1,15120,14551,1068,1068,32
brc202d.map,20,40,PIBT,1,19635,18404,1068,1068,49
brc202d.map,20,50,PIBT,1,23936,22853,1068,1068,56
brc202d.map,20,60,PIBT,1,27015,25726,1068,1068,72
brc202d.map,20,70,PIBT,1,30188,28647,1068,1068,94
brc202d.map,20,80,PIBT,1,35220,31854,1068,1068,155
brc202d.map,20,90,PIBT,1,38669,35479,1068,1068,108
brc202d.map,20,100,PIBT,1,44160,40678,1068,1068,127
brc202d.map,20,110,PIBT,1,51536,46959,1068,1068,227
brc202d.map,20,120,PIBT,1,57185,52230,1092,1092,89
brc202d.map,20,130,PIBT,1,61511,55589,1092,1092,95
brc202d.map,20,140,PIBT,1,65944,59875,1092,1092,191
brc202d.map,20,150,PIBT,1,70520,64050,1092,1092,179
brc202d.map,20,160,PIBT,1,74346,66846,1092,1092,246
brc202d.map,2,650,PushAndSwap,0,39823,282520,2001,1063,25029
brc202d.map,2,660,PushAndSwap,0,39749,286390,2001,1063,6809
brc202d.map,2,670,PushAndSwap,0,40900,290182,2001,1063,51007
brc202d.map,2,680,PushAndSwap,0,41243,294461,2001,1063,55004
brc202d.map,20,170,PIBT,1,80517,72627,1092,1092,403
brc202d.map,20,180,PIBT,1,85509,76254,1092,1092,223
brc202d.map,20,190,PIBT,1,88540,79556,1092,1092,141
brc202d.map,20,200,PIBT,1,93726,82768,1092,1092,274
brc202d.map,20,210,PIBT,1,98013,86682,1092,1092,287
brc202d.map,20,220,PIBT,1,101568,89620,1092,1092,274
brc202d.map,20,230,PIBT,1,107891,95196,1092,1092,180
brc202d.map,20,240,PIBT,1,113529,99620,1092,1092,250
brc202d.map,20,250,PIBT,1,117731,103160,1092,1092,406
brc202d.map,20,260,PIBT,1,122756,106065,1092,1092,341
brc202d.map,20,270,PIBT,1,126169,109415,1092,1092,283
brc202d.map,20,280,PIBT,1,129461,113036,1092,1092,366
brc202d.map,20,290,PIBT,1,136637,117280,1092,1092,345
brc202d.map,20,300,PIBT,1,138604,120535,1092,1092,557
brc202d.map,20,310,PIBT,1,144529,125634,1092,1092,444
brc202d.map,20,320,PIBT,1,151679,130587,1092,1092,340
brc202d.map,20,330,PIBT,1,157166,135178,1092,1092,613
brc202d.map,20,340,PIBT,1,161376,138757,1092,1092,1739
brc202d.map,20,350,PIBT,1,166181,142383,1092,1092,269
brc202d.map,20,360,PIBT,1,170783,145941,1092,1092,553
brc202d.map,20,370,PIBT,1,178588,151620,1092,1092,497
brc202d.map,20,380,PIBT,1,185157,154634,1092,1092,657
brc202d.map,20,390,PIBT,1,188093,158024,1092,1092,503
brc202d.map,20,400,PIBT,1,195330,163745,1092,1092,458
brc202d.map,20,410,PIBT,1,198442,167420,1092,1092,746
brc202d.map,20,420,PIBT,1,203685,171246,1092,1092,555
brc202d.map,20,430,PIBT,1,209193,176150,1092,1092,459
brc202d.map,20,440,PIBT,1,213862,180275,1092,1092,320
brc202d.map,2,570,PushAndSwap --no-compress,0,102885997,246715,249861,1054,2783
brc202d.map,2,580,PushAndSwap --no-compress,0,106644315,251024,254252,1054,3922
brc202d.map,2,590,PushAndSwap --no-compress,0,110657060,255571,258871,1054,4903
brc202d.map,2,600,PushAndSwap --no-compress,0,115006485,261503,264821,1054,5746
brc202d.map,20,450,PIBT,1,219591,184769,1092,1092,394
brc202d.map,20,460,PIBT,1,225366,188107,1092,1092,331
brc202d.map,20,470,PIBT,1,229568,192586,1092,1092,401
brc202d.map,20,480,PIBT,1,236695,198568,1092,1092,627
brc202d.map,20,490,PIBT,1,242699,203408,1092,1092,453
brc202d.map,20,500,PIBT,1,248035,208248,1092,1092,683
brc202d.map,20,510,PIBT,1,253515,213189,1092,1092,733
brc202d.map,20,520,PIBT,1,258681,217492,1092,1092,737
brc202d.map,20,530,PIBT,1,263326,222019,1107,1107,575
brc202d.map,20,540,PIBT,1,268381,226095,1107,1107,629
brc202d.map,20,550,PIBT,1,274156,229767,1107,1107,882
brc202d.map,20,560,PIBT,1,277762,233619,1107,1107,497
brc202d.map,20,570,PIBT,1,284160,236919,1107,1107,753
brc202d.map,20,580,PIBT,1,287815,240668,1107,1107,943
brc202d.map,20,590,PIBT,1,290572,243035,1107,1107,921
brc202d.map,20,600,PIBT,1,293682,246537,1107,1107,685
brc202d.map,20,610,PIBT,1,298196,250234,1107,1107,1149
brc202d.map,20,620,PIBT,1,301699,252937,1107,1107,786
brc202d.map,20,630,PIBT,1,310168,256952,1107,1107,721
brc202d.map,20,640,PIBT,1,314318,261076,1107,1107,1265
brc202d.map,20,650,PIBT,1,318806,264130,1107,1107,642
brc202d.map,20,660,PIBT,1,325412,269945,1107,1107,903
brc202d.map,20,670,PIBT,1,328794,273793,1107,1107,1228
brc202d.map,20,680,PIBT,1,332815,276886,1107,1107,697
brc202d.map,20,690,PIBT,1,337335,280925,1107,1107,918
brc202d.map,20,700,PIBT,1,345144,286282,1107,1107,1015
brc202d.map,20,710,PIBT,1,351052,291010,1107,1107,822
brc202d.map,20,720,PIBT,1,356195,294934,1107,1107,1008
brc202d.map,20,730,PIBT,0,364998,299170,2000,1107,989
brc202d.map,20,740,PIBT,1,370665,304769,1107,1107,1212
brc202d.map,20,750,PIBT,1,372493,307770,1107,1107,1394
brc202d.map,20,760,PIBT,1,378354,311558,1107,1107,904
brc202d.map,20,770,PIBT,1,383012,314983,1107,1107,649
brc202d.map,20,780,PIBT,1,387344,319396,1107,1107,2092
brc202d.map,20,790,PIBT,1,393358,323502,1107,1107,965
brc202d.map,20,800,PIBT,1,398496,327783,1107,1107,946
brc202d.map,20,810,PIBT,1,402552,331793,1107,1107,688
brc202d.map,20,820,PIBT,1,411387,335294,1107,1107,1592
brc202d.map,20,830,PIBT,0,417941,339714,2000,1107,739
brc202d.map,20,840,PIBT,1,419916,344603,1107,1107,700
brc202d.map,20,850,PIBT,1,427338,348638,1107,1107,1667
brc202d.map,20,860,PIBT,1,434300,353862,1107,1107,765
brc202d.map,20,870,PIBT,1,441528,359229,1107,1107,1297
brc202d.map,20,880,PIBT,0,447190,363951,2000,1107,1028
brc202d.map,20,890,PIBT,1,455447,367518,1107,1107,668
brc202d.map,20,900,PIBT,1,458957,370097,1107,1107,1555
brc202d.map,20,910,PIBT,1,467668,374909,1107,1107,1058
brc202d.map,20,920,PIBT,0,465420,379017,2000,1107,1527
brc202d.map,2,930,PushAndSwap --no-compress,-1,-1,-1,-1,-1,-1
brc202d.map,2,940,PushAndSwap --no-compress,-1,-1,-1,-1,-1,-1
brc202d.map,2,950,PushAndSwap --no-compress,-1,-1,-1,-1,-1,-1
brc202d.map,2,960,PushAndSwap --no-compress,-1,-1,-1,-1,-1,-1
brc202d.map,20,10,HCA,1,3899,3895,786,786,1236
brc202d.map,20,20,HCA,1,9639,9631,928,928,195
brc202d.map,20,30,HCA,1,14567,14551,1068,1068,557
brc202d.map,20,40,HCA,1,18428,18404,1068,1068,592
brc202d.map,20,930,PIBT,1,477311,383158,1107,1107,1155
brc202d.map,20,940,PIBT,1,480789,388657,1107,1107,1589
brc202d.map,20,950,PIBT,1,488318,393079,1107,1107,1019
brc202d.map,20,960,PIBT,1,496084,397760,1107,1107,808
brc202d.map,20,50,HCA,1,22889,22853,1068,1068,471
brc202d.map,20,60,HCA,1,25765,25726,1068,1068,678
brc202d.map,20,70,HCA,1,28688,28647,1068,1068,866
brc202d.map,20,80,HCA,1,31900,31854,1068,1068,1957
brc202d.map,2,970,PushAndSwap --no-compress,-1,-1,-1,-1,-1,-1
brc202d.map,2,980,PushAndSwap --no-compress,-1,-1,-1,-1,-1,-1
brc202d.map,2,990,PushAndSwap --no-compress,-1,-1,-1,-1,-1,-1
brc202d.map,2,1000,PushAndSwap --no-compress,-1,-1,-1,-1,-1,-1
brc202d.map,20,970,PIBT,1,501252,401881,1107,1107,1119
brc202d.map,20,980,PIBT,1,508924,405666,1107,1107,870
brc202d.map,20,990,PIBT,1,513643,409026,1107,1107,1023
brc202d.map,20,1000,PIBT,1,522087,413733,1107,1107,1571
brc202d.map,20,90,HCA,1,35528,35479,1068,1068,1071
brc202d.map,20,100,HCA,1,40726,40678,1068,1068,1959
brc202d.map,20,110,HCA,1,47121,46959,1068,1068,1646
brc202d.map,20,120,HCA,1,52429,52230,1092,1092,847
brc202d.map,20,130,HCA,1,55800,55589,1092,1092,2264
brc202d.map,20,140,HCA,1,60086,59875,1092,1092,1737
brc202d.map,20,150,HCA,1,64266,64050,1092,1092,974
brc202d.map,20,160,HCA,1,67067,66846,1092,1092,910
brc202d.map,2,610,PushAndSwap --no-compress,0,118762631,265301,268757,1054,3732
brc202d.map,2,620,PushAndSwap --no-compress,0,122204058,268742,272232,1054,6783
brc202d.map,2,630,PushAndSwap --no-compress,0,126873116,273899,277531,1063,12077
brc202d.map,2,640,PushAndSwap --no-compress,0,130668284,277422,281100,1063,7391
brc202d.map,20,170,HCA,1,72871,72627,1092,1092,1787
brc202d.map,20,180,HCA,1,76507,76254,1092,1092,1185
brc202d.map,20,190,HCA,1,80102,79556,1092,1092,1506
brc202d.map,20,200,HCA,1,83319,82768,1092,1092,1709
brc202d.map,20,210,HCA,1,87253,86682,1092,1092,1394
brc202d.map,20,220,HCA,1,90251,89620,1092,1092,1686
brc202d.map,20,230,HCA,1,96690,95196,1092,1092,2520
brc202d.map,20,240,HCA,1,101135,99620,1092,1092,2572
brc202d.map,20,250,HCA,1,104684,103160,1092,1092,1990
brc202d.map,20,260,HCA,1,107592,106065,1092,1092,2564
brc202d.map,20,270,HCA,1,110959,109415,1092,1092,3531
brc202d.map,20,280,HCA,1,114603,113036,1092,1092,3745
brc202d.map,20,290,HCA,1,118863,117280,1092,1092,2154
brc202d.map,20,300,HCA,1,122381,120535,1092,1092,4426
brc202d.map,20,310,HCA,1,127819,125634,1092,1092,11114
brc202d.map,20,320,HCA,1,132538,130587,1092,1092,4802
brc202d.map,20,330,HCA,1,137687,135178,1092,1092,4916
brc202d.map,20,340,HCA,1,141276,138757,1092,1092,8998
brc202d.map,20,350,HCA,1,144920,142383,1092,1092,4111
brc202d.map,20,360,HCA,1,149100,145941,1092,1092,4422
brc202d.map,20,370,HCA,1,155184,151620,1092,1092,4628
brc202d.map,20,380,HCA,1,158213,154634,1092,1092,10960
brc202d.map,20,390,HCA,1,161319,158024,1092,1092,4491
brc202d.map,20,400,HCA,1,167417,163745,1092,1092,6254
brc202d.map,20,410,HCA,1,171010,167420,1092,1092,7121
brc202d.map,20,420,HCA,1,175066,171246,1092,1092,6335
brc202d.map,20,430,HCA,1,180275,176150,1092,1092,7933
brc202d.map,20,440,HCA,1,184679,180275,1092,1092,5338
brc202d.map,2,530,PushAndSwap,0,37318,229782,2001,1054,7665
brc202d.map,2,540,PushAndSwap,0,37395,233694,2001,1054,14695
brc202d.map,2,550,PushAndSwap,0,37645,238566,2001,1054,222831
brc202d.map,2,560,PushAndSwap,0,37656,242792,2001,1054,6542
brc202d.map,2,650,PushAndSwap --no-compress,0,135269912,282520,286336,1063,4618
brc202d.map,2,660,PushAndSwap --no-compress,0,139226287,286390,290246,1063,6031
brc202d.map,2,670,PushAndSwap --no-compress,0,143608949,290182,294250,1063,8955
brc202d.map,2,680,PushAndSwap --no-compress,0,147844894,294461,298605,1063,6535
brc202d.map,20,450,HCA,1,189047,184769,1092,1092,15963
brc202d.map,20,460,HCA,1,192253,188107,1092,1092,13860
brc202d.map,20,470,HCA,1,196895,192586,1092,1092,7793
brc202d.map,20,480,HCA,1,202695,198568,1092,1092,12418
brc202d.map,2,890,PushAndSwap --no-compress,-1,-1,-1,-1,-1,-1
brc202d.map,2,900,PushAndSwap --no-compress,-1,-1,-1,-1,-1,-1
brc202d.map,2,910,PushAndSwap --no-compress,-1,-1,-1,-1,-1,-1
brc202d.map,2,920,PushAndSwap --no-compress,-1,-1,-1,-1,-1,-1
brc202d.map,20,490,HCA,1,207776,203408,1092,1092,11613
brc202d.map,20,500,HCA,1,212735,208248,1092,1092,12829
brc202d.map,20,510,HCA,1,218054,213189,1092,1092,20961
brc202d.map,20,520,HCA,1,222805,217492,1092,1092,9621
brc202d.map,20,530,HCA,1,228535,222019,1107,1107,6480
brc202d.map,20,540,HCA,1,232880,226095,1107,1107,12376
brc202d.map,20,550,HCA,0,0,229767,-1,1107,30020
brc202d.map,20,560,HCA,1,240842,233619,1107,1107,18598
brc202d.map,2,850,PushAndSwap --no-compress,-1,-1,-1,-1,-1,-1
brc202d.map,2,860,PushAndSwap --no-compress,-1,-1,-1,-1,-1,-1
brc202d.map,2,870,PushAndSwap --no-compress,0,245844358,374374,381346,1063,15266
brc202d.map,2,880,PushAndSwap --no-compress,-1,-1,-1,-1,-1,-1
brc202d.map,2,690,PushAndSwap,0,41285,297584,2001,1063,244063
brc202d.map,2,700,PushAndSwap,0,45829,301002,2001,1063,14414
brc202d.map,2,710,PushAndSwap,0,46042,306388,2001,1063,26959
brc202d.map,2,720,PushAndSwap,0,49104,311425,2001,1063,27771
brc202d.map,20,610,HCA,0,0,250234,-1,1107,34352
brc202d.map,20,620,HCA,0,0,252937,-1,1107,41874
brc202d.map,20,630,HCA,1,265971,256952,1107,1107,11119
brc202d.map,20,640,HCA,1,268988,261076,1107,1107,14819
brc202d.map,20,10,PIBT_PLUS,1,3905,3895,786,786,25
brc202d.map,20,20,PIBT_PLUS,1,9664,9631,928,928,42
brc202d.map,20,30,PIBT_PLUS,1,15120,14551,1068,1068,77
brc202d.map,20,40,PIBT_PLUS,1,19635,18404,1068,1068,79
brc202d.map,20,50,PIBT_PLUS,1,23936,22853,1068,1068,105
brc202d.map,20,60,PIBT_PLUS,1,27015,25726,1068,1068,102
brc202d.map,20,70,PIBT_PLUS,1,30188,28647,1068,1068,106
brc202d.map,20,80,PIBT_PLUS,1,35220,31854,1068,1068,160
brc202d.map,18,770,PushAndSwap,0,26864,323721,2001,1121,655708
brc202d.map,18,780,PushAndSwap,0,26907,327332,2001,1121,49525
brc202d.map,18,790,PushAndSwap,0,27180,331739,2001,1121,325060
brc202d.map,18,800,PushAndSwap,0,27061,336281,2001,1121,25163
brc202d.map,20,90,PIBT_PLUS,1,38669,35479,1068,1068,101
brc202d.map,20,100,PIBT_PLUS,1,44160,40678,1068,1068,120
brc202d.map,20,110,PIBT_PLUS,1,51536,46959,1068,1068,127
brc202d.map,20,120,PIBT_PLUS,1,57185,52230,1092,1092,159
brc202d.map,20,130,PIBT_PLUS,1,61511,55589,1092,1092,152
brc202d.map,20,140,PIBT_PLUS,1,65944,59875,1092,1092,282
brc202d.map,20,150,PIBT_PLUS,1,70520,64050,1092,1092,328
brc202d.map,20,160,PIBT_PLUS,1,74346,66846,1092,1092,433
brc202d.map,20,570,HCA,1,243993,236919,1107,1107,20555
brc202d.map,20,580,HCA,1,248375,240668,1107,1107,21733
brc202d.map,20,590,HCA,0,0,243035,-1,1107,41029
brc202d.map,20,600,HCA,0,0,246537,-1,1107,30006
brc202d.map,20,170,PIBT_PLUS,1,80517,72627,1092,1092,280
brc202d.map,20,180,PIBT_PLUS,1,85509,76254,1092,1092,303
brc202d.map,20,190,PIBT_PLUS,1,88540,79556,1092,1092,338
brc202d.map,20,200,PIBT_PLUS,1,93726,82768,1092,1092,257
brc202d.map,20,690,HCA,1,292902,280925,1107,1107,20977
brc202d.map,20,700,HCA,1,297693,286282,1107,1107,19440
brc202d.map,20,710,HCA,0,0,291010,-1,1107,31870
brc202d.map,20,720,HCA,1,307674,294934,1107,1107,18979
brc202d.map,20,730,HCA,1,313318,299170,1107,1107,28050
brc202d.map,20,740,HCA,1,318347,304769,1107,1107,17677
brc202d.map,20,750,HCA,1,321345,307770,1107,1107,21114
brc202d.map,20,760,HCA,1,325436,311558,1107,1107,22633
brc202d.map,20,210,PIBT_PLUS,1,98013,86682,1092,1092,316
brc202d.map,20,220,PIBT_PLUS,1,101568,89620,1092,1092,411
brc202d.map,20,230,PIBT_PLUS,1,107891,95196,1092,1092,546
brc202d.map,20,240,PIBT_PLUS,1,113529,99620,1092,1092,466
brc202d.map,20,250,PIBT_PLUS,1,117731,103160,1092,1092,648
brc202d.map,20,260,PIBT_PLUS,1,122756,106065,1092,1092,322
brc202d.map,20,270,PIBT_PLUS,1,126169,109415,1092,1092,361
brc202d.map,20,280,PIBT_PLUS,1,129461,113036,1092,1092,782
brc202d.map,20,290,PIBT_PLUS,1,136637,117280,1092,1092,498
brc202d.map,20,300,PIBT_PLUS,1,138604,120535,1092,1092,422
brc202d.map,20,310,PIBT_PLUS,1,144529,125634,1092,1092,494
brc202d.map,20,320,PIBT_PLUS,1,151679,130587,1092,1092,774
brc202d.map,19,770,PushAndSwap --no-compress,0,187412054,323055,326841,1024,6714
brc202d.map,19,780,PushAndSwap --no-compress,0,192188785,327141,331011,1024,5002
brc202d.map,19,790,PushAndSwap --no-compress,0,197763391,331477,335429,1024,7708
brc202d.map,19,800,PushAndSwap --no-compress,0,203468388,336953,340915,1024,8736
brc202d.map,20,330,PIBT_PLUS,1,157166,135178,1092,1092,482
brc202d.map,20,340,PIBT_PLUS,1,161376,138757,1092,1092,678
brc202d.map,20,350,PIBT_PLUS,1,166181,142383,1092,1092,935
brc202d.map,20,360,PIBT_PLUS,1,170783,145941,1092,1092,413
brc202d.map,20,370,PIBT_PLUS,1,178588,151620,1092,1092,655
brc202d.map,20,380,PIBT_PLUS,1,185157,154634,1092,1092,863
brc202d.map,20,390,PIBT_PLUS,1,188093,158024,1092,1092,428
brc202d.map,20,400,PIBT_PLUS,1,195330,163745,1092,1092,733
brc202d.map,20,410,PIBT_PLUS,1,198442,167420,1092,1092,603
brc202d.map,20,420,PIBT_PLUS,1,203685,171246,1092,1092,870
brc202d.map,20,430,PIBT_PLUS,1,209193,176150,1092,1092,527
brc202d.map,20,440,PIBT_PLUS,1,213862,180275,1092,1092,512
brc202d.map,20,450,PIBT_PLUS,1,219591,184769,1092,1092,502
brc202d.map,20,460,PIBT_PLUS,1,225366,188107,1092,1092,590
brc202d.map,20,470,PIBT_PLUS,1,229568,192586,1092,1092,1029
brc202d.map,20,480,PIBT_PLUS,1,236695,198568,1092,1092,756
brc202d.map,20,490,PIBT_PLUS,1,242699,203408,1092,1092,593
brc202d.map,20,500,PIBT_PLUS,1,248035,208248,1092,1092,612
brc202d.map,20,510,PIBT_PLUS,1,253515,213189,1092,1092,875
brc202d.map,20,520,PIBT_PLUS,1,258681,217492,1092,1092,850
brc202d.map,20,530,PIBT_PLUS,1,263326,222019,1107,1107,882
brc202d.map,20,540,PIBT_PLUS,1,268381,226095,1107,1107,969
brc202d.map,20,550,PIBT_PLUS,1,274156,229767,1107,1107,874
brc202d.map,20,560,PIBT_PLUS,1,277762,233619,1107,1107,1967
brc202d.map,20,570,PIBT_PLUS,1,284160,236919,1107,1107,688
brc202d.map,20,580,PIBT_PLUS,1,287815,240668,1107,1107,1201
brc202d.map,20,590,PIBT_PLUS,1,290572,243035,1107,1107,1012
brc202d.map,20,600,PIBT_PLUS,1,293682,246537,1107,1107,2141
brc202d.map,20,610,PIBT_PLUS,1,298196,250234,1107,1107,1137
brc202d.map,20,620,PIBT_PLUS,1,301699,252937,1107,1107,1136
brc202d.map,20,630,PIBT_PLUS,1,310168,256952,1107,1107,2264
brc202d.map,20,640,PIBT_PLUS,1,314318,261076,1107,1107,1930
brc202d.map,20,650,PIBT_PLUS,1,318806,264130,1107,1107,1113
brc202d.map,20,660,PIBT_PLUS,1,325412,269945,1107,1107,1416
brc202d.map,20,670,PIBT_PLUS,1,328794,273793,1107,1107,1344
brc202d.map,20,680,PIBT_PLUS,1,332815,276886,1107,1107,1039
brc202d.map,20,650,HCA,1,273235,264130,1107,1107,13798
brc202d.map,20,660,HCA,0,0,269945,-1,1107,36379
brc202d.map,20,670,HCA,0,0,273793,-1,1107,32958
brc202d.map,20,680,HCA,0,0,276886,-1,1107,36768
brc202d.map,20,770,HCA,0,0,314983,-1,1107,30026
brc202d.map,20,780,HCA,1,333829,319396,1107,1107,21714
brc202d.map,20,790,HCA,1,337385,323502,1107,1107,21281
brc202d.map,20,800,HCA,1,342918,327783,1107,1107,18098
brc202d.map,20,690,PIBT_PLUS,1,337335,280925,1107,1107,3765
brc202d.map,20,700,PIBT_PLUS,1,345144,286282,1107,1107,1849
brc202d.map,20,710,PIBT_PLUS,1,351052,291010,1107,1107,1677
brc202d.map,20,720,PIBT_PLUS,1,356195,294934,1107,1107,1261
brc202d.map,20,730,PIBT_PLUS,1,366443,299170,1117,1107,3429
brc202d.map,20,740,PIBT_PLUS,1,370665,304769,1107,1107,926
brc202d.map,20,750,PIBT_PLUS,1,372493,307770,1107,1107,1259
brc202d.map,20,760,PIBT_PLUS,1,378354,311558,1107,1107,1521
brc202d.map,20,10,PushAndSwap,1,6674,3895,1008,786,450
brc202d.map,20,20,PushAndSwap,0,32079,9631,2001,928,124
brc202d.map,20,30,PushAndSwap,0,36681,14551,2001,1068,377
brc202d.map,20,40,PushAndSwap,0,23989,18404,2001,1068,165
brc202d.map,20,770,PIBT_PLUS,1,383012,314983,1107,1107,1756
brc202d.map,20,780,PIBT_PLUS,1,387344,319396,1107,1107,1281
brc202d.map,20,790,PIBT_PLUS,1,393358,323502,1107,1107,1078
brc202d.map,20,800,PIBT_PLUS,1,398496,327783,1107,1107,1028
brc202d.map,20,50,PushAndSwap,0,22379,22853,2001,1068,164
brc202d.map,20,60,PushAndSwap,0,21566,25726,2001,1068,174
brc202d.map,20,70,PushAndSwap,0,21866,28647,2001,1068,215
brc202d.map,20,80,PushAndSwap,0,21023,31854,2001,1068,202
brc202d.map,20,90,PushAndSwap,0,23928,35479,2001,1068,240
brc202d.map,20,100,PushAndSwap,0,33083,40678,2001,1068,307
brc202d.map,20,110,PushAndSwap,0,48027,46959,2001,1068,453
brc202d.map,20,120,PushAndSwap,0,33059,52230,2001,1092,1028
brc202d.map,20,810,PIBT_PLUS,1,402552,331793,1107,1107,2091
brc202d.map,20,820,PIBT_PLUS,1,411387,335294,1107,1107,1900
brc202d.map,20,830,PIBT_PLUS,1,419404,339714,1117,1107,2365
brc202d.map,20,840,PIBT_PLUS,1,419916,344603,1107,1107,2313
brc202d.map,20,130,PushAndSwap,0,36177,55589,2001,1092,662
brc202d.map,20,140,PushAndSwap,0,39029,59875,2001,1092,904
brc202d.map,20,150,PushAndSwap,0,30257,64050,2001,1092,616
brc202d.map,20,160,PushAndSwap,0,30388,66846,2001,1092,503
brc202d.map,20,810,HCA,1,346412,331793,1107,1107,22982
brc202d.map,20,820,HCA,0,0,335294,-1,1107,30005
brc202d.map,20,830,HCA,1,356236,339714,1107,1107,21485
brc202d.map,20,840,HCA,1,360768,344603,1107,1107,21310
brc202d.map,20,170,PushAndSwap,0,29746,72627,2001,1092,1293
brc202d.map,20,180,PushAndSwap,0,30889,76254,2001,1092,813
brc202d.map,20,190,PushAndSwap,0,30893,79556,2001,1092,622
brc202d.map,20,200,PushAndSwap,0,34278,82768,2001,1092,910
brc202d.map,2,730,PushAndSwap --no-compress,0,171494323,315247,320137,1063,7739
brc202d.map,2,740,PushAndSwap --no-compress,0,176406533,319312,324280,1063,9912
brc202d.map,2,750,PushAndSwap --no-compress,0,180329619,321660,326724,1063,5648
brc202d.map,2,760,PushAndSwap --no-compress,0,185055743,325921,331119,1063,6717
brc202d.map,20,930,PIBT_PLUS,1,477311,383158,1107,1107,1640
brc202d.map,20,940,PIBT_PLUS,1,480789,388657,1107,1107,1174
brc202d.map,20,950,PIBT_PLUS,1,488318,393079,1107,1107,1155
brc202d.map,20,960,PIBT_PLUS,1,496084,397760,1107,1107,2275
brc202d.map,20,850,PIBT_PLUS,1,427338,348638,1107,1107,2168
brc202d.map,20,860,PIBT_PLUS,1,434300,353862,1107,1107,2006
brc202d.map,20,870,PIBT_PLUS,1,441528,359229,1107,1107,2829
brc202d.map,20,880,PIBT_PLUS,1,448651,363951,1117,1107,3253
brc202d.map,20,890,PIBT_PLUS,1,455447,367518,1107,1107,1798
brc202d.map,20,900,PIBT_PLUS,1,458957,370097,1107,1107,1911
brc202d.map,20,910,PIBT_PLUS,1,467668,374909,1107,1107,2294
brc202d.map,20,920,PIBT_PLUS,1,466877,379017,1117,1107,3362
brc202d.map,20,210,PushAndSwap,0,33938,86682,2001,1092,886
brc202d.map,20,220,PushAndSwap,0,35776,89620,2001,1092,900
brc202d.map,20,230,PushAndSwap,0,32104,95196,2001,1092,1416
brc202d.map,20,240,PushAndSwap,0,32078,99620,2001,1092,1066
brc202d.map,20,970,PIBT_PLUS,1,501252,401881,1107,1107,1705
brc202d.map,20,980,PIBT_PLUS,1,508924,405666,1107,1107,2038
brc202d.map,20,990,PIBT_PLUS,1,513643,409026,1107,1107,1384
brc202d.map,20,1000,PIBT_PLUS,1,522087,413733,1107,1107,1255
brc202d.map,20,250,PushAndSwap,0,32417,103160,2001,1092,1189
brc202d.map,20,260,PushAndSwap,0,32419,106065,2001,1092,1635
brc202d.map,20,270,PushAndSwap,0,33659,109415,2001,1092,1197
brc202d.map,20,280,PushAndSwap,0,35290,113036,2001,1092,1261
brc202d.map,20,290,PushAndSwap,0,35443,117280,2001,1092,1668
brc202d.map,20,300,PushAndSwap,0,37580,120535,2001,1092,1667
brc202d.map,20,310,PushAndSwap,0,48345,125634,2001,1092,1540
brc202d.map,20,320,PushAndSwap,0,49786,130587,2001,1092,2242
brc202d.map,20,850,HCA,0,0,348638,-1,1107,30009
brc202d.map,20,860,HCA,1,369926,353862,1107,1107,25669
brc202d.map,20,870,HCA,1,375600,359229,1107,1107,20624
brc202d.map,20,880,HCA,1,381628,363951,1107,1107,25505
brc202d.map,20,330,PushAndSwap,0,50799,135178,2001,1092,2272
brc202d.map,20,340,PushAndSwap,0,52154,138757,2001,1092,1879
brc202d.map,20,350,PushAndSwap,0,52221,142383,2001,1092,2716
brc202d.map,20,360,PushAndSwap,0,54711,145941,2001,1092,2771
brc202d.map,20,370,PushAndSwap,0,57579,151620,2001,1092,2915
brc202d.map,20,380,PushAndSwap,0,61060,154634,2001,1092,3101
brc202d.map,20,390,PushAndSwap,0,61072,158024,2001,1092,2495
brc202d.map,20,400,PushAndSwap,0,57492,163745,2001,1092,3598
brc202d.map,20,410,PushAndSwap,0,60130,167420,2001,1092,2387
brc202d.map,20,420,PushAndSwap,0,53212,171246,2001,1092,4760
brc202d.map,20,430,PushAndSwap,0,25052,176150,2001,1092,8685
brc202d.map,20,440,PushAndSwap,0,25268,180275,2001,1092,3811
brc202d.map,20,530,PushAndSwap,0,36076,222019,2001,1107,6586
brc202d.map,20,540,PushAndSwap,0,36739,226095,2001,1107,22331
brc202d.map,20,550,PushAndSwap,0,36947,229767,2001,1107,4750
brc202d.map,20,560,PushAndSwap,0,38194,233619,2001,1107,4144
brc202d.map,20,890,HCA,1,384570,367518,1107,1107,23515
brc202d.map,20,900,HCA,0,0,370097,-1,1107,30005
brc202d.map,20,910,HCA,1,394413,374909,1107,1107,26495
brc202d.map,20,920,HCA,0,0,379017,-1,1107,30007
brc202d.map,20,930,HCA,0,0,383158,-1,1107,30002
brc202d.map,20,940,HCA,1,408981,388657,1107,1107,25165
brc202d.map,20,950,HCA,0,0,393079,-1,1107,30030
brc202d.map,20,960,HCA,1,420342,397760,1107,1107,27991
brc202d.map,20,970,HCA,1,423539,401881,1107,1107,24243
brc202d.map,20,980,HCA,0,0,405666,-1,1107,30007
brc202d.map,20,990,HCA,0,0,409026,-1,1107,30005
brc202d.map,20,1000,HCA,0,0,413733,-1,1107,30004
brc202d.map,20,10,PushAndSwap --no-compress,0,28538,3895,3895,786,12
brc202d.map,20,20,PushAndSwap --no-compress,0,132402,9631,9631,928,30
brc202d.map,20,30,PushAndSwap --no-compress,0,298557,14551,14553,1068,61
brc202d.map,20,40,PushAndSwap --no-compress,0,505015,18404,18406,1068,69
brc202d.map,20,50,PushAndSwap --no-compress,0,818790,22853,22873,1068,116
brc202d.map,20,60,PushAndSwap --no-compress,0,1105218,25726,25746,1068,100
brc202d.map,20,70,PushAndSwap --no-compress,0,1456089,28647,28667,1068,292
brc202d.map,20,80,PushAndSwap --no-compress,0,1859188,31854,31874,1068,213
brc202d.map,20,90,PushAndSwap --no-compress,0,2348685,35479,35791,1068,279
brc202d.map,20,100,PushAndSwap --no-compress,0,2982989,40678,40996,1068,277
brc202d.map,20,110,PushAndSwap --no-compress,0,3790403,46959,47315,1068,438
brc202d.map,20,120,PushAndSwap --no-compress,0,4607993,52230,52600,1092,134
brc202d.map,20,130,PushAndSwap --no-compress,0,5310838,55589,56041,1092,148
brc202d.map,20,140,PushAndSwap --no-compress,0,6118117,59875,60253,1092,313
brc202d.map,20,150,PushAndSwap --no-compress,0,6987172,64050,64434,1092,378
brc202d.map,20,160,PushAndSwap --no-compress,0,7836093,66846,67254,1092,564
brc202d.map,20,170,PushAndSwap --no-compress,0,8961814,72627,73047,1092,277
brc202d.map,20,180,PushAndSwap --no-compress,0,9750625,76254,76514,1092,195
brc202d.map,20,190,PushAndSwap --no-compress,0,10720805,79556,79834,1092,214
brc202d.map,20,200,PushAndSwap --no-compress,0,11717763,82768,83070,1092,411
brc202d.map,20,210,PushAndSwap --no-compress,0,12906679,86682,87014,1092,295
brc202d.map,20,220,PushAndSwap --no-compress,0,14068588,89620,90000,1092,926
brc202d.map,20,230,PushAndSwap --no-compress,0,15695965,95196,95648,1092,907
brc202d.map,20,240,PushAndSwap --no-compress,0,17191738,99620,100100,1092,351
brc202d.map,19,810,PushAndSwap --no-compress,0,209267296,342222,346326,1024,8049
brc202d.map,19,820,PushAndSwap --no-compress,0,214516450,345940,350276,1072,7735
brc202d.map,19,830,PushAndSwap --no-compress,0,221179029,352570,356946,1072,12003
brc202d.map,19,840,PushAndSwap --no-compress,0,226341413,356558,360946,1072,6128
brc202d.map,20,250,PushAndSwap --no-compress,0,18602792,103160,103662,1092,581
brc202d.map,20,260,PushAndSwap --no-compress,0,19949450,106065,106591,1092,597
brc202d.map,20,270,PushAndSwap --no-compress,0,21414422,109415,109963,1092,677
brc202d.map,20,280,PushAndSwap --no-compress,0,23026328,113036,113740,1092,772
brc202d.map,20,930,PushAndSwap,-1,-1,-1,-1,-1,-1
brc202d.map,20,940,PushAndSwap,-1,-1,-1,-1,-1,-1
brc202d.map,20,950,PushAndSwap,-1,-1,-1,-1,-1,-1
brc202d.map,20,960,PushAndSwap,-1,-1,-1,-1,-1,-1
brc202d.map,20,290,PushAndSwap --no-compress,0,24771116,117280,117996,1092,431
brc202d.map,20,300,PushAndSwap --no-compress,0,26333722,120535,121283,1092,2275
brc202d.map,20,310,PushAndSwap --no-compress,0,28509180,125634,126448,1092,1022
brc202d.map,20,320,PushAndSwap --no-compress,0,30497521,130587,131413,1092,543
brc202d.map,20,330,PushAndSwap --no-compress,0,32638878,135178,136052,1092,602
brc202d.map,20,340,PushAndSwap --no-compress,0,34563758,138757,139643,1092,2670
brc202d.map,20,350,PushAndSwap --no-compress,0,36475195,142383,143331,1092,806
brc202d.map,20,360,PushAndSwap --no-compress,0,38440951,145941,146913,1092,1013
brc202d.map,20,370,PushAndSwap --no-compress,0,41266433,151620,152628,1092,828
brc202d.map,20,380,PushAndSwap --no-compress,0,43386686,154634,155666,1092,1243
brc202d.map,20,390,PushAndSwap --no-compress,0,45637871,158024,159086,1092,1749
brc202d.map,20,400,PushAndSwap --no-compress,0,48570186,163745,164953,1092,2344
brc202d.map,20,610,PushAndSwap,0,40655,250234,2001,1107,16820
brc202d.map,20,620,PushAndSwap,0,40731,252937,2001,1107,18305
brc202d.map,20,630,PushAndSwap,0,40582,256952,2001,1107,57704
brc202d.map,20,640,PushAndSwap,0,40648,261076,2001,1107,7158
brc202d.map,20,410,PushAndSwap --no-compress,0,50790972,167420,168640,1092,1491
brc202d.map,20,420,PushAndSwap --no-compress,0,53224528,171246,172490,1092,1886
brc202d.map,20,430,PushAndSwap --no-compress,0,56242292,176150,177492,1092,3031
brc202d.map,20,440,PushAndSwap --no-compress,0,59116118,180275,181693,1092,1748
brc202d.map,2,690,PushAndSwap --no-compress,0,152421881,297584,301814,1063,6451
brc202d.map,2,700,PushAndSwap --no-compress,0,156408146,301002,305344,1063,10882
brc202d.map,2,710,PushAndSwap --no-compress,0,161331167,306388,310812,1063,7440
brc202d.map,2,720,PushAndSwap --no-compress,0,166451461,311425,315933,1063,6322
brc202d.map,20,450,PushAndSwap --no-compress,0,62028888,184769,186281,1092,2055
brc202d.map,20,460,PushAndSwap --no-compress,0,64521592,188107,189643,1092,1861
brc202d.map,20,470,PushAndSwap --no-compress,0,67369611,192586,194166,1092,2507
brc202d.map,20,480,PushAndSwap --no-compress,0,71033497,198568,200192,1092,1912
brc202d.map,20,490,PushAndSwap --no-compress,0,74203965,203408,205128,1092,2067
brc202d.map,20,500,PushAndSwap --no-compress,0,77515607,208248,210094,1092,1900
brc202d.map,20,510,PushAndSwap --no-compress,0,80978425,213189,215165,1092,3176
brc202d.map,20,520,PushAndSwap --no-compress,0,84199501,217492,219544,1092,1798
brc202d.map,20,530,PushAndSwap --no-compress,0,87835192,222019,224161,1107,2246
brc202d.map,20,540,PushAndSwap --no-compress,0,91325440,226095,228365,1107,3115
brc202d.map,20,550,PushAndSwap --no-compress,0,94940372,229767,232103,1107,1805
brc202d.map,20,560,PushAndSwap --no-compress,0,98271353,233619,235977,1107,2888
brc202d.map,20,570,PushAndSwap --no-compress,0,101416176,236919,239329,1107,2415
brc202d.map,20,580,PushAndSwap --no-compress,0,104819818,240668,243234,1107,3470
brc202d.map,20,590,PushAndSwap --no-compress,0,107990529,243035,245959,1107,3341
brc202d.map,20,600,PushAndSwap --no-compress,0,111441240,246537,249255,1107,3206
brc202d.map,20,970,PushAndSwap,-1,-1,-1,-1,-1,-1
brc202d.map,20,980,PushAndSwap,-1,-1,-1,-1,-1,-1
brc202d.map,20,990,PushAndSwap,-1,-1,-1,-1,-1,-1
brc202d.map,20,1000,PushAndSwap,-1,-1,-1,-1,-1,-1
brc202d.map,20,610,PushAndSwap --no-compress,0,115210596,250234,253236,1107,3466
brc202d.map,20,620,PushAndSwap --no-compress,0,118577285,252937,256033,1107,2565
brc202d.map,20,630,PushAndSwap --no-compress,0,122239108,256952,260130,1107,4110
brc202d.map,20,640,PushAndSwap --no-compress,0,126286506,261076,264394,1107,4687
brc202d.map,20,890,PushAndSwap,-1,-1,-1,-1,-1,-1
brc202d.map,20,900,PushAndSwap,-1,-1,-1,-1,-1,-1
brc202d.map,20,910,PushAndSwap,-1,-1,-1,-1,-1,-1
brc202d.map,20,920,PushAndSwap,-1,-1,-1,-1,-1,-1
brc202d.map,20,650,PushAndSwap --no-compress,0,129964813,264130,267516,1107,4189
brc202d.map,20,660,PushAndSwap --no-compress,0,134920677,269945,273463,1107,4233
brc202d.map,20,670,PushAndSwap --no-compress,0,139009681,273793,277417,1107,6034
brc202d.map,20,680,PushAndSwap --no-compress,0,142612024,276886,280622,1107,5298
brc202d.map,20,450,PushAndSwap,0,26727,184769,2001,1092,3656
brc202d.map,20,460,PushAndSwap,0,26956,188107,2001,1092,3682
brc202d.map,20,470,PushAndSwap,0,27837,192586,2001,1092,119798
brc202d.map,20,480,PushAndSwap,0,27874,198568,2001,1092,7159
brc202d.map,20,850,PushAndSwap,-1,-1,-1,-1,-1,-1
brc202d.map,20,860,PushAndSwap,-1,-1,-1,-1,-1,-1
brc202d.map,20,870,PushAndSwap,-1,-1,-1,-1,-1,-1
brc202d.map,20,880,PushAndSwap,-1,-1,-1,-1,-1,-1
brc202d.map,21,10,PIBT,1,4706,4701,873,873,12
brc202d.map,21,20,PIBT,1,7817,7799,873,873,21
brc202d.map,21,30,PIBT,1,13206,13163,955,955,40
brc202d.map,21,40,PIBT,1,17286,17084,955,955,46
brc202d.map,21,50,PIBT,1,20760,20536,955,955,54
brc202d.map,21,60,PIBT,1,25160,23985,955,955,81
brc202d.map,21,70,PIBT,1,28818,27637,1058,1058,118
brc202d.map,21,80,PIBT,1,32818,31521,1058,1058,122
brc202d.map,21,90,PIBT,1,37136,35917,1058,1058,64
brc202d.map,21,100,PIBT,1,43249,40949,1058,1058,70
brc202d.map,21,110,PIBT,1,48380,45707,1058,1058,96
brc202d.map,21,120,PIBT,1,52668,49841,1058,1058,127
brc202d.map,21,130,PIBT,1,57952,53262,1058,1058,137
brc202d.map,21,140,PIBT,1,60610,56743,1058,1058,200
brc202d.map,21,150,PIBT,1,66217,61631,1058,1058,260
brc202d.map,21,160,PIBT,1,71818,65244,1058,1058,118
brc202d.map,21,170,PIBT,1,76597,70482,1059,1059,156
brc202d.map,21,180,PIBT,1,82209,75712,1059,1059,279
brc202d.map,21,190,PIBT,1,88783,82022,1059,1059,267
brc202d.map,21,200,PIBT,1,93221,85388,1059,1059,158
brc202d.map,21,210,PIBT,1,97449,89080,1059,1059,302
brc202d.map,21,220,PIBT,1,102923,93308,1059,1059,306
brc202d.map,21,230,PIBT,1,106258,96681,1059,1059,255
brc202d.map,21,240,PIBT,1,112724,102034,1059,1059,186
brc202d.map,21,250,PIBT,1,117633,105975,1059,1059,256
brc202d.map,21,260,PIBT,1,121818,109175,1059,1059,366
brc202d.map,21,270,PIBT,1,123979,111821,1059,1059,200
brc202d.map,21,280,PIBT,1,128382,115268,1059,1059,376
brc202d.map,2,810,PushAndSwap --no-compress,0,210084544,345921,351917,1063,9091
brc202d.map,2,820,PushAndSwap --no-compress,0,216956561,353011,359079,1063,9221
brc202d.map,2,830,PushAndSwap --no-compress,-1,-1,-1,-1,-1,-1
brc202d.map,2,840,PushAndSwap --no-compress,-1,-1,-1,-1,-1,-1
brc202d.map,21,290,PIBT,1,131407,119378,1059,1059,259
brc202d.map,21,300,PIBT,1,139263,124752,1059,1059,390
brc202d.map,21,310,PIBT,1,143765,129565,1059,1059,582
brc202d.map,21,320,PIBT,1,150449,134375,1059,1059,343
brc202d.map,21,330,PIBT,1,155743,138208,1059,1059,461
brc202d.map,21,340,PIBT,1,161149,141902,1131,1131,650
brc202d.map,21,350,PIBT,1,165591,146351,1131,1131,268
brc202d.map,21,360,PIBT,1,169355,149167,1131,1131,395
brc202d.map,21,370,PIBT,1,177768,154885,1131,1131,367
brc202d.map,21,380,PIBT,1,180942,158748,1131,1131,510
brc202d.map,21,390,PIBT,1,188381,163565,1131,1131,1300
brc202d.map,21,400,PIBT,1,194564,167032,1131,1131,294
brc202d.map,21,410,PIBT,1,200020,171769,1131,1131,708
brc202d.map,21,420,PIBT,1,203319,175570,1131,1131,638
brc202d.map,21,430,PIBT,1,208893,179898,1131,1131,318
brc202d.map,21,440,PIBT,1,214571,183595,1131,1131,436
brc202d.map,21,450,PIBT,1,220328,188588,1131,1131,531
brc202d.map,21,460,PIBT,1,226005,192988,1131,1131,747
brc202d.map,21,470,PIBT,1,229929,196611,1131,1131,365
brc202d.map,21,480,PIBT,1,235549,201084,1131,1131,565
brc202d.map,21,490,PIBT,1,241679,204646,1131,1131,816
brc202d.map,21,500,PIBT,1,246671,208898,1131,1131,403
brc202d.map,21,510,PIBT,1,252895,213671,1131,1131,671
brc202d.map,21,520,PIBT,1,257678,218681,1131,1131,1123
brc202d.map,20,890,PushAndSwap --no-compress,-1,-1,-1,-1,-1,-1
brc202d.map,20,900,PushAndSwap --no-compress,-1,-1,-1,-1,-1,-1
brc202d.map,20,910,PushAndSwap --no-compress,-1,-1,-1,-1,-1,-1
brc202d.map,20,920,PushAndSwap --no-compress,-1,-1,-1,-1,-1,-1
brc202d.map,21,530,PIBT,1,262916,223488,1131,1131,859
brc202d.map,21,540,PIBT,1,267667,226454,1131,1131,847
brc202d.map,21,550,PIBT,1,269947,229694,1131,1131,440
brc202d.map,21,560,PIBT,1,276784,233455,1131,1131,648
brc202d.map,20,650,PushAndSwap,0,40793,264130,2001,1107,33813
brc202d.map,20,660,PushAndSwap,0,40840,269945,2001,1107,22172
brc202d.map,20,670,PushAndSwap,0,40908,273793,2001,1107,97086
brc202d.map,20,680,PushAndSwap,0,40892,276886,2001,1107,25585
brc202d.map,21,570,PIBT,1,281833,239045,1131,1131,448
brc202d.map,21,580,PIBT,1,285981,242316,1131,1131,720
brc202d.map,21,590,PIBT,1,288773,246020,1131,1131,935
brc202d.map,21,600,PIBT,1,296092,252202,1131,1131,643
brc202d.map,21,610,PIBT,1,302242,255566,1131,1131,574
brc202d.map,21,620,PIBT,1,306981,260572,1131,1131,969
brc202d.map,21,630,PIBT,1,312363,264672,1131,1131,1151
brc202d.map,21,640,PIBT,1,317674,268747,1131,1131,744
brc202d.map,21,650,PIBT,1,321903,272242,1131,1131,1192
brc202d.map,21,660,PIBT,1,325469,276025,1131,1131,802
brc202d.map,21,670,PIBT,1,333537,281580,1131,1131,662
brc202d.map,21,680,PIBT,1,337224,284560,1131,1131,789
brc202d.map,21,690,PIBT,1,343165,289164,1131,1131,664
brc202d.map,21,700,PIBT,1,350843,294856,1131,1131,792
brc202d.map,21,710,PIBT,1,354063,298474,1131,1131,1340
brc202d.map,21,720,PIBT,1,362264,302420,1131,1131,625
brc202d.map,21,730,PIBT,1,366639,305478,1131,1131,728
brc202d.map,21,740,PIBT,1,371256,309150,1131,1131,963
brc202d.map,21,750,PIBT,1,375929,313404,1131,1131,767
brc202d.map,21,760,PIBT,1,380602,316777,1131,1131,802
brc202d.map,21,770,PIBT,1,384756,321635,1131,1131,795
brc202d.map,21,780,PIBT,1,388379,325701,1131,1131,1319
brc202d.map,21,790,PIBT,1,394281,329321,1131,1131,1049
brc202d.map,21,800,PIBT,1,400563,332905,1131,1131,1375
brc202d.map,20,490,PushAndSwap,0,31683,203408,2001,1092,4558
brc202d.map,20,500,PushAndSwap,0,34720,208248,2001,1092,179358
brc202d.map,20,510,PushAndSwap,0,34766,213189,2001,1092,5338
brc202d.map,20,520,PushAndSwap,0,34915,217492,2001,1092,5790
brc202d.map,21,810,PIBT,1,402345,336774,1131,1131,1403
brc202d.map,21,820,PIBT,1,405348,340525,1131,1131,1468
brc202d.map,21,830,PIBT,1,412793,344955,1131,1131,1187
brc202d.map,21,840,PIBT,1,421912,348383,1131,1131,1826
brc202d.map,21,850,PIBT,1,425679,351102,1131,1131,1164
brc202d.map,21,860,PIBT,1,432498,355412,1131,1131,1326
brc202d.map,21,870,PIBT,1,437721,359890,1131,1131,681
brc202d.map,21,880,PIBT,1,441347,363603,1131,1131,833
brc202d.map,21,10,HCA,1,4701,4701,873,873,179
brc202d.map,21,20,HCA,1,7806,7799,873,873,680
brc202d.map,21,30,HCA,1,13176,13163,955,955,682
brc202d.map,21,40,HCA,1,17103,17084,955,955,675
brc202d.map,21,890,PIBT,1,447697,368062,1131,1131,1450
brc202d.map,21,900,PIBT,1,452815,371764,1131,1131,1837
brc202d.map,21,910,PIBT,1,460568,375999,1131,1131,924
brc202d.map,21,920,PIBT,1,464875,380924,1131,1131,727
brc202d.map,21,930,PIBT,1,470860,385149,1131,1131,1343
brc202d.map,21,940,PIBT,1,474423,388122,1131,1131,1965
brc202d.map,21,950,PIBT,1,481131,392979,1131,1131,959
brc202d.map,21,960,PIBT,1,485093,396874,1131,1131,735
brc202d.map,21,50,HCA,1,20557,20536,955,955,269
brc202d.map,21,60,HCA,1,24007,23985,955,955,293
brc202d.map,21,70,HCA,1,27676,27637,1058,1058,766
brc202d.map,21,80,HCA,1,31563,31521,1058,1058,1374
brc202d.map,21,970,PIBT,1,492233,401364,1131,1131,1901
brc202d.map,21,980,PIBT,1,497152,404788,1131,1131,1019
brc202d.map,21,990,PIBT,1,504082,409542,1131,1131,754
brc202d.map,21,1000,PIBT,1,511186,413878,1131,1131,1144
brc202d.map,21,90,HCA,1,35975,35917,1058,1058,387
brc202d.map,21,100,HCA,1,41020,40949,1058,1058,866
brc202d.map,21,110,HCA,1,45786,45707,1058,1058,1346
brc202d.map,21,120,HCA,1,49937,49841,1058,1058,1930
brc202d.map,21,130,HCA,1,53801,53262,1058,1058,697
brc202d.map,21,140,HCA,1,57292,56743,1058,1058,1304
brc202d.map,21,150,HCA,1,62324,61631,1058,1058,1743
brc202d.map,21,160,HCA,1,65954,65244,1058,1058,3113
brc202d.map,20,970,PushAndSwap --no-compress,-1,-1,-1,-1,-1,-1
brc202d.map,20,980,PushAndSwap --no-compress,-1,-1,-1,-1,-1,-1
brc202d.map,20,990,PushAndSwap --no-compress,-1,-1,-1,-1,-1,-1
brc202d.map,20,1000,PushAndSwap --no-compress,-1,-1,-1,-1,-1,-1
brc202d.map,21,170,HCA,1,71318,70482,1059,1059,1642
brc202d.map,21,180,HCA,1,76561,75712,1059,1059,2295
brc202d.map,21,190,HCA,1,82894,82022,1059,1059,3994
brc202d.map,21,200,HCA,1,86271,85388,1059,1059,1397
brc202d.map,21,210,HCA,1,89967,89080,1059,1059,3577
brc202d.map,21,220,HCA,1,94210,93308,1059,1059,2637
brc202d.map,21,230,HCA,1,97599,96681,1059,1059,2336
brc202d.map,21,240,HCA,1,103047,102034,1059,1059,2200
brc202d.map,21,250,HCA,1,107047,105975,1059,1059,3729
brc202d.map,21,260,HCA,1,110254,109175,1059,1059,2891
brc202d.map,21,270,HCA,1,113053,111821,1059,1059,2557
brc202d.map,21,280,HCA,1,116513,115268,1059,1059,7682
brc202d.map,21,290,HCA,1,120745,119378,1059,1059,3781
brc202d.map,21,300,HCA,1,126142,124752,1059,1059,3706
brc202d.map,21,310,HCA,1,130950,129565,1059,1059,8100
brc202d.map,21,320,HCA,1,135703,134375,1059,1059,2912
brc202d.map,21,330,HCA,1,139674,138208,1059,1059,4930
brc202d.map,21,340,HCA,1,144345,141902,1131,1131,9235
brc202d.map,21,350,HCA,1,148805,146351,1131,1131,3241
brc202d.map,21,360,HCA,1,152125,149167,1131,1131,8619
brc202d.map,20,930,PushAndSwap --no-compress,-1,-1,-1,-1,-1,-1
brc202d.map,20,940,PushAndSwap --no-compress,-1,-1,-1,-1,-1,-1
brc202d.map,20,950,PushAndSwap --no-compress,-1,-1,-1,-1,-1,-1
brc202d.map,20,960,PushAndSwap --no-compress,-1,-1,-1,-1,-1,-1
brc202d.map,21,410,HCA,1,176121,171769,1131,1131,6829
brc202d.map,21,420,HCA,1,179979,175570,1131,1131,5823
brc202d.map,21,430,HCA,1,184539,179898,1131,1131,20344
brc202d.map,21,440,HCA,1,188333,183595,1131,1131,14795
brc202d.map,21,490,HCA,1,209505,204646,1131,1131,8431
brc202d.map,21,500,HCA,1,213916,208898,1131,1131,10849
brc202d.map,21,510,HCA,1,218901,213671,1131,1131,10276
brc202d.map,21,520,HCA,1,223962,218681,1131,1131,7595
brc202d.map,21,450,HCA,1,193437,188588,1131,1131,10869
brc202d.map,21,460,HCA,1,197851,192988,1131,1131,7186
brc202d.map,21,470,HCA,1,201510,196611,1131,1131,9018
brc202d.map,21,480,HCA,1,205943,201084,1131,1131,18252
brc202d.map,21,370,HCA,1,158222,154885,1131,1131,4595
brc202d.map,21,380,HCA,1,162122,158748,1131,1131,9413
brc202d.map,21,390,HCA,1,167700,163565,1131,1131,19583
brc202d.map,21,400,HCA,1,171236,167032,1131,1131,25910
brc202d.map,21,530,HCA,1,228919,223488,1131,1131,16633
brc202d.map,21,540,HCA,1,231678,226454,1131,1131,9353
brc202d.map,21,550,HCA,1,235006,229694,1131,1131,7300
brc202d.map,21,560,HCA,1,239424,233455,1131,1131,12224
brc202d.map,20,570,PushAndSwap,0,38264,236919,2001,1107,10504
brc202d.map,20,580,PushAndSwap,0,38688,240668,2001,1107,42688
brc202d.map,20,590,PushAndSwap,0,38780,243035,2001,1107,206769
brc202d.map,20,600,PushAndSwap,0,40419,246537,2001,1107,21819
brc202d.map,21,570,HCA,1,245244,239045,1131,1131,8756
brc202d.map,21,580,HCA,0,0,242316,-1,1131,30250
brc202d.map,21,590,HCA,1,252265,246020,1131,1131,8006
brc202d.map,21,600,HCA,1,258486,252202,1131,1131,13925
brc202d.map,20,690,PushAndSwap --no-compress,0,147287468,280925,284853,1107,5350
brc202d.map,20,700,PushAndSwap --no-compress,0,152271986,286282,290524,1107,5632
brc202d.map,20,710,PushAndSwap --no-compress,0,157284462,291010,295370,1107,8758
brc202d.map,20,720,PushAndSwap --no-compress,0,161754668,294934,299456,1107,10065
brc202d.map,21,610,HCA,1,261734,255566,1131,1131,7464
brc202d.map,21,620,HCA,0,0,260572,-1,1131,30154
brc202d.map,21,630,HCA,1,271036,264672,1131,1131,11104
brc202d.map,21,640,HCA,1,275516,268747,1131,1131,8552
brc202d.map,20,730,PushAndSwap --no-compress,0,166300092,299170,303804,1107,6965
brc202d.map,20,740,PushAndSwap --no-compress,0,171664856,304769,309513,1107,8296
brc202d.map,20,750,PushAndSwap --no-compress,0,175841842,307770,312612,1107,7220
brc202d.map,20,760,PushAndSwap --no-compress,0,180193094,311558,316466,1107,5363
brc202d.map,21,10,PIBT_PLUS,1,4706,4701,873,873,12
brc202d.map,21,20,PIBT_PLUS,1,7817,7799,873,873,24
brc202d.map,21,30,PIBT_PLUS,1,13206,13163,955,955,33
brc202d.map,21,40,PIBT_PLUS,1,17286,17084,955,955,38
brc202d.map,21,50,PIBT_PLUS,1,20760,20536,955,955,83
brc202d.map,21,60,PIBT_PLUS,1,25160,23985,955,955,147
brc202d.map,21,70,PIBT_PLUS,1,28818,27637,1058,1058,104
brc202d.map,21,80,PIBT_PLUS,1,32818,31521,1058,1058,181
brc202d.map,21,90,PIBT_PLUS,1,37136,35917,1058,1058,217
brc202d.map,21,100,PIBT_PLUS,1,43249,40949,1058,1058,217
brc202d.map,21,110,PIBT_PLUS,1,48380,45707,1058,1058,451
brc202d.map,21,120,PIBT_PLUS,1,52668,49841,1058,1058,265
brc202d.map,21,130,PIBT_PLUS,1,57952,53262,1058,1058,332
brc202d.map,21,140,PIBT_PLUS,1,60610,56743,1058,1058,490
brc202d.map,21,150,PIBT_PLUS,1,66217,61631,1058,1058,388
brc202d.map,21,160,PIBT_PLUS,1,71818,65244,1058,1058,445
brc202d.map,21,170,PIBT_PLUS,1,76597,70482,1059,1059,309
brc202d.map,21,180,PIBT_PLUS,1,82209,75712,1059,1059,275
brc202d.map,21,190,PIBT_PLUS,1,88783,82022,1059,1059,239
brc202d.map,21,200,PIBT_PLUS,1,93221,85388,1059,1059,201
brc202d.map,21,210,PIBT_PLUS,1,97449,89080,1059,1059,250
brc202d.map,21,220,PIBT_PLUS,1,102923,93308,1059,1059,282
brc202d.map,21,230,PIBT_PLUS,1,106258,96681,1059,1059,459
brc202d.map,21,240,PIBT_PLUS,1,112724,102034,1059,1059,530
brc202d.map,2,730,PushAndSwap,0,49303,315247,2001,1063,307484
brc202d.map,2,740,PushAndSwap,0,48369,319312,2001,1063,32800
brc202d.map,2,750,PushAndSwap,0,49316,321660,2001,1063,24434
brc202d.map,2,760,PushAndSwap,0,49579,325921,2001,1063,340942
brc202d.map,21,250,PIBT_PLUS,1,117633,105975,1059,1059,621
brc202d.map,21,260,PIBT_PLUS,1,121818,109175,1059,1059,564
brc202d.map,21,270,PIBT_PLUS,1,123979,111821,1059,1059,252
brc202d.map,21,280,PIBT_PLUS,1,128382,115268,1059,1059,329
brc202d.map,21,650,HCA,1,278764,272242,1131,1131,18643
brc202d.map,21,660,HCA,0,0,276025,-1,1131,34141
brc202d.map,21,670,HCA,1,288271,281580,1131,1131,17066
brc202d.map,21,680,HCA,1,291452,284560,1131,1131,10684
brc202d.map,21,290,PIBT_PLUS,1,131407,119378,1059,1059,285
brc202d.map,21,300,PIBT_PLUS,1,139263,124752,1059,1059,445
brc202d.map,21,310,PIBT_PLUS,1,143765,129565,1059,1059,317
brc202d.map,21,320,PIBT_PLUS,1,150449,134375,1059,1059,751
brc202d.map,21,330,PIBT_PLUS,1,155743,138208,1059,1059,488
brc202d.map,21,340,PIBT_PLUS,1,161149,141902,1131,1131,951
brc202d.map,21,350,PIBT_PLUS,1,165591,146351,1131,1131,961
brc202d.map,21,360,PIBT_PLUS,1,169355,149167,1131,1131,716
brc202d.map,21,370,PIBT_PLUS,1,177768,154885,1131,1131,1132
brc202d.map,21,380,PIBT_PLUS,1,180942,158748,1131,1131,928
brc202d.map,21,390,PIBT_PLUS,1,188381,163565,1131,1131,804
brc202d.map,21,400,PIBT_PLUS,1,194564,167032,1131,1131,918
brc202d.map,21,410,PIBT_PLUS,1,200020,171769,1131,1131,966
brc202d.map,21,420,PIBT_PLUS,1,203319,175570,1131,1131,888
brc202d.map,21,430,PIBT_PLUS,1,208893,179898,1131,1131,638
brc202d.map,21,440,PIBT_PLUS,1,214571,183595,1131,1131,764
brc202d.map,21,450,PIBT_PLUS,1,220328,188588,1131,1131,1019
brc202d.map,21,460,PIBT_PLUS,1,226005,192988,1131,1131,1046
brc202d.map,21,470,PIBT_PLUS,1,229929,196611,1131,1131,1003
brc202d.map,21,480,PIBT_PLUS,1,235549,201084,1131,1131,1146
brc202d.map,21,490,PIBT_PLUS,1,241679,204646,1131,1131,1088
brc202d.map,21,500,PIBT_PLUS,1,246671,208898,1131,1131,1000
brc202d.map,21,510,PIBT_PLUS,1,252895,213671,1131,1131,1170
brc202d.map,21,520,PIBT_PLUS,1,257678,218681,1131,1131,1590
brc202d.map,21,530,PIBT_PLUS,1,262916,223488,1131,1131,965
brc202d.map,21,540,PIBT_PLUS,1,267667,226454,1131,1131,1240
brc202d.map,21,550,PIBT_PLUS,1,269947,229694,1131,1131,1309
brc202d.map,21,560,PIBT_PLUS,1,276784,233455,1131,1131,1763
brc202d.map,21,570,PIBT_PLUS,1,281833,239045,1131,1131,1765
brc202d.map,21,580,PIBT_PLUS,1,285981,242316,1131,1131,1822
brc202d.map,21,590,PIBT_PLUS,1,288773,246020,1131,1131,1413
brc202d.map,21,600,PIBT_PLUS,1,296092,252202,1131,1131,1120
brc202d.map,21,730,HCA,0,0,305478,-1,1131,30138
brc202d.map,21,740,HCA,1,318083,309150,1131,1131,17085
brc202d.map,21,750,HCA,0,0,313404,-1,1131,30592
brc202d.map,21,760,HCA,1,326157,316777,1131,1131,17698
brc202d.map,21,770,HCA,1,331601,321635,1131,1131,27454
brc202d.map,21,780,HCA,1,335820,325701,1131,1131,26341
brc202d.map,21,790,HCA,1,339444,329321,1131,1131,14268
brc202d.map,21,800,HCA,1,343081,332905,1131,1131,19303
brc202d.map,21,610,PIBT_PLUS,1,302242,255566,1131,1131,1812
brc202d.map,21,620,PIBT_PLUS,1,306981,260572,1131,1131,1571
brc202d.map,21,630,PIBT_PLUS,1,312363,264672,1131,1131,1359
brc202d.map,21,640,PIBT_PLUS,1,317674,268747,1131,1131,972
brc202d.map,21,810,HCA,0,0,336774,-1,1131,30028
brc202d.map,21,820,HCA,1,350768,340525,1131,1131,17750
brc202d.map,21,830,HCA,1,356533,344955,1131,1131,18795
brc202d.map,21,840,HCA,1,359935,348383,1131,1131,20290
brc202d.map,21,650,PIBT_PLUS,1,321903,272242,1131,1131,1032
brc202d.map,21,660,PIBT_PLUS,1,325469,276025,1131,1131,1242
brc202d.map,21,670,PIBT_PLUS,1,333537,281580,1131,1131,1180
brc202d.map,21,680,PIBT_PLUS,1,337224,284560,1131,1131,977
brc202d.map,21,690,PIBT_PLUS,1,343165,289164,1131,1131,1183
brc202d.map,21,700,PIBT_PLUS,1,350843,294856,1131,1131,1699
brc202d.map,21,710,PIBT_PLUS,1,354063,298474,1131,1131,3363
brc202d.map,21,720,PIBT_PLUS,1,362264,302420,1131,1131,1924
brc202d.map,21,730,PIBT_PLUS,1,366639,305478,1131,1131,2078
brc202d.map,21,740,PIBT_PLUS,1,371256,309150,1131,1131,2067
brc202d.map,21,750,PIBT_PLUS,1,375929,313404,1131,1131,2161
brc202d.map,21,760,PIBT_PLUS,1,380602,316777,1131,1131,2552
brc202d.map,21,770,PIBT_PLUS,1,384756,321635,1131,1131,2111
brc202d.map,21,780,PIBT_PLUS,1,388379,325701,1131,1131,3395
brc202d.map,21,790,PIBT_PLUS,1,394281,329321,1131,1131,2139
brc202d.map,21,800,PIBT_PLUS,1,400563,332905,1131,1131,1918
brc202d.map,21,810,PIBT_PLUS,1,402345,336774,1131,1131,1761
brc202d.map,21,820,PIBT_PLUS,1,405348,340525,1131,1131,2980
brc202d.map,21,830,PIBT_PLUS,1,412793,344955,1131,1131,1510
brc202d.map,21,840,PIBT_PLUS,1,421912,348383,1131,1131,1651
brc202d.map,21,10,PushAndSwap,1,13148,4701,1816,873,256
brc202d.map,21,20,PushAndSwap,0,27325,7799,2001,873,350
brc202d.map,21,30,PushAndSwap,0,30207,13163,2001,955,299
brc202d.map,21,40,PushAndSwap,0,42626,17084,2001,955,130
brc202d.map,21,50,PushAndSwap,0,43647,20536,2001,955,136
brc202d.map,21,60,PushAndSwap,0,49951,23985,2001,955,348
brc202d.map,21,70,PushAndSwap,0,26688,27637,2001,1058,222
brc202d.map,21,80,PushAndSwap,0,24026,31521,2001,1058,495
brc202d.map,21,90,PushAndSwap,0,24735,35917,2001,1058,446
brc202d.map,21,100,PushAndSwap,0,30614,40949,2001,1058,307
brc202d.map,21,110,PushAndSwap,0,38402,45707,2001,1058,580
brc202d.map,21,120,PushAndSwap,0,44678,49841,2001,1058,369
brc202d.map,21,850,PIBT_PLUS,1,425679,351102,1131,1131,3729
brc202d.map,21,860,PIBT_PLUS,1,432498,355412,1131,1131,2390
brc202d.map,21,870,PIBT_PLUS,1,437721,359890,1131,1131,1823
brc202d.map,21,880,PIBT_PLUS,1,441347,363603,1131,1131,1881
brc202d.map,21,890,PIBT_PLUS,1,447697,368062,1131,1131,1450
brc202d.map,21,900,PIBT_PLUS,1,452815,371764,1131,1131,1820
brc202d.map,21,910,PIBT_PLUS,1,460568,375999,1131,1131,1497
brc202d.map,21,920,PIBT_PLUS,1,464875,380924,1131,1131,1420
brc202d.map,21,130,PushAndSwap,0,45035,53262,2001,1058,539
brc202d.map,21,140,PushAndSwap,0,45446,56743,2001,1058,752
brc202d.map,21,150,PushAndSwap,0,37944,61631,2001,1058,436
brc202d.map,21,160,PushAndSwap,0,40156,65244,2001,1058,709
brc202d.map,21,170,PushAndSwap,0,47921,70482,2001,1059,694
brc202d.map,21,180,PushAndSwap,0,53526,75712,2001,1059,785
brc202d.map,21,190,PushAndSwap,0,55171,82022,2001,1059,1046
brc202d.map,21,200,PushAndSwap,0,54173,85388,2001,1059,962
brc202d.map,21,690,HCA,0,0,289164,-1,1131,30140
brc202d.map,21,700,HCA,0,0,294856,-1,1131,30156
brc202d.map,21,710,HCA,0,0,298474,-1,1131,30727
brc202d.map,21,720,HCA,0,0,302420,-1,1131,31155
brc202d.map,21,210,PushAndSwap,0,54111,89080,2001,1059,749
brc202d.map,21,220,PushAndSwap,0,57460,93308,2001,1059,1338
brc202d.map,21,230,PushAndSwap,0,57477,96681,2001,1059,1257
brc202d.map,21,240,PushAndSwap,0,64712,102034,2001,1059,1651
brc202d.map,21,930,PIBT_PLUS,1,470860,385149,1131,1131,3878
brc202d.map,21,940,PIBT_PLUS,1,474423,388122,1131,1131,1866
brc202d.map,21,950,PIBT_PLUS,1,481131,392979,1131,1131,1797
brc202d.map,21,960,PIBT_PLUS,1,485093,396874,1131,1131,1860
brc202d.map,2,770,PushAndSwap --no-compress,0,189900661,330369,335599,1063,7775
brc202d.map,2,780,PushAndSwap --no-compress,0,194924999,334294,339630,1063,8912
brc202d.map,2,790,PushAndSwap --no-compress,0,200581102,339401,345013,1063,5305
brc202d.map,2,800,PushAndSwap --no-compress,0,205303234,342189,348013,1063,6838
brc202d.map,21,250,PushAndSwap,0,66213,105975,2001,1059,1484
brc202d.map,21,260,PushAndSwap,0,67900,109175,2001,1059,1514
brc202d.map,21,270,PushAndSwap,0,66620,111821,2001,1059,1565
brc202d.map,21,280,PushAndSwap,0,66299,115268,2001,1059,2075
brc202d.map,21,970,PIBT_PLUS,1,492233,401364,1131,1131,1475
brc202d.map,21,980,PIBT_PLUS,1,497152,404788,1131,1131,1701
brc202d.map,21,990,PIBT_PLUS,1,504082,409542,1131,1131,2365
brc202d.map,21,1000,PIBT_PLUS,1,511186,413878,1131,1131,2605
brc202d.map,21,290,PushAndSwap,0,67865,119378,2001,1059,1352
brc202d.map,21,300,PushAndSwap,0,41587,124752,2001,1059,1903
brc202d.map,21,310,PushAndSwap,0,41948,129565,2001,1059,1357
brc202d.map,21,320,PushAndSwap,0,37250,134375,2001,1059,2736
brc202d.map,21,330,PushAndSwap,0,33468,138208,2001,1059,2344
brc202d.map,21,340,PushAndSwap,0,33740,141902,2001,1131,2779
brc202d.map,21,350,PushAndSwap,0,33909,146351,2001,1131,2523
brc202d.map,21,360,PushAndSwap,0,34002,149167,2001,1131,3190
brc202d.map,20,690,PushAndSwap,0,41076,280925,2001,1107,195955
brc202d.map,20,700,PushAndSwap,0,40731,286282,2001,1107,84593
brc202d.map,20,710,PushAndSwap,0,40941,291010,2001,1107,76495
brc202d.map,20,720,PushAndSwap,0,41161,294934,2001,1107,36589
brc202d.map,21,850,HCA,0,0,351102,-1,1131,30034
brc202d.map,21,860,HCA,0,0,355412,-1,1131,30011
brc202d.map,21,870,HCA,1,373241,359890,1131,1131,24107
brc202d.map,21,880,HCA,1,377280,363603,1131,1131,24431
brc202d.map,21,370,PushAndSwap,0,35734,154885,2001,1131,2696
brc202d.map,21,380,PushAndSwap,0,35862,158748,2001,1131,3357
brc202d.map,21,390,PushAndSwap,0,27242,163565,2001,1131,3445
brc202d.map,21,400,PushAndSwap,0,27282,167032,2001,1131,2723
brc202d.map,21,450,PushAndSwap,0,28918,188588,2001,1131,5002
brc202d.map,21,460,PushAndSwap,0,28944,192988,2001,1131,4893
brc202d.map,21,470,PushAndSwap,0,28497,196611,2001,1131,5800
brc202d.map,21,480,PushAndSwap,0,28840,201084,2001,1131,5015
brc202d.map,21,490,PushAndSwap,0,28901,204646,2001,1131,7678
brc202d.map,21,500,PushAndSwap,0,29018,208898,2001,1131,6000
brc202d.map,21,510,PushAndSwap,0,29142,213671,2001,1131,5282
brc202d.map,21,520,PushAndSwap,0,29428,218681,2001,1131,4915
brc202d.map,21,890,HCA,0,0,368062,-1,1131,30004
brc202d.map,21,900,HCA,1,386830,371764,1131,1131,22766
brc202d.map,21,910,HCA,1,392481,375999,1131,1131,27908
brc202d.map,21,920,HCA,0,0,380924,-1,1131,30021
brc202d.map,21,930,HCA,0,0,385149,-1,1131,30020
brc202d.map,21,940,HCA,1,404970,388122,1131,1131,22330
brc202d.map,21,950,HCA,1,410399,392979,1131,1131,29206
brc202d.map,21,960,HCA,0,0,396874,-1,1131,30036
brc202d.map,21,410,PushAndSwap,0,27509,171769,2001,1131,2976
brc202d.map,21,420,PushAndSwap,0,27515,175570,2001,1131,3427
brc202d.map,21,430,PushAndSwap,0,27641,179898,2001,1131,3732
brc202d.map,21,440,PushAndSwap,0,27649,183595,2001,1131,17821
brc202d.map,20,850,PushAndSwap --no-compress,-1,-1,-1,-1,-1,-1
brc202d.map,20,860,PushAndSwap --no-compress,-1,-1,-1,-1,-1,-1
brc202d.map,20,870,PushAndSwap --no-compress,-1,-1,-1,-1,-1,-1
brc202d.map,20,880,PushAndSwap --no-compress,-1,-1,-1,-1,-1,-1
brc202d.map,21,10,PushAndSwap --no-compress,0,32493,4701,4701,873,13
brc202d.map,21,20,PushAndSwap --no-compress,0,108471,7799,7881,873,23
brc202d.map,21,30,PushAndSwap --no-compress,0,283135,13163,13257,955,42
brc202d.map,21,40,PushAndSwap --no-compress,0,488241,17084,17178,955,69
brc202d.map,21,50,PushAndSwap --no-compress,0,736128,20536,20630,955,117
brc202d.map,21,60,PushAndSwap --no-compress,0,1028287,23985,24079,955,135
brc202d.map,21,70,PushAndSwap --no-compress,0,1382601,27637,27651,1058,93
brc202d.map,21,80,PushAndSwap --no-compress,0,1785808,31521,31543,1058,67
brc202d.map,21,970,HCA,1,420399,401364,1131,1131,26825
brc202d.map,21,980,HCA,0,0,404788,-1,1131,30018
brc202d.map,21,990,HCA,0,0,409542,-1,1131,30004
brc202d.map,21,1000,HCA,0,0,413878,-1,1131,30006
brc202d.map,21,90,PushAndSwap --no-compress,0,2287502,35917,35957,1058,123
brc202d.map,21,100,PushAndSwap --no-compress,0,2881746,40949,40991,1058,142
brc202d.map,21,110,PushAndSwap --no-compress,0,3551772,45707,45755,1058,309
brc202d.map,21,120,PushAndSwap --no-compress,0,4239721,49841,49889,1058,312
brc202d.map,21,130,PushAndSwap --no-compress,0,4894988,53262,53340,1058,357
brc202d.map,21,140,PushAndSwap --no-compress,0,5588339,56743,56833,1058,451
brc202d.map,21,150,PushAndSwap --no-compress,0,6571629,61631,61733,1058,1217
brc202d.map,21,160,PushAndSwap --no-compress,0,7453718,65244,65376,1058,203
brc202d.map,21,170,PushAndSwap --no-compress,0,8502393,70482,70612,1059,581
brc202d.map,21,180,PushAndSwap --no-compress,0,9654500,75712,75872,1059,585
brc202d.map,21,190,PushAndSwap --no-compress,0,10992282,82022,82180,1059,755
brc202d.map,21,200,PushAndSwap --no-compress,0,12084040,85388,85572,1059,348
brc202d.map,21,210,PushAndSwap --no-compress,0,13263716,89080,89284,1059,368
brc202d.map,21,220,PushAndSwap --no-compress,0,14502307,93308,93506,1059,876
brc202d.map,21,230,PushAndSwap --no-compress,0,15859195,96681,96939,1059,567
brc202d.map,21,240,PushAndSwap --no-compress,0,17466715,102034,102294,1059,770
brc202d.map,21,250,PushAndSwap --no-compress,0,18998306,105975,106259,1059,1050
brc202d.map,21,260,PushAndSwap --no-compress,0,20349224,109175,109483,1059,1552
brc202d.map,21,270,PushAndSwap --no-compress,0,21816878,111821,112455,1059,896
brc202d.map,21,280,PushAndSwap --no-compress,0,23360428,115268,115924,1059,2098
brc202d.map,21,290,PushAndSwap --no-compress,0,25135295,119378,120128,1059,2325
brc202d.map,21,300,PushAndSwap --no-compress,0,27126716,124752,125372,1059,1025
brc202d.map,21,310,PushAndSwap --no-compress,0,29121469,129565,130225,1059,1623
brc202d.map,21,320,PushAndSwap --no-compress,0,31158636,134375,135043,1059,676
brc202d.map,21,330,PushAndSwap --no-compress,0,33048988,138208,138860,1059,1366
brc202d.map,21,340,PushAndSwap --no-compress,0,35039413,141902,142670,1131,1509
brc202d.map,21,350,PushAndSwap --no-compress,0,37552760,146351,147209,1131,1754
brc202d.map,21,360,PushAndSwap --no-compress,0,39475212,149167,150043,1131,706
brc202d.map,21,970,PushAndSwap,-1,-1,-1,-1,-1,-1
brc202d.map,21,980,PushAndSwap,-1,-1,-1,-1,-1,-1
brc202d.map,21,990,PushAndSwap,-1,-1,-1,-1,-1,-1
brc202d.map,21,1000,PushAndSwap,-1,-1,-1,-1,-1,-1
brc202d.map,21,370,PushAndSwap --no-compress,0,42067954,154885,155857,1131,2185
brc202d.map,21,380,PushAndSwap --no-compress,0,44386148,158748,159754,1131,1048
brc202d.map,21,390,PushAndSwap --no-compress,0,46891657,163565,164641,1131,1007
brc202d.map,21,400,PushAndSwap --no-compress,0,49203663,167032,168266,1131,4165
brc202d.map,21,930,PushAndSwap,-1,-1,-1,-1,-1,-1
brc202d.map,21,940,PushAndSwap,-1,-1,-1,-1,-1,-1
brc202d.map,21,950,PushAndSwap,-1,-1,-1,-1,-1,-1
brc202d.map,21,960,PushAndSwap,-1,-1,-1,-1,-1,-1
brc202d.map,21,410,PushAndSwap --no-compress,0,51894774,171769,173033,1131,2211
brc202d.map,21,420,PushAndSwap --no-compress,0,54348143,175570,176888,1131,3868
brc202d.map,21,430,PushAndSwap --no-compress,0,56937101,179898,181288,1131,1767
brc202d.map,21,440,PushAndSwap --no-compress,0,59669981,183595,185421,1131,2582
brc202d.map,21,450,PushAndSwap --no-compress,0,62556016,188588,190434,1131,1505
brc202d.map,21,460,PushAndSwap --no-compress,0,65466195,192988,194826,1131,3884
brc202d.map,21,470,PushAndSwap --no-compress,0,68244452,196611,198587,1131,3123
brc202d.map,21,480,PushAndSwap --no-compress,0,71417434,201084,203078,1131,2150
brc202d.map,21,490,PushAndSwap --no-compress,0,74184841,204646,206784,1131,3985
brc202d.map,21,500,PushAndSwap --no-compress,0,77232469,208898,211078,1131,3056
brc202d.map,21,510,PushAndSwap --no-compress,0,80638719,213671,215917,1131,2551
brc202d.map,21,520,PushAndSwap --no-compress,0,84099517,218681,221031,1131,3832
brc202d.map,21,530,PushAndSwap --no-compress,0,87566693,223488,225910,1131,2817
brc202d.map,21,540,PushAndSwap --no-compress,0,90681979,226454,228892,1131,2107
brc202d.map,21,550,PushAndSwap --no-compress,0,93916358,229694,232326,1131,3161
brc202d.map,21,560,PushAndSwap --no-compress,0,97253544,233455,236319,1131,3156
brc202d.map,21,890,PushAndSwap,-1,-1,-1,-1,-1,-1
brc202d.map,21,900,PushAndSwap,-1,-1,-1,-1,-1,-1
brc202d.map,21,910,PushAndSwap,-1,-1,-1,-1,-1,-1
brc202d.map,21,920,PushAndSwap,-1,-1,-1,-1,-1,-1
brc202d.map,21,570,PushAndSwap --no-compress,0,101092633,239045,241771,1131,3865
brc202d.map,21,580,PushAndSwap --no-compress,0,104508282,242316,245112,1131,3265
brc202d.map,21,590,PushAndSwap --no-compress,0,107778560,246020,248856,1131,3180
brc202d.map,21,600,PushAndSwap --no-compress,0,112392467,252202,255042,1131,5709
brc202d.map,21,530,PushAndSwap,0,30563,223488,2001,1131,8998
brc202d.map,21,540,PushAndSwap,0,30767,226454,2001,1131,80424
brc202d.map,21,550,PushAndSwap,0,30626,229694,2001,1131,5929
brc202d.map,21,560,PushAndSwap,0,30701,233455,2001,1131,15160
brc202d.map,2,810,PushAndSwap,-1,-1,-1,-1,-1,-1
brc202d.map,2,820,PushAndSwap,-1,-1,-1,-1,-1,-1
brc202d.map,2,830,PushAndSwap,-1,-1,-1,-1,-1,-1
brc202d.map,2,840,PushAndSwap,-1,-1,-1,-1,-1,-1
brc202d.map,21,850,PushAndSwap,-1,-1,-1,-1,-1,-1
brc202d.map,21,860,PushAndSwap,-1,-1,-1,-1,-1,-1
brc202d.map,21,870,PushAndSwap,-1,-1,-1,-1,-1,-1
brc202d.map,21,880,PushAndSwap,-1,-1,-1,-1,-1,-1
brc202d.map,21,610,PushAndSwap --no-compress,0,115935533,255566,258458,1131,4649
brc202d.map,21,620,PushAndSwap --no-compress,0,120173138,260572,263820,1131,4825
brc202d.map,21,630,PushAndSwap --no-compress,0,124057598,264672,267986,1131,7046
brc202d.map,21,640,PushAndSwap --no-compress,0,128002822,268747,272221,1131,8330
brc202d.map,20,810,PushAndSwap --no-compress,0,204764160,331793,337383,1107,6924
brc202d.map,20,820,PushAndSwap --no-compress,0,209391484,335294,340972,1107,11712
brc202d.map,20,830,PushAndSwap --no-compress,-1,-1,-1,-1,-1,-1
brc202d.map,20,840,PushAndSwap --no-compress,-1,-1,-1,-1,-1,-1
brc202d.map,21,850,PushAndSwap --no-compress,-1,-1,-1,-1,-1,-1
brc202d.map,21,860,PushAndSwap --no-compress,-1,-1,-1,-1,-1,-1
brc202d.map,21,870,PushAndSwap --no-compress,-1,-1,-1,-1,-1,-1
brc202d.map,21,880,PushAndSwap --no-compress,-1,-1,-1,-1,-1,-1
brc202d.map,22,10,PIBT,1,4438,4438,888,888,10
brc202d.map,22,20,PIBT,1,7884,7870,888,888,29
brc202d.map,22,30,PIBT,1,12065,12038,888,888,32
brc202d.map,22,40,PIBT,1,17200,17144,888,888,56
brc202d.map,22,50,PIBT,1,21190,20343,888,888,70
brc202d.map,22,60,PIBT,1,26325,24955,888,888,87
brc202d.map,22,70,PIBT,1,30693,29130,944,944,80
brc202d.map,22,80,PIBT,1,34707,33007,944,944,61
brc202d.map,22,90,PIBT,1,41190,37933,955,955,61
brc202d.map,22,100,PIBT,1,46230,41799,955,955,69
brc202d.map,22,110,PIBT,1,48775,45368,974,974,72
brc202d.map,22,120,PIBT,1,54281,49394,974,974,117
brc202d.map,22,130,PIBT,1,59524,54002,974,974,131
brc202d.map,22,140,PIBT,1,65656,59008,974,974,161
brc202d.map,22,150,PIBT,1,70095,63717,974,974,293
brc202d.map,22,160,PIBT,1,76488,68177,974,974,345
brc202d.map,22,170,PIBT,1,80405,71703,974,974,119
brc202d.map,22,180,PIBT,1,83864,75679,974,974,190
brc202d.map,22,190,PIBT,1,88917,80128,974,974,341
brc202d.map,22,200,PIBT,1,94647,83794,984,984,257
brc202d.map,21,890,PushAndSwap --no-compress,-1,-1,-1,-1,-1,-1
brc202d.map,21,900,PushAndSwap --no-compress,-1,-1,-1,-1,-1,-1
brc202d.map,21,910,PushAndSwap --no-compress,-1,-1,-1,-1,-1,-1
brc202d.map,21,920,PushAndSwap --no-compress,-1,-1,-1,-1,-1,-1
brc202d.map,22,210,PIBT,1,98511,87891,984,984,146
brc202d.map,22,220,PIBT,1,103869,93352,984,984,160
brc202d.map,22,230,PIBT,1,109899,97583,984,984,217
brc202d.map,22,240,PIBT,1,117245,102670,984,984,262
brc202d.map,22,250,PIBT,1,119567,106977,984,984,174
brc202d.map,22,260,PIBT,1,126509,110511,984,984,229
brc202d.map,22,270,PIBT,1,131238,115247,984,984,311
brc202d.map,22,280,PIBT,1,134211,118313,984,984,1169
brc202d.map,22,290,PIBT,1,137381,122217,984,984,416
brc202d.map,22,300,PIBT,1,144771,126475,984,984,368
brc202d.map,22,310,PIBT,1,149274,128412,984,984,228
brc202d.map,22,320,PIBT,1,155437,135016,1004,1004,255
brc202d.map,22,330,PIBT,1,161418,139207,1004,1004,283
brc202d.map,22,340,PIBT,1,166003,143462,1004,1004,245
brc202d.map,22,350,PIBT,1,169986,147002,1004,1004,420
brc202d.map,22,360,PIBT,1,177386,151345,1004,1004,476
brc202d.map,22,370,PIBT,1,183561,155910,1004,1004,461
brc202d.map,22,380,PIBT,1,189920,162111,1004,1004,542
brc202d.map,22,390,PIBT,1,194997,167256,1004,1004,630
brc202d.map,22,400,PIBT,1,200737,172460,1007,1007,658
brc202d.map,22,410,PIBT,1,206651,177198,1007,1007,728
brc202d.map,22,420,PIBT,1,212184,180509,1007,1007,674
brc202d.map,22,430,PIBT,1,217970,184730,1007,1007,722
brc202d.map,22,440,PIBT,1,221531,189685,1007,1007,728
brc202d.map,22,450,PIBT,1,228934,194387,1007,1007,602
brc202d.map,22,460,PIBT,1,232009,197747,1007,1007,466
brc202d.map,22,470,PIBT,1,237101,201922,1007,1007,896
brc202d.map,22,480,PIBT,1,244478,207132,1007,1007,728
brc202d.map,22,490,PIBT,1,251627,211804,1007,1007,589
brc202d.map,22,500,PIBT,1,254727,216367,1007,1007,573
brc202d.map,22,510,PIBT,1,261494,220568,1007,1007,372
brc202d.map,22,520,PIBT,1,265972,225289,1007,1007,618
brc202d.map,22,530,PIBT,1,271970,230730,1007,1007,395
brc202d.map,22,540,PIBT,1,277041,234756,1007,1007,677
brc202d.map,22,550,PIBT,1,281695,238558,1007,1007,921
brc202d.map,22,560,PIBT,1,286529,242153,1007,1007,451
brc202d.map,22,570,PIBT,1,293114,246490,1007,1007,936
brc202d.map,22,580,PIBT,1,295309,249483,1007,1007,421
brc202d.map,22,590,PIBT,1,301742,253787,1007,1007,816
brc202d.map,22,600,PIBT,1,306851,258541,1007,1007,983
brc202d.map,22,610,PIBT,1,313032,262501,1007,1007,1163
brc202d.map,22,620,PIBT,1,316881,266305,1007,1007,451
brc202d.map,22,630,PIBT,1,326279,271927,1011,1011,882
brc202d.map,22,640,PIBT,1,331717,276368,1011,1011,559
brc202d.map,21,730,PushAndSwap --no-compress,0,166523942,305478,309966,1131,6841
brc202d.map,21,740,PushAndSwap --no-compress,0,171095118,309150,313494,1131,7764
brc202d.map,21,750,PushAndSwap --no-compress,0,176072343,313404,318002,1131,7140
brc202d.map,21,760,PushAndSwap --no-compress,0,180181439,316777,321203,1131,7008
brc202d.map,22,650,PIBT,1,338020,281317,1011,1011,502
brc202d.map,22,660,PIBT,1,343800,284555,1011,1011,1091
brc202d.map,22,670,PIBT,1,346851,289828,1011,1011,1793
brc202d.map,22,680,PIBT,1,349532,293961,1011,1011,1049
brc202d.map,22,690,PIBT,1,360244,298886,1011,1011,1912
brc202d.map,22,700,PIBT,1,364181,303347,1011,1011,942
brc202d.map,22,710,PIBT,1,372664,308573,1011,1011,1119
brc202d.map,22,720,PIBT,1,377015,313954,1011,1011,1063
brc202d.map,22,730,PIBT,1,385368,318299,1011,1011,896
brc202d.map,22,740,PIBT,0,387936,320780,2000,1011,1147
brc202d.map,22,750,PIBT,1,394857,324433,1011,1011,1183
brc202d.map,22,760,PIBT,1,400104,327299,1011,1011,1151
brc202d.map,22,770,PIBT,1,405392,331678,1011,1011,1039
brc202d.map,22,780,PIBT,1,411802,335849,1011,1011,1027
brc202d.map,22,790,PIBT,1,416048,339282,1011,1011,1497
brc202d.map,22,800,PIBT,1,423097,344469,1011,1011,1221
brc202d.map,21,970,PushAndSwap --no-compress,-1,-1,-1,-1,-1,-1
brc202d.map,21,980,PushAndSwap --no-compress,-1,-1,-1,-1,-1,-1
brc202d.map,21,990,PushAndSwap --no-compress,-1,-1,-1,-1,-1,-1
brc202d.map,21,1000,PushAndSwap --no-compress,-1,-1,-1,-1,-1,-1
brc202d.map,22,810,PIBT,1,427755,347813,1011,1011,932
brc202d.map,22,820,PIBT,1,434063,351896,1011,1011,1206
brc202d.map,22,830,PIBT,1,440666,356898,1047,1047,897
brc202d.map,22,840,PIBT,1,444371,360513,1047,1047,1002
brc202d.map,22,850,PIBT,1,449101,365349,1047,1047,1525
brc202d.map,22,860,PIBT,1,456213,368927,1047,1047,944
brc202d.map,22,870,PIBT,1,463937,372775,1047,1047,1046
brc202d.map,22,880,PIBT,1,470583,376244,1047,1047,917
brc202d.map,22,890,PIBT,1,469954,379524,1047,1047,1036
brc202d.map,22,900,PIBT,1,479461,384272,1055,1055,1042
brc202d.map,22,910,PIBT,1,484332,388276,1060,1060,832
brc202d.map,22,920,PIBT,1,493035,393337,1060,1060,989
brc202d.map,22,930,PIBT,1,498344,397966,1060,1060,852
brc202d.map,22,940,PIBT,1,504897,403276,1060,1060,1073
brc202d.map,22,950,PIBT,1,508493,406244,1060,1060,992
brc202d.map,22,960,PIBT,1,512616,409420,1060,1060,1272
brc202d.map,22,10,HCA,1,4438,4438,888,888,672
brc202d.map,22,20,HCA,1,7872,7870,888,888,862
brc202d.map,22,30,HCA,1,12046,12038,888,888,1193
brc202d.map,22,40,HCA,1,17157,17144,888,888,575
brc202d.map,22,970,PIBT,0,517789,412862,2000,1060,1358
brc202d.map,22,980,PIBT,1,524582,417331,1060,1060,1055
brc202d.map,22,990,PIBT,1,531309,422769,1060,1060,1131
brc202d.map,22,1000,PIBT,1,536966,427817,1060,1060,1719
brc202d.map,22,50,HCA,1,20504,20343,888,888,1242
brc202d.map,22,60,HCA,1,25580,24955,888,888,862
brc202d.map,22,70,HCA,1,29762,29130,944,944,2359
brc202d.map,22,80,HCA,1,33655,33007,944,944,2402
brc202d.map,22,90,HCA,1,38608,37933,955,955,885
brc202d.map,22,100,HCA,1,43168,41799,955,955,2521
brc202d.map,22,110,HCA,1,46744,45368,974,974,2728
brc202d.map,22,120,HCA,1,50766,49394,974,974,864
brc202d.map,22,130,HCA,1,55414,54002,974,974,2432
brc202d.map,22,140,HCA,1,60965,59008,974,974,2101
brc202d.map,22,150,HCA,1,65688,63717,974,974,1383
brc202d.map,22,160,HCA,1,70334,68177,974,974,2657
brc202d.map,22,170,HCA,1,73959,71703,974,974,1991
brc202d.map,22,180,HCA,1,77947,75679,974,974,1312
brc202d.map,22,190,HCA,1,82758,80128,974,974,2971
brc202d.map,22,200,HCA,1,86916,83794,984,984,3037
brc202d.map,22,210,HCA,1,91022,87891,984,984,2687
brc202d.map,22,220,HCA,1,96497,93352,984,984,2904
brc202d.map,22,230,HCA,1,100776,97583,984,984,2408
brc202d.map,22,240,HCA,1,105880,102670,984,984,3709
brc202d.map,22,250,HCA,1,110206,106977,984,984,3940
brc202d.map,22,260,HCA,1,113765,110511,984,984,2890
brc202d.map,22,270,HCA,1,118629,115247,984,984,6472
brc202d.map,22,280,HCA,1,122146,118313,984,984,3526
brc202d.map,22,290,HCA,1,126057,122217,984,984,5275
brc202d.map,22,300,HCA,1,130723,126475,984,984,5949
brc202d.map,22,310,HCA,1,133402,128412,984,984,3846
brc202d.map,22,320,HCA,1,139641,135016,1004,1004,6073
brc202d.map,22,330,HCA,1,144962,139207,1004,1004,5976
brc202d.map,22,340,HCA,1,150242,143462,1004,1004,4695
brc202d.map,22,350,HCA,1,154215,147002,1004,1004,5882
brc202d.map,22,360,HCA,1,158548,151345,1004,1004,5514
brc202d.map,21,930,PushAndSwap --no-compress,-1,-1,-1,-1,-1,-1
brc202d.map,21,940,PushAndSwap --no-compress,-1,-1,-1,-1,-1,-1
brc202d.map,21,950,PushAndSwap --no-compress,-1,-1,-1,-1,-1,-1
brc202d.map,21,960,PushAndSwap --no-compress,-1,-1,-1,-1,-1,-1
brc202d.map,22,370,HCA,1,163031,155910,1004,1004,5223
brc202d.map,22,380,HCA,1,169565,162111,1004,1004,4501
brc202d.map,22,390,HCA,1,174725,167256,1004,1004,6255
brc202d.map,22,400,HCA,1,180065,172460,1007,1007,4437
brc202d.map,22,410,HCA,1,184823,177198,1007,1007,7872
brc202d.map,22,420,HCA,1,188480,180509,1007,1007,4525
brc202d.map,22,430,HCA,1,192612,184730,1007,1007,4563
brc202d.map,22,440,HCA,1,197660,189685,1007,1007,7063
brc202d.map,21,650,PushAndSwap --no-compress,0,131636829,272242,275758,1131,4921
brc202d.map,21,660,PushAndSwap --no-compress,0,135434725,276025,279579,1131,7321
brc202d.map,21,670,PushAndSwap --no-compress,0,139919987,281580,285184,1131,6093
brc202d.map,21,680,PushAndSwap --no-compress,0,143778296,284560,288346,1131,8976
brc202d.map,22,450,HCA,1,202175,194387,1007,1007,6522
brc202d.map,22,460,HCA,1,205928,197747,1007,1007,5117
brc202d.map,22,470,HCA,1,210220,201922,1007,1007,8162
brc202d.map,22,480,HCA,1,215886,207132,1007,1007,9476
brc202d.map,20,730,PushAndSwap,0,41507,299170,2001,1107,217356
brc202d.map,20,740,PushAndSwap,0,41735,304769,2001,1107,428720
brc202d.map,20,750,PushAndSwap,0,41660,307770,2001,1107,14283
brc202d.map,20,760,PushAndSwap,0,41552,311558,2001,1107,34748
brc202d.map,22,530,HCA,1,240119,230730,1007,1007,5796
brc202d.map,22,540,HCA,1,244150,234756,1007,1007,10096
brc202d.map,22,550,HCA,1,248352,238558,1007,1007,13872
brc202d.map,22,560,HCA,1,252984,242153,1007,1007,9649
brc202d.map,22,490,HCA,1,220374,211804,1007,1007,5686
brc202d.map,22,500,HCA,1,225639,216367,1007,1007,10628
brc202d.map,22,510,HCA,1,229611,220568,1007,1007,11867
brc202d.map,22,520,HCA,1,234891,225289,1007,1007,14506
brc202d.map,21,570,PushAndSwap,0,30726,239045,2001,1131,302298
brc202d.map,21,580,PushAndSwap,0,30779,242316,2001,1131,5700
brc202d.map,21,590,PushAndSwap,0,31928,246020,2001,1131,5292
brc202d.map,21,600,PushAndSwap,0,31817,252202,2001,1131,17075
brc202d.map,22,570,HCA,1,255894,246490,1007,1007,10202
brc202d.map,22,580,HCA,1,261100,249483,1007,1007,8943
brc202d.map,22,590,HCA,0,0,253787,-1,1007,34840
brc202d.map,22,600,HCA,1,270992,258541,1007,1007,14469
brc202d.map,21,610,PushAndSwap,0,32231,255566,2001,1131,21742
brc202d.map,21,620,PushAndSwap,0,31918,260572,2001,1131,11250
brc202d.map,21,630,PushAndSwap,0,31941,264672,2001,1131,277121
brc202d.map,21,640,PushAndSwap,0,33119,268747,2001,1131,32070
brc202d.map,22,610,HCA,1,275506,262501,1007,1007,11839
brc202d.map,22,620,HCA,1,280023,266305,1007,1007,12247
brc202d.map,22,630,HCA,0,0,271927,-1,1011,32952
brc202d.map,22,640,HCA,1,290323,276368,1011,1011,17991
brc202d.map,21,650,PushAndSwap,0,33060,272242,2001,1131,240390
brc202d.map,21,660,PushAndSwap,0,33151,276025,2001,1131,80487
brc202d.map,21,670,PushAndSwap,0,32927,281580,2001,1131,15752
brc202d.map,21,680,PushAndSwap,0,32956,284560,2001,1131,37431
brc202d.map,22,10,PIBT_PLUS,1,4438,4438,888,888,11
brc202d.map,22,20,PIBT_PLUS,1,7884,7870,888,888,22
brc202d.map,22,30,PIBT_PLUS,1,12065,12038,888,888,33
brc202d.map,22,40,PIBT_PLUS,1,17200,17144,888,888,45
brc202d.map,22,50,PIBT_PLUS,1,21190,20343,888,888,49
brc202d.map,22,60,PIBT_PLUS,1,26325,24955,888,888,55
brc202d.map,22,70,PIBT_PLUS,1,30693,29130,944,944,78
brc202d.map,22,80,PIBT_PLUS,1,34707,33007,944,944,117
brc202d.map,22,90,PIBT_PLUS,1,41190,37933,955,955,97
brc202d.map,22,100,PIBT_PLUS,1,46230,41799,955,955,104
brc202d.map,22,110,PIBT_PLUS,1,48775,45368,974,974,172
brc202d.map,22,120,PIBT_PLUS,1,54281,49394,974,974,156
brc202d.map,22,130,PIBT_PLUS,1,59524,54002,974,974,138
brc202d.map,22,140,PIBT_PLUS,1,65656,59008,974,974,181
brc202d.map,22,150,PIBT_PLUS,1,70095,63717,974,974,259
brc202d.map,22,160,PIBT_PLUS,1,76488,68177,974,974,364
brc202d.map,22,170,PIBT_PLUS,1,80405,71703,974,974,288
brc202d.map,22,180,PIBT_PLUS,1,83864,75679,974,974,333
brc202d.map,22,190,PIBT_PLUS,1,88917,80128,974,974,197
brc202d.map,22,200,PIBT_PLUS,1,94647,83794,984,984,327
brc202d.map,21,690,PushAndSwap --no-compress,0,148095876,289164,292794,1131,6638
brc202d.map,21,700,PushAndSwap --no-compress,0,153076296,294856,298548,1131,6131
brc202d.map,21,710,PushAndSwap --no-compress,0,157576487,298474,302392,1131,4929
brc202d.map,21,720,PushAndSwap --no-compress,0,162254811,302420,306654,1131,6157
brc202d.map,22,210,PIBT_PLUS,1,98511,87891,984,984,395
brc202d.map,22,220,PIBT_PLUS,1,103869,93352,984,984,407
brc202d.map,22,230,PIBT_PLUS,1,109899,97583,984,984,240
brc202d.map,22,240,PIBT_PLUS,1,117245,102670,984,984,442
brc202d.map,22,250,PIBT_PLUS,1,119567,106977,984,984,486
brc202d.map,22,260,PIBT_PLUS,1,126509,110511,984,984,553
brc202d.map,22,270,PIBT_PLUS,1,131238,115247,984,984,643
brc202d.map,22,280,PIBT_PLUS,1,134211,118313,984,984,640
brc202d.map,22,290,PIBT_PLUS,1,137381,122217,984,984,515
brc202d.map,22,300,PIBT_PLUS,1,144771,126475,984,984,457
brc202d.map,22,310,PIBT_PLUS,1,149274,128412,984,984,540
brc202d.map,22,320,PIBT_PLUS,1,155437,135016,1004,1004,705
brc202d.map,22,330,PIBT_PLUS,1,161418,139207,1004,1004,797
brc202d.map,22,340,PIBT_PLUS,1,166003,143462,1004,1004,501
brc202d.map,22,350,PIBT_PLUS,1,169986,147002,1004,1004,866
brc202d.map,22,360,PIBT_PLUS,1,177386,151345,1004,1004,835
brc202d.map,21,690,PushAndSwap,0,34819,289164,2001,1131,309026
brc202d.map,21,700,PushAndSwap,0,32534,294856,2001,1131,24210
brc202d.map,21,710,PushAndSwap,0,32662,298474,2001,1131,41828
brc202d.map,21,720,PushAndSwap,0,34894,302420,2001,1131,11981
brc202d.map,22,370,PIBT_PLUS,1,183561,155910,1004,1004,594
brc202d.map,22,380,PIBT_PLUS,1,189920,162111,1004,1004,553
brc202d.map,22,390,PIBT_PLUS,1,194997,167256,1004,1004,438
brc202d.map,22,400,PIBT_PLUS,1,200737,172460,1007,1007,902
brc202d.map,22,690,HCA,0,0,298886,-1,1011,30388
brc202d.map,22,700,HCA,0,0,303347,-1,1011,30677
brc202d.map,22,710,HCA,1,323846,308573,1011,1011,23628
brc202d.map,22,720,HCA,1,329813,313954,1011,1011,16447
brc202d.map,22,410,PIBT_PLUS,1,206651,177198,1007,1007,503
brc202d.map,22,420,PIBT_PLUS,1,212184,180509,1007,1007,1380
brc202d.map,22,430,PIBT_PLUS,1,217970,184730,1007,1007,882
brc202d.map,22,440,PIBT_PLUS,1,221531,189685,1007,1007,761
brc202d.map,22,450,PIBT_PLUS,1,228934,194387,1007,1007,760
brc202d.map,22,460,PIBT_PLUS,1,232009,197747,1007,1007,1319
brc202d.map,22,470,PIBT_PLUS,1,237101,201922,1007,1007,1008
brc202d.map,22,480,PIBT_PLUS,1,244478,207132,1007,1007,1033
brc202d.map,22,490,PIBT_PLUS,1,251627,211804,1007,1007,1036
brc202d.map,22,500,PIBT_PLUS,1,254727,216367,1007,1007,1157
brc202d.map,22,510,PIBT_PLUS,1,261494,220568,1007,1007,955
brc202d.map,22,520,PIBT_PLUS,1,265972,225289,1007,1007,1258
brc202d.map,22,530,PIBT_PLUS,1,271970,230730,1007,1007,720
brc202d.map,22,540,PIBT_PLUS,1,277041,234756,1007,1007,1139
brc202d.map,22,550,PIBT_PLUS,1,281695,238558,1007,1007,1628
brc202d.map,22,560,PIBT_PLUS,1,286529,242153,1007,1007,913
brc202d.map,22,570,PIBT_PLUS,1,293114,246490,1007,1007,773
brc202d.map,22,580,PIBT_PLUS,1,295309,249483,1007,1007,700
brc202d.map,22,590,PIBT_PLUS,1,301742,253787,1007,1007,1058
brc202d.map,22,600,PIBT_PLUS,1,306851,258541,1007,1007,1141
brc202d.map,21,770,PushAndSwap --no-compress,0,186353200,321635,326361,1131,5394
brc202d.map,21,780,PushAndSwap --no-compress,0,190834643,325701,330273,1131,9360
brc202d.map,21,790,PushAndSwap --no-compress,0,195968057,329321,334003,1131,6499
brc202d.map,21,800,PushAndSwap --no-compress,0,200758756,332905,337895,1131,6633
brc202d.map,22,610,PIBT_PLUS,1,313032,262501,1007,1007,1350
brc202d.map,22,620,PIBT_PLUS,1,316881,266305,1007,1007,1823
brc202d.map,22,630,PIBT_PLUS,1,326279,271927,1011,1011,1297
brc202d.map,22,640,PIBT_PLUS,1,331717,276368,1011,1011,2009
brc202d.map,20,770,PushAndSwap --no-compress,0,184409357,314983,319941,1107,8084
brc202d.map,20,780,PushAndSwap --no-compress,0,189251807,319396,324414,1107,7909
brc202d.map,20,790,PushAndSwap --no-compress,0,194684518,323502,328842,1107,6293
brc202d.map,20,800,PushAndSwap --no-compress,0,199629384,327783,333185,1107,8588
brc202d.map,22,650,PIBT_PLUS,1,338020,281317,1011,1011,1925
brc202d.map,22,660,PIBT_PLUS,1,343800,284555,1011,1011,1286
brc202d.map,22,670,PIBT_PLUS,1,346851,289828,1011,1011,1882
brc202d.map,22,680,PIBT_PLUS,1,349532,293961,1011,1011,2163
brc202d.map,22,650,HCA,0,0,281317,-1,1011,40346
brc202d.map,22,660,HCA,0,0,284555,-1,1011,31179
brc202d.map,22,670,HCA,0,0,289828,-1,1011,31490
brc202d.map,22,680,HCA,1,308630,293961,1011,1011,17390
brc202d.map,22,690,PIBT_PLUS,1,360244,298886,1011,1011,1610
brc202d.map,22,700,PIBT_PLUS,1,364181,303347,1011,1011,1922
brc202d.map,22,710,PIBT_PLUS,1,372664,308573,1011,1011,824
brc202d.map,22,720,PIBT_PLUS,1,377015,313954,1011,1011,831
brc202d.map,22,730,HCA,0,0,318299,-1,1011,30011
brc202d.map,22,740,HCA,0,0,320780,-1,1011,30028
brc202d.map,22,750,HCA,1,343593,324433,1011,1011,23219
brc202d.map,22,760,HCA,1,347672,327299,1011,1011,21559
brc202d.map,22,770,PIBT_PLUS,1,405392,331678,1011,1011,1661
brc202d.map,22,780,PIBT_PLUS,1,411802,335849,1011,1011,1993
brc202d.map,22,790,PIBT_PLUS,1,416048,339282,1011,1011,1605
brc202d.map,22,800,PIBT_PLUS,1,423097,344469,1011,1011,1908
brc202d.map,22,10,PushAndSwap,1,8712,4438,1327,888,181
brc202d.map,22,20,PushAndSwap,1,26096,7870,1801,888,166
brc202d.map,22,30,PushAndSwap,0,28908,12038,2001,888,129
brc202d.map,22,40,PushAndSwap,0,43395,17144,2001,888,184
brc202d.map,22,730,PIBT_PLUS,1,385368,318299,1011,1011,2024
brc202d.map,22,740,PIBT_PLUS,1,389201,320780,1015,1011,2664
brc202d.map,22,750,PIBT_PLUS,1,394857,324433,1011,1011,1554
brc202d.map,22,760,PIBT_PLUS,1,400104,327299,1011,1011,1810
brc202d.map,22,50,PushAndSwap,0,39465,20343,2001,888,274
brc202d.map,22,60,PushAndSwap,0,27298,24955,2001,888,181
brc202d.map,22,70,PushAndSwap,0,32529,29130,2001,944,201
brc202d.map,22,80,PushAndSwap,0,27337,33007,2001,944,311
brc202d.map,22,90,PushAndSwap,0,22494,37933,2001,955,267
brc202d.map,22,100,PushAndSwap,0,24870,41799,2001,955,328
brc202d.map,22,110,PushAndSwap,0,30421,45368,2001,974,760
brc202d.map,22,120,PushAndSwap,0,33677,49394,2001,974,591
brc202d.map,22,130,PushAndSwap,0,35594,54002,2001,974,372
brc202d.map,22,140,PushAndSwap,0,38808,59008,2001,974,932
brc202d.map,22,150,PushAndSwap,0,41218,63717,2001,974,878
brc202d.map,22,160,PushAndSwap,0,40216,68177,2001,974,529
brc202d.map,22,810,PIBT_PLUS,1,427755,347813,1011,1011,2329
brc202d.map,22,820,PIBT_PLUS,1,434063,351896,1011,1011,1894
brc202d.map,22,830,PIBT_PLUS,1,440666,356898,1047,1047,1972
brc202d.map,22,840,PIBT_PLUS,1,444371,360513,1047,1047,2668
brc202d.map,22,850,PIBT_PLUS,1,449101,365349,1047,1047,2447
brc202d.map,22,860,PIBT_PLUS,1,456213,368927,1047,1047,1907
brc202d.map,22,870,PIBT_PLUS,1,463937,372775,1047,1047,1304
brc202d.map,22,880,PIBT_PLUS,1,470583,376244,1047,1047,2343
brc202d.map,22,170,PushAndSwap,0,43583,71703,2001,974,1259
brc202d.map,22,180,PushAndSwap,0,43028,75679,2001,974,591
brc202d.map,22,190,PushAndSwap,0,41577,80128,2001,974,657
brc202d.map,22,200,PushAndSwap,0,46767,83794,2001,984,1339
brc202d.map,2,770,PushAndSwap,0,49684,330369,2001,1063,750499
brc202d.map,2,780,PushAndSwap,0,47770,334294,2001,1063,46375
brc202d.map,2,790,PushAndSwap,-1,-1,-1,-1,-1,-1
brc202d.map,2,800,PushAndSwap,0,48044,342189,2001,1063,283311
brc202d.map,22,890,PIBT_PLUS,1,469954,379524,1047,1047,1899
brc202d.map,22,900,PIBT_PLUS,1,479461,384272,1055,1055,2134
brc202d.map,22,910,PIBT_PLUS,1,484332,388276,1060,1060,2449
brc202d.map,22,920,PIBT_PLUS,1,493035,393337,1060,1060,1931
brc202d.map,22,210,PushAndSwap,0,51936,87891,2001,984,787
brc202d.map,22,220,PushAndSwap,0,52061,93352,2001,984,1316
brc202d.map,22,230,PushAndSwap,0,53424,97583,2001,984,1052
brc202d.map,22,240,PushAndSwap,0,49524,102670,2001,984,1089
brc202d.map,22,770,HCA,0,0,331678,-1,1011,30020
brc202d.map,22,780,HCA,0,0,335849,-1,1011,30004
brc202d.map,22,790,HCA,1,359848,339282,1011,1011,18985
brc202d.map,22,800,HCA,0,0,344469,-1,1011,30922
brc202d.map,22,930,PIBT_PLUS,1,498344,397966,1060,1060,1636
brc202d.map,22,940,PIBT_PLUS,1,504897,403276,1060,1060,3027
brc202d.map,22,950,PIBT_PLUS,1,508493,406244,1060,1060,2139
brc202d.map,22,960,PIBT_PLUS,1,512616,409420,1060,1060,1567
brc202d.map,22,250,PushAndSwap,0,47772,106977,2001,984,1097
brc202d.map,22,260,PushAndSwap,0,47989,110511,2001,984,1318
brc202d.map,22,270,PushAndSwap,0,41153,115247,2001,984,1318
brc202d.map,22,280,PushAndSwap,0,41753,118313,2001,984,1675
brc202d.map,22,290,PushAndSwap,0,43978,122217,2001,984,1660
brc202d.map,22,300,PushAndSwap,0,47255,126475,2001,984,1554
brc202d.map,22,310,PushAndSwap,0,44501,128412,2001,984,2072
brc202d.map,22,320,PushAndSwap,0,35829,135016,2001,1004,3110
brc202d.map,22,970,PIBT_PLUS,1,519150,412862,1064,1060,2785
brc202d.map,22,980,PIBT_PLUS,1,524582,417331,1060,1060,2531
brc202d.map,22,990,PIBT_PLUS,1,531309,422769,1060,1060,1774
brc202d.map,22,1000,PIBT_PLUS,1,536966,427817,1060,1060,2930
brc202d.map,22,330,PushAndSwap,0,37122,139207,2001,1004,2487
brc202d.map,22,340,PushAndSwap,0,36441,143462,2001,1004,2206
brc202d.map,22,350,PushAndSwap,0,30497,147002,2001,1004,2064
brc202d.map,22,360,PushAndSwap,0,52112,151345,2001,1004,2911
brc202d.map,22,810,HCA,1,368356,347813,1011,1011,21871
brc202d.map,22,820,HCA,0,0,351896,-1,1011,30004
brc202d.map,22,830,HCA,0,0,356898,-1,1047,30832
brc202d.map,22,840,HCA,0,0,360513,-1,1047,32053
brc202d.map,22,370,PushAndSwap,0,52163,155910,2001,1004,2220
brc202d.map,22,380,PushAndSwap,0,51120,162111,2001,1004,2591
brc202d.map,22,390,PushAndSwap,0,62084,167256,2001,1004,3548
brc202d.map,22,400,PushAndSwap,0,26654,172460,2001,1007,3336
brc202d.map,22,410,PushAndSwap,0,26784,177198,2001,1007,2720
brc202d.map,22,420,PushAndSwap,0,25814,180509,2001,1007,3870
brc202d.map,22,430,PushAndSwap,0,28501,184730,2001,1007,4446
brc202d.map,22,440,PushAndSwap,0,25580,189685,2001,1007,9260
brc202d.map,22,850,HCA,0,0,365349,-1,1047,30060
brc202d.map,22,860,HCA,0,0,368927,-1,1047,30005
brc202d.map,22,870,HCA,0,0,372775,-1,1047,31257
brc202d.map,22,880,HCA,0,0,376244,-1,1047,30007
brc202d.map,22,570,PushAndSwap,0,31422,246490,2001,1007,15982
brc202d.map,22,580,PushAndSwap,0,31700,249483,2001,1007,6393
brc202d.map,22,590,PushAndSwap,0,31633,253787,2001,1007,4532
brc202d.map,22,600,PushAndSwap,0,31605,258541,2001,1007,6283
brc202d.map,22,890,HCA,0,0,379524,-1,1047,30008
brc202d.map,22,900,HCA,0,0,384272,-1,1055,30770
brc202d.map,22,910,HCA,0,0,388276,-1,1060,30144
brc202d.map,22,920,HCA,0,0,393337,-1,1060,30004
brc202d.map,22,930,HCA,0,0,397966,-1,1060,30005
brc202d.map,22,940,HCA,0,0,403276,-1,1060,30165
brc202d.map,22,950,HCA,0,0,406244,-1,1060,30003
brc202d.map,22,960,HCA,0,0,409420,-1,1060,30003
brc202d.map,22,10,PushAndSwap --no-compress,0,33802,4438,4612,888,14
brc202d.map,22,20,PushAndSwap --no-compress,0,115838,7870,8056,888,32
brc202d.map,22,30,PushAndSwap --no-compress,0,258275,12038,12224,888,70
brc202d.map,22,40,PushAndSwap --no-compress,0,481559,17144,17330,888,72
brc202d.map,22,50,PushAndSwap --no-compress,0,723954,20343,20651,888,100
brc202d.map,22,60,PushAndSwap --no-compress,0,1047748,24955,25263,888,173
brc202d.map,22,70,PushAndSwap --no-compress,0,1445246,29130,29458,944,123
brc202d.map,22,80,PushAndSwap --no-compress,0,1864274,33007,33341,944,78
brc202d.map,22,90,PushAndSwap --no-compress,0,2433685,37933,38121,955,96
brc202d.map,22,100,PushAndSwap --no-compress,0,3002348,41799,42001,955,126
brc202d.map,22,110,PushAndSwap --no-compress,0,3593060,45368,45758,974,258
brc202d.map,22,120,PushAndSwap --no-compress,0,4252392,49394,49790,974,449
brc202d.map,22,130,PushAndSwap --no-compress,0,5001465,54002,54422,974,169
brc202d.map,22,140,PushAndSwap --no-compress,0,5839986,59008,59434,974,354
brc202d.map,22,150,PushAndSwap --no-compress,0,6805809,63717,64167,974,583
brc202d.map,22,160,PushAndSwap --no-compress,0,7785636,68177,68651,974,207
brc202d.map,22,170,PushAndSwap --no-compress,0,8729036,71703,72195,974,300
brc202d.map,22,180,PushAndSwap --no-compress,0,9780345,75679,76069,974,859
brc202d.map,22,190,PushAndSwap --no-compress,0,10942300,80128,80560,974,288
brc202d.map,22,200,PushAndSwap --no-compress,0,12177017,83794,84200,984,570
brc202d.map,22,210,PushAndSwap --no-compress,0,13380848,87891,88325,984,1132
brc202d.map,22,220,PushAndSwap --no-compress,0,14795616,93352,93834,984,681
brc202d.map,22,230,PushAndSwap --no-compress,0,16128794,97583,98077,984,428
brc202d.map,22,240,PushAndSwap --no-compress,0,17699211,102670,103218,984,1591
brc202d.map,22,250,PushAndSwap --no-compress,0,19227183,106977,107537,984,478
brc202d.map,22,260,PushAndSwap --no-compress,0,20627769,110511,111077,984,1262
brc202d.map,22,270,PushAndSwap --no-compress,0,22315561,115247,115853,984,718
brc202d.map,22,280,PushAndSwap --no-compress,0,23801454,118313,118933,984,822
brc202d.map,22,890,PushAndSwap,-1,-1,-1,-1,-1,-1
brc202d.map,22,900,PushAndSwap,-1,-1,-1,-1,-1,-1
brc202d.map,22,910,PushAndSwap,-1,-1,-1,-1,-1,-1
brc202d.map,22,920,PushAndSwap,-1,-1,-1,-1,-1,-1
brc202d.map,22,970,HCA,0,0,412862,-1,1060,30320
brc202d.map,22,980,HCA,0,0,417331,-1,1060,30130
brc202d.map,22,990,HCA,0,0,422769,-1,1060,30002
brc202d.map,22,1000,HCA,0,0,427817,-1,1060,30005
brc202d.map,22,610,PushAndSwap,0,32750,262501,2001,1007,16684
brc202d.map,22,620,PushAndSwap,0,32846,266305,2001,1007,7318
brc202d.map,22,630,PushAndSwap,0,35705,271927,2001,1011,5975
brc202d.map,22,640,PushAndSwap,0,38856,276368,2001,1011,32670
brc202d.map,22,490,PushAndSwap,0,29058,211804,2001,1007,4997
brc202d.map,22,500,PushAndSwap,0,28231,216367,2001,1007,5557
brc202d.map,22,510,PushAndSwap,0,28824,220568,2001,1007,52831
brc202d.map,22,520,PushAndSwap,0,27652,225289,2001,1007,3147
brc202d.map,22,290,PushAndSwap --no-compress,0,25494341,122217,122867,984,457
brc202d.map,22,300,PushAndSwap --no-compress,0,27457539,126475,127255,984,789
brc202d.map,22,310,PushAndSwap --no-compress,0,28930673,128412,129212,984,933
brc202d.map,22,320,PushAndSwap --no-compress,0,31317763,135016,135896,1004,1149
brc202d.map,22,330,PushAndSwap --no-compress,0,33270983,139207,140101,1004,610
brc202d.map,22,340,PushAndSwap --no-compress,0,35446192,143462,144416,1004,1080
brc202d.map,22,350,PushAndSwap --no-compress,0,37536848,147002,148024,1004,737
brc202d.map,22,360,PushAndSwap --no-compress,0,39791226,151345,152397,1004,1057
brc202d.map,22,370,PushAndSwap --no-compress,0,42100196,155910,156994,1004,897
brc202d.map,22,380,PushAndSwap --no-compress,0,44900243,162111,163189,1004,1509
brc202d.map,22,390,PushAndSwap --no-compress,0,47563881,167256,168374,1004,1586
brc202d.map,22,400,PushAndSwap --no-compress,0,50325513,172460,173614,1007,1444
brc202d.map,22,410,PushAndSwap --no-compress,0,53166266,177198,178464,1007,1811
brc202d.map,22,420,PushAndSwap --no-compress,0,55455484,180509,181809,1007,1510
brc202d.map,22,430,PushAndSwap --no-compress,0,58055813,184730,186178,1007,1834
brc202d.map,22,440,PushAndSwap --no-compress,0,60947616,189685,191145,1007,3540
brc202d.map,22,650,PushAndSwap,0,38795,281317,2001,1011,27346
brc202d.map,22,660,PushAndSwap,0,39707,284555,2001,1011,17571
brc202d.map,22,670,PushAndSwap,0,39789,289828,2001,1011,19562
brc202d.map,22,680,PushAndSwap,0,39825,293961,2001,1011,8847
brc202d.map,22,450,PushAndSwap --no-compress,0,63822229,194387,195905,1007,1898
brc202d.map,22,460,PushAndSwap --no-compress,0,66417810,197747,199287,1007,2239
brc202d.map,22,470,PushAndSwap --no-compress,0,69278116,201922,203486,1007,2798
brc202d.map,22,480,PushAndSwap --no-compress,0,72666860,207132,208804,1007,1700
brc202d.map,22,490,PushAndSwap --no-compress,0,76103441,211804,213548,1007,1871
brc202d.map,22,500,PushAndSwap --no-compress,0,79266064,216367,218095,1007,3885
brc202d.map,22,510,PushAndSwap --no-compress,0,82449168,220568,222326,1007,2313
brc202d.map,22,520,PushAndSwap --no-compress,0,85989072,225289,227105,1007,2065
brc202d.map,22,930,PushAndSwap,-1,-1,-1,-1,-1,-1
brc202d.map,22,940,PushAndSwap,-1,-1,-1,-1,-1,-1
brc202d.map,22,950,PushAndSwap,-1,-1,-1,-1,-1,-1
brc202d.map,22,960,PushAndSwap,-1,-1,-1,-1,-1,-1
brc202d.map,22,970,PushAndSwap,-1,-1,-1,-1,-1,-1
brc202d.map,22,980,PushAndSwap,-1,-1,-1,-1,-1,-1
brc202d.map,22,990,PushAndSwap,-1,-1,-1,-1,-1,-1
brc202d.map,22,1000,PushAndSwap,-1,-1,-1,-1,-1,-1
brc202d.map,22,530,PushAndSwap --no-compress,0,89877709,230730,232598,1007,3829
brc202d.map,22,540,PushAndSwap --no-compress,0,93284872,234756,236638,1007,2727
brc202d.map,22,550,PushAndSwap --no-compress,0,96616307,238558,240472,1007,2136
brc202d.map,22,560,PushAndSwap --no-compress,0,99769155,242153,244091,1007,5264
brc202d.map,19,810,PushAndSwap,-1,-1,-1,-1,-1,-1
brc202d.map,19,820,PushAndSwap,-1,-1,-1,-1,-1,-1
brc202d.map,19,830,PushAndSwap,-1,-1,-1,-1,-1,-1
brc202d.map,19,840,PushAndSwap,-1,-1,-1,-1,-1,-1
brc202d.map,22,570,PushAndSwap --no-compress,0,103333798,246490,248480,1007,4712
brc202d.map,22,580,PushAndSwap --no-compress,0,106491316,249483,251583,1007,2565
brc202d.map,22,590,PushAndSwap --no-compress,0,110079301,253787,255961,1007,5480
brc202d.map,22,600,PushAndSwap --no-compress,0,113974855,258541,260761,1007,4737
brc202d.map,22,450,PushAndSwap,0,25584,194387,2001,1007,4153
brc202d.map,22,460,PushAndSwap,0,25777,197747,2001,1007,6333
brc202d.map,22,470,PushAndSwap,0,26808,201922,2001,1007,94827
brc202d.map,22,480,PushAndSwap,0,28330,207132,2001,1007,5783
brc202d.map,17,770,PushAndSwap,0,43985,324818,2001,1090,1062985
brc202d.map,17,780,PushAndSwap,0,45985,329224,2001,1090,402490
brc202d.map,17,790,PushAndSwap,0,46112,333686,2001,1090,441916
brc202d.map,17,800,PushAndSwap,-1,-1,-1,-1,-1,-1
brc202d.map,23,10,PIBT,1,5125,4766,861,861,15
brc202d.map,23,20,PIBT,1,8456,7947,861,861,24
brc202d.map,23,30,PIBT,1,12639,11813,861,861,37
brc202d.map,23,40,PIBT,1,16885,15562,945,945,53
brc202d.map,23,50,PIBT,1,20431,18928,957,957,61
brc202d.map,23,60,PIBT,1,24705,23268,957,957,86
brc202d.map,23,70,PIBT,1,28856,26079,957,957,68
brc202d.map,23,80,PIBT,1,33363,29586,963,963,67
brc202d.map,23,90,PIBT,1,37018,32709,963,963,138
brc202d.map,23,100,PIBT,1,41691,37127,963,963,144
brc202d.map,23,110,PIBT,1,47846,42343,963,963,155
brc202d.map,23,120,PIBT,1,53257,46881,963,963,91
brc202d.map,23,130,PIBT,1,58059,51667,963,963,105
brc202d.map,23,140,PIBT,1,63738,56310,963,963,168
brc202d.map,23,150,PIBT,1,67035,58047,963,963,194
brc202d.map,23,160,PIBT,1,71037,61977,963,963,161
brc202d.map,23,170,PIBT,1,76262,66846,986,986,139
brc202d.map,23,180,PIBT,1,80248,70685,986,986,260
brc202d.map,23,190,PIBT,1,86165,75403,986,986,142
brc202d.map,23,200,PIBT,1,91657,79740,986,986,267
brc202d.map,22,850,PushAndSwap,-1,-1,-1,-1,-1,-1
brc202d.map,22,860,PushAndSwap,-1,-1,-1,-1,-1,-1
brc202d.map,22,870,PushAndSwap,-1,-1,-1,-1,-1,-1
brc202d.map,22,880,PushAndSwap,-1,-1,-1,-1,-1,-1
brc202d.map,23,210,PIBT,1,96279,84421,986,986,268
brc202d.map,23,220,PIBT,1,100214,88042,986,986,163
brc202d.map,23,230,PIBT,1,105405,92765,1029,1029,420
brc202d.map,23,240,PIBT,1,111302,97417,1029,1029,235
brc202d.map,23,250,PIBT,1,115924,101670,1029,1029,434
brc202d.map,23,260,PIBT,1,120340,105055,1029,1029,186
brc202d.map,23,270,PIBT,1,126018,109420,1029,1029,268
brc202d.map,23,280,PIBT,1,129879,113323,1029,1029,258
brc202d.map,23,290,PIBT,1,134397,116763,1029,1029,276
brc202d.map,23,300,PIBT,1,137820,120269,1029,1029,352
brc202d.map,23,310,PIBT,1,142032,123340,1029,1029,388
brc202d.map,23,320,PIBT,1,146198,127189,1029,1029,350
brc202d.map,23,330,PIBT,1,153383,132862,1071,1071,256
brc202d.map,23,340,PIBT,1,155334,135868,1071,1071,505
brc202d.map,23,350,PIBT,1,160741,140818,1071,1071,540
brc202d.map,23,360,PIBT,1,165256,143080,1071,1071,257
brc202d.map,23,370,PIBT,1,170608,146716,1071,1071,775
brc202d.map,23,380,PIBT,1,173641,150784,1071,1071,292
brc202d.map,23,390,PIBT,1,180787,155909,1071,1071,644
brc202d.map,23,400,PIBT,1,185788,160928,1071,1071,296
brc202d.map,23,410,PIBT,1,191457,165137,1071,1071,647
brc202d.map,23,420,PIBT,1,196704,170501,1071,1071,298
brc202d.map,23,430,PIBT,1,203754,174017,1071,1071,755
brc202d.map,23,440,PIBT,1,209322,179316,1071,1071,339
brc202d.map,22,890,PushAndSwap --no-compress,-1,-1,-1,-1,-1,-1
brc202d.map,22,900,PushAndSwap --no-compress,-1,-1,-1,-1,-1,-1
brc202d.map,22,910,PushAndSwap --no-compress,-1,-1,-1,-1,-1,-1
brc202d.map,22,920,PushAndSwap --no-compress,-1,-1,-1,-1,-1,-1
brc202d.map,23,450,PIBT,1,210810,182163,1071,1071,522
brc202d.map,23,460,PIBT,1,215934,186516,1071,1071,792
brc202d.map,23,470,PIBT,1,221660,191405,1071,1071,644
brc202d.map,23,480,PIBT,1,227127,194892,1071,1071,384
brc202d.map,22,970,PushAndSwap --no-compress,-1,-1,-1,-1,-1,-1
brc202d.map,22,980,PushAndSwap --no-compress,-1,-1,-1,-1,-1,-1
brc202d.map,22,990,PushAndSwap --no-compress,-1,-1,-1,-1,-1,-1
brc202d.map,22,1000,PushAndSwap --no-compress,-1,-1,-1,-1,-1,-1
brc202d.map,23,490,PIBT,1,232315,198508,1071,1071,854
brc202d.map,23,500,PIBT,1,236201,203323,1071,1071,360
brc202d.map,23,510,PIBT,1,242018,207187,1071,1071,416
brc202d.map,23,520,PIBT,1,245982,210326,1071,1071,388
brc202d.map,23,530,PIBT,1,251710,215108,1071,1071,585
brc202d.map,23,540,PIBT,1,254763,217957,1071,1071,758
brc202d.map,23,550,PIBT,1,261424,223238,1071,1071,390
brc202d.map,23,560,PIBT,1,267123,227291,1071,1071,435
brc202d.map,23,570,PIBT,1,273986,231989,1071,1071,598
brc202d.map,23,580,PIBT,1,279439,237914,1071,1071,420
brc202d.map,23,590,PIBT,1,285407,242314,1071,1071,422
brc202d.map,23,600,PIBT,1,286923,246048,1071,1071,546
brc202d.map,23,610,PIBT,1,294570,250102,1071,1071,431
brc202d.map,23,620,PIBT,1,301198,254908,1071,1071,511
brc202d.map,23,630,PIBT,1,305522,259141,1071,1071,600
brc202d.map,23,640,PIBT,1,310701,263282,1071,1071,634
brc202d.map,23,650,PIBT,1,316304,268086,1071,1071,480
brc202d.map,23,660,PIBT,1,323200,271852,1071,1071,670
brc202d.map,23,670,PIBT,1,329999,276181,1071,1071,699
brc202d.map,23,680,PIBT,1,333492,279053,1071,1071,652
brc202d.map,23,690,PIBT,1,340118,284373,1071,1071,684
brc202d.map,23,700,PIBT,1,345869,288532,1071,1071,583
brc202d.map,23,710,PIBT,1,350721,292124,1071,1071,587
brc202d.map,23,720,PIBT,1,355658,295647,1071,1071,1129
brc202d.map,22,650,PushAndSwap --no-compress,0,134215073,281317,283995,1011,4378
brc202d.map,22,660,PushAndSwap --no-compress,0,138033882,284555,287297,1011,5185
brc202d.map,22,670,PushAndSwap --no-compress,0,142806830,289828,292700,1011,5750
brc202d.map,22,680,PushAndSwap --no-compress,0,147293270,293961,296885,1011,3426
brc202d.map,23,730,PIBT,1,362235,299253,1071,1071,841
brc202d.map,23,740,PIBT,1,364880,304546,1071,1071,710
brc202d.map,23,750,PIBT,1,372637,308978,1071,1071,935
brc202d.map,23,760,PIBT,1,379926,314145,1071,1071,900
brc202d.map,23,770,PIBT,1,385456,318100,1071,1071,948
brc202d.map,23,780,PIBT,1,387792,322701,1071,1071,1401
brc202d.map,23,790,PIBT,1,396894,325421,1071,1071,884
brc202d.map,23,800,PIBT,1,401533,329251,1071,1071,1346
brc202d.map,22,930,PushAndSwap --no-compress,-1,-1,-1,-1,-1,-1
brc202d.map,22,940,PushAndSwap --no-compress,-1,-1,-1,-1,-1,-1
brc202d.map,22,950,PushAndSwap --no-compress,-1,-1,-1,-1,-1,-1
brc202d.map,22,960,PushAndSwap --no-compress,0,296576571,409420,415334,1060,6082
brc202d.map,23,810,PIBT,1,409572,333782,1071,1071,991
brc202d.map,23,820,PIBT,1,414066,337499,1071,1071,935
brc202d.map,23,830,PIBT,1,418964,341267,1071,1071,1420
brc202d.map,23,840,PIBT,1,426526,346669,1071,1071,694
brc202d.map,23,10,HCA,1,4768,4766,861,861,244
brc202d.map,23,20,HCA,1,7955,7947,861,861,895
brc202d.map,23,30,HCA,1,11850,11813,861,861,224
brc202d.map,23,40,HCA,1,15576,15562,945,945,558
brc202d.map,23,850,PIBT,1,428709,350240,1071,1071,1049
brc202d.map,23,860,PIBT,1,436720,354125,1071,1071,935
brc202d.map,23,870,PIBT,1,441929,358995,1071,1071,1014
brc202d.map,23,880,PIBT,1,449303,364501,1071,1071,772
brc202d.map,23,50,HCA,1,18948,18928,957,957,964
brc202d.map,23,60,HCA,1,23292,23268,957,957,312
brc202d.map,23,70,HCA,1,26107,26079,957,957,519
brc202d.map,23,80,HCA,1,29629,29586,963,963,347
brc202d.map,23,890,PIBT,1,456983,369626,1071,1071,900
brc202d.map,23,900,PIBT,1,461566,374099,1071,1071,1412
brc202d.map,23,910,PIBT,1,465453,378145,1071,1071,1110
brc202d.map,23,920,PIBT,1,472270,381974,1071,1071,781
brc202d.map,23,930,PIBT,1,480346,385742,1071,1071,1232
brc202d.map,23,940,PIBT,1,484797,390913,1071,1071,1262
brc202d.map,23,950,PIBT,1,495661,394716,1071,1071,1133
brc202d.map,23,960,PIBT,1,499245,398918,1071,1071,789
brc202d.map,23,90,HCA,1,32841,32709,963,963,349
brc202d.map,23,100,HCA,1,37275,37127,963,963,450
brc202d.map,23,110,HCA,1,42500,42343,963,963,2085
brc202d.map,23,120,HCA,1,47271,46881,963,963,1217
brc202d.map,23,970,PIBT,1,505163,403037,1071,1071,1170
brc202d.map,23,980,PIBT,1,506120,406488,1071,1071,764
brc202d.map,23,990,PIBT,1,512654,409879,1071,1071,1251
brc202d.map,23,1000,PIBT,1,520215,414097,1071,1071,1091
brc202d.map,23,130,HCA,1,52059,51667,963,963,561
brc202d.map,23,140,HCA,1,56850,56310,963,963,1962
brc202d.map,23,150,HCA,1,58915,58047,963,963,1449
brc202d.map,23,160,HCA,1,62888,61977,963,963,2174
brc202d.map,23,170,HCA,1,67757,66846,986,986,1099
brc202d.map,23,180,HCA,1,71710,70685,986,986,1635
brc202d.map,23,190,HCA,1,76410,75403,986,986,1306
brc202d.map,23,200,HCA,1,80760,79740,986,986,2008
brc202d.map,23,210,HCA,1,85492,84421,986,986,2515
brc202d.map,23,220,HCA,1,89200,88042,986,986,1967
brc202d.map,23,230,HCA,1,94021,92765,1029,1029,2997
brc202d.map,23,240,HCA,1,99382,97417,1029,1029,3700
brc202d.map,23,250,HCA,1,104385,101670,1029,1029,3124
brc202d.map,23,260,HCA,1,107637,105055,1029,1029,2691
brc202d.map,23,270,HCA,1,112396,109420,1029,1029,3064
brc202d.map,23,280,HCA,1,116589,113323,1029,1029,3425
brc202d.map,22,730,PushAndSwap --no-compress,0,171289020,318299,321715,1011,5985
brc202d.map,22,740,PushAndSwap --no-compress,0,175351986,320780,324330,1011,5318
brc202d.map,22,750,PushAndSwap --no-compress,0,180113685,324433,328021,1011,6161
brc202d.map,22,760,PushAndSwap --no-compress,0,184207639,327299,331001,1011,5352
brc202d.map,22,610,PushAndSwap --no-compress,0,117614093,262501,264919,1007,2960
brc202d.map,22,620,PushAndSwap --no-compress,0,121354313,266305,268801,1007,6207
brc202d.map,22,630,PushAndSwap --no-compress,0,125750761,271927,274471,1011,5866
brc202d.map,22,640,PushAndSwap --no-compress,0,130073091,276368,278954,1011,3989
brc202d.map,23,290,HCA,1,120091,116763,1029,1029,3477
brc202d.map,23,300,HCA,1,123615,120269,1029,1029,5967
brc202d.map,23,310,HCA,1,126623,123340,1029,1029,2895
brc202d.map,23,320,HCA,1,130156,127189,1029,1029,2657
brc202d.map,23,330,HCA,1,136155,132862,1071,1071,6673
brc202d.map,23,340,HCA,1,139086,135868,1071,1071,3702
brc202d.map,23,350,HCA,1,144149,140818,1071,1071,3757
brc202d.map,23,360,HCA,1,146330,143080,1071,1071,5520
brc202d.map,23,370,HCA,1,150239,146716,1071,1071,7502
brc202d.map,23,380,HCA,1,154423,150784,1071,1071,4595
brc202d.map,23,390,HCA,1,159323,155909,1071,1071,6597
brc202d.map,23,400,HCA,1,165144,160928,1071,1071,5491
brc202d.map,23,410,HCA,1,169144,165137,1071,1071,12285
brc202d.map,23,420,HCA,1,174907,170501,1071,1071,7129
brc202d.map,23,430,HCA,1,180229,174017,1071,1071,6620
brc202d.map,23,440,HCA,1,185328,179316,1071,1071,6101
brc202d.map,23,450,HCA,1,188401,182163,1071,1071,9213
brc202d.map,23,460,HCA,1,192818,186516,1071,1071,7186
brc202d.map,23,470,HCA,1,197847,191405,1071,1071,11524
brc202d.map,23,480,HCA,1,201626,194892,1071,1071,10230
brc202d.map,23,490,HCA,1,205081,198508,1071,1071,7880
brc202d.map,23,500,HCA,1,209720,203323,1071,1071,8628
brc202d.map,23,510,HCA,1,213606,207187,1071,1071,7205
brc202d.map,23,520,HCA,1,217054,210326,1071,1071,20846
brc202d.map,22,530,PushAndSwap,0,29502,230730,2001,1007,8048
brc202d.map,22,540,PushAndSwap,0,30879,234756,2001,1007,206148
brc202d.map,22,550,PushAndSwap,0,29826,238558,2001,1007,15614
brc202d.map,22,560,PushAndSwap,0,30033,242153,2001,1007,4407
brc202d.map,23,530,HCA,1,222383,215108,1071,1071,8629
brc202d.map,23,540,HCA,1,225266,217957,1071,1071,8404
brc202d.map,23,550,HCA,1,230435,223238,1071,1071,14568
brc202d.map,23,560,HCA,1,234766,227291,1071,1071,23070
brc202d.map,23,610,HCA,1,260326,250102,1071,1071,16695
brc202d.map,23,620,HCA,1,264719,254908,1071,1071,14150
brc202d.map,23,630,HCA,1,268876,259141,1071,1071,17544
brc202d.map,23,640,HCA,1,273472,263282,1071,1071,18121
brc202d.map,23,650,HCA,1,278646,268086,1071,1071,15696
brc202d.map,23,660,HCA,1,282122,271852,1071,1071,20914
brc202d.map,23,670,HCA,1,286757,276181,1071,1071,19915
brc202d.map,23,680,HCA,1,289965,279053,1071,1071,12985
brc202d.map,23,570,HCA,1,239808,231989,1071,1071,10930
brc202d.map,23,580,HCA,1,246845,237914,1071,1071,21428
brc202d.map,23,590,HCA,0,0,242314,-1,1071,30021
brc202d.map,23,600,HCA,1,255864,246048,1071,1071,14197
brc202d.map,23,10,PIBT_PLUS,1,5125,4766,861,861,13
brc202d.map,23,20,PIBT_PLUS,1,8456,7947,861,861,22
brc202d.map,23,30,PIBT_PLUS,1,12639,11813,861,861,67
brc202d.map,23,40,PIBT_PLUS,1,16885,15562,945,945,106
brc202d.map,23,50,PIBT_PLUS,1,20431,18928,957,957,109
brc202d.map,23,60,PIBT_PLUS,1,24705,23268,957,957,60
brc202d.map,23,70,PIBT_PLUS,1,28856,26079,957,957,76
brc202d.map,23,80,PIBT_PLUS,1,33363,29586,963,963,79
brc202d.map,23,90,PIBT_PLUS,1,37018,32709,963,963,202
brc202d.map,23,100,PIBT_PLUS,1,41691,37127,963,963,236
brc202d.map,23,110,PIBT_PLUS,1,47846,42343,963,963,249
brc202d.map,23,120,PIBT_PLUS,1,53257,46881,963,963,173
brc202d.map,23,130,PIBT_PLUS,1,58059,51667,963,963,236
brc202d.map,23,140,PIBT_PLUS,1,63738,56310,963,963,290
brc202d.map,23,150,PIBT_PLUS,1,67035,58047,963,963,522
brc202d.map,23,160,PIBT_PLUS,1,71037,61977,963,963,349
brc202d.map,23,170,PIBT_PLUS,1,76262,66846,986,986,381
brc202d.map,23,180,PIBT_PLUS,1,80248,70685,986,986,298
brc202d.map,23,190,PIBT_PLUS,1,86165,75403,986,986,208
brc202d.map,23,200,PIBT_PLUS,1,91657,79740,986,986,520
brc202d.map,22,690,PushAndSwap --no-compress,0,152060017,298886,301844,1011,7420
brc202d.map,22,700,PushAndSwap --no-compress,0,156584383,303347,306327,1011,5044
brc202d.map,22,710,PushAndSwap --no-compress,0,161374054,308573,311673,1011,8707
brc202d.map,22,720,PushAndSwap --no-compress,0,166332426,313954,317098,1011,5667
brc202d.map,23,210,PIBT_PLUS,1,96279,84421,986,986,538
brc202d.map,23,220,PIBT_PLUS,1,100214,88042,986,986,227
brc202d.map,23,230,PIBT_PLUS,1,105405,92765,1029,1029,542
brc202d.map,23,240,PIBT_PLUS,1,111302,97417,1029,1029,355
brc202d.map,23,250,PIBT_PLUS,1,115924,101670,1029,1029,466
brc202d.map,23,260,PIBT_PLUS,1,120340,105055,1029,1029,427
brc202d.map,23,270,PIBT_PLUS,1,126018,109420,1029,1029,519
brc202d.map,23,280,PIBT_PLUS,1,129879,113323,1029,1029,439
brc202d.map,23,290,PIBT_PLUS,1,134397,116763,1029,1029,822
brc202d.map,23,300,PIBT_PLUS,1,137820,120269,1029,1029,658
brc202d.map,23,310,PIBT_PLUS,1,142032,123340,1029,1029,742
brc202d.map,23,320,PIBT_PLUS,1,146198,127189,1029,1029,647
brc202d.map,23,330,PIBT_PLUS,1,153383,132862,1071,1071,737
brc202d.map,23,340,PIBT_PLUS,1,155334,135868,1071,1071,466
brc202d.map,23,350,PIBT_PLUS,1,160741,140818,1071,1071,994
brc202d.map,23,360,PIBT_PLUS,1,165256,143080,1071,1071,857
brc202d.map,23,370,PIBT_PLUS,1,170608,146716,1071,1071,1061
brc202d.map,23,380,PIBT_PLUS,1,173641,150784,1071,1071,906
brc202d.map,23,390,PIBT_PLUS,1,180787,155909,1071,1071,1540
brc202d.map,23,400,PIBT_PLUS,1,185788,160928,1071,1071,987
brc202d.map,23,410,PIBT_PLUS,1,191457,165137,1071,1071,886
brc202d.map,23,420,PIBT_PLUS,1,196704,170501,1071,1071,789
brc202d.map,23,430,PIBT_PLUS,1,203754,174017,1071,1071,643
brc202d.map,23,440,PIBT_PLUS,1,209322,179316,1071,1071,1116
brc202d.map,23,450,PIBT_PLUS,1,210810,182163,1071,1071,717
brc202d.map,23,460,PIBT_PLUS,1,215934,186516,1071,1071,1236
brc202d.map,23,470,PIBT_PLUS,1,221660,191405,1071,1071,939
brc202d.map,23,480,PIBT_PLUS,1,227127,194892,1071,1071,1469
brc202d.map,23,490,PIBT_PLUS,1,232315,198508,1071,1071,857
brc202d.map,23,500,PIBT_PLUS,1,236201,203323,1071,1071,1395
brc202d.map,23,510,PIBT_PLUS,1,242018,207187,1071,1071,1862
brc202d.map,23,520,PIBT_PLUS,1,245982,210326,1071,1071,1460
brc202d.map,23,530,PIBT_PLUS,1,251710,215108,1071,1071,2230
brc202d.map,23,540,PIBT_PLUS,1,254763,217957,1071,1071,1456
brc202d.map,23,550,PIBT_PLUS,1,261424,223238,1071,1071,1845
brc202d.map,23,560,PIBT_PLUS,1,267123,227291,1071,1071,1143
brc202d.map,21,730,PushAndSwap,0,33858,305478,2001,1131,378914
brc202d.map,21,740,PushAndSwap,0,34015,309150,2001,1131,41272
brc202d.map,21,750,PushAndSwap,0,32976,313404,2001,1131,267039
brc202d.map,21,760,PushAndSwap,0,33044,316777,2001,1131,27891
brc202d.map,23,570,PIBT_PLUS,1,273986,231989,1071,1071,1889
brc202d.map,23,580,PIBT_PLUS,1,279439,237914,1071,1071,1142
brc202d.map,23,590,PIBT_PLUS,1,285407,242314,1071,1071,898
brc202d.map,23,600,PIBT_PLUS,1,286923,246048,1071,1071,1196
brc202d.map,23,730,HCA,1,312332,299253,1071,1071,25309
brc202d.map,23,740,HCA,1,317246,304546,1071,1071,22478
brc202d.map,23,750,HCA,1,321847,308978,1071,1071,20028
brc202d.map,23,760,HCA,1,327128,314145,1071,1071,20919
brc202d.map,23,690,HCA,1,295837,284373,1071,1071,17952
brc202d.map,23,700,HCA,0,0,288532,-1,1071,30005
brc202d.map,23,710,HCA,1,304381,292124,1071,1071,27930
brc202d.map,23,720,HCA,1,308541,295647,1071,1071,23847
brc202d.map,23,610,PIBT_PLUS,1,294570,250102,1071,1071,1163
brc202d.map,23,620,PIBT_PLUS,1,301198,254908,1071,1071,1211
brc202d.map,23,630,PIBT_PLUS,1,305522,259141,1071,1071,1984
brc202d.map,23,640,PIBT_PLUS,1,310701,263282,1071,1071,1862
brc202d.map,22,690,PushAndSwap,0,32825,298886,2001,1011,192041
brc202d.map,22,700,PushAndSwap,0,33024,303347,2001,1011,63953
brc202d.map,22,710,PushAndSwap,0,32676,308573,2001,1011,11461
brc202d.map,22,720,PushAndSwap,0,43611,313954,2001,1011,28454
brc202d.map,23,650,PIBT_PLUS,1,316304,268086,1071,1071,1307
brc202d.map,23,660,PIBT_PLUS,1,323200,271852,1071,1071,1976
brc202d.map,23,670,PIBT_PLUS,1,329999,276181,1071,1071,1990
brc202d.map,23,680,PIBT_PLUS,1,333492,279053,1071,1071,1109
brc202d.map,23,730,PIBT_PLUS,1,362235,299253,1071,1071,2102
brc202d.map,23,740,PIBT_PLUS,1,364880,304546,1071,1071,1868
brc202d.map,23,750,PIBT_PLUS,1,372637,308978,1071,1071,1280
brc202d.map,23,760,PIBT_PLUS,1,379926,314145,1071,1071,1712
brc202d.map,23,690,PIBT_PLUS,1,340118,284373,1071,1071,1960
brc202d.map,23,700,PIBT_PLUS,1,345869,288532,1071,1071,2029
brc202d.map,23,710,PIBT_PLUS,1,350721,292124,1071,1071,1251
brc202d.map,23,720,PIBT_PLUS,1,355658,295647,1071,1071,1819
brc202d.map,23,770,HCA,1,332736,318100,1071,1071,23586
brc202d.map,23,780,HCA,1,336142,322701,1071,1071,14958
brc202d.map,23,790,HCA,1,340456,325421,1071,1071,24964
brc202d.map,23,800,HCA,1,345211,329251,1071,1071,22087
brc202d.map,23,770,PIBT_PLUS,1,385456,318100,1071,1071,2074
brc202d.map,23,780,PIBT_PLUS,1,387792,322701,1071,1071,1311
brc202d.map,23,790,PIBT_PLUS,1,396894,325421,1071,1071,1852
brc202d.map,23,800,PIBT_PLUS,1,401533,329251,1071,1071,2088
brc202d.map,23,10,PushAndSwap,1,10959,4766,1635,861,180
brc202d.map,23,20,PushAndSwap,1,25970,7947,1925,861,104
brc202d.map,23,30,PushAndSwap,0,39274,11813,2001,861,118
brc202d.map,23,40,PushAndSwap,0,43161,15562,2001,945,140
brc202d.map,23,50,PushAndSwap,0,24343,18928,2001,957,130
brc202d.map,23,60,PushAndSwap,0,22255,23268,2001,957,166
brc202d.map,23,70,PushAndSwap,0,22804,26079,2001,957,182
brc202d.map,23,80,PushAndSwap,0,28896,29586,2001,963,261
brc202d.map,23,90,PushAndSwap,0,29765,32709,2001,963,227
brc202d.map,23,100,PushAndSwap,0,30343,37127,2001,963,300
brc202d.map,23,110,PushAndSwap,0,42260,42343,2001,963,747
brc202d.map,23,120,PushAndSwap,0,21356,46881,2001,963,879
brc202d.map,23,810,PIBT_PLUS,1,409572,333782,1071,1071,1241
brc202d.map,23,820,PIBT_PLUS,1,414066,337499,1071,1071,2022
brc202d.map,23,830,PIBT_PLUS,1,418964,341267,1071,1071,2113
brc202d.map,23,840,PIBT_PLUS,1,426526,346669,1071,1071,2777
brc202d.map,23,130,PushAndSwap,0,21488,51667,2001,963,861
brc202d.map,23,140,PushAndSwap,0,22197,56310,2001,963,1032
brc202d.map,23,150,PushAndSwap,0,22293,58047,2001,963,400
brc202d.map,23,160,PushAndSwap,0,20308,61977,2001,963,454
brc202d.map,23,850,PIBT_PLUS,1,428709,350240,1071,1071,1849
brc202d.map,23,860,PIBT_PLUS,1,436720,354125,1071,1071,2349
brc202d.map,23,870,PIBT_PLUS,1,441929,358995,1071,1071,3122
brc202d.map,23,880,PIBT_PLUS,1,449303,364501,1071,1071,2927
brc202d.map,23,170,PushAndSwap,0,38824,66846,2001,986,484
brc202d.map,23,180,PushAndSwap,0,28853,70685,2001,986,552
brc202d.map,23,190,PushAndSwap,0,39874,75403,2001,986,1183
brc202d.map,23,200,PushAndSwap,0,36477,79740,2001,986,1326
brc202d.map,23,890,PIBT_PLUS,1,456983,369626,1071,1071,2292
brc202d.map,23,900,PIBT_PLUS,1,461566,374099,1071,1071,1760
brc202d.map,23,910,PIBT_PLUS,1,465453,378145,1071,1071,2484
brc202d.map,23,920,PIBT_PLUS,1,472270,381974,1071,1071,3039
brc202d.map,23,210,PushAndSwap,0,27610,84421,2001,986,674
brc202d.map,23,220,PushAndSwap,0,38158,88042,2001,986,1217
brc202d.map,23,230,PushAndSwap,0,31703,92765,2001,1029,1540
brc202d.map,23,240,PushAndSwap,0,32121,97417,2001,1029,1391
brc202d.map,23,810,HCA,1,350640,333782,1071,1071,23040
brc202d.map,23,820,HCA,1,354408,337499,1071,1071,18425
brc202d.map,23,830,HCA,1,358453,341267,1071,1071,26335
brc202d.map,23,840,HCA,1,364794,346669,1071,1071,22537
brc202d.map,23,930,PIBT_PLUS,1,480346,385742,1071,1071,2630
brc202d.map,23,940,PIBT_PLUS,1,484797,390913,1071,1071,2839
brc202d.map,23,950,PIBT_PLUS,1,495661,394716,1071,1071,3069
brc202d.map,23,960,PIBT_PLUS,1,499245,398918,1071,1071,2168
brc202d.map,23,250,PushAndSwap,0,34265,101670,2001,1029,1782
brc202d.map,23,260,PushAndSwap,0,34558,105055,2001,1029,1144
brc202d.map,23,270,PushAndSwap,0,32900,109420,2001,1029,1817
brc202d.map,23,280,PushAndSwap,0,34227,113323,2001,1029,1683
brc202d.map,23,970,PIBT_PLUS,1,505163,403037,1071,1071,2524
brc202d.map,23,980,PIBT_PLUS,1,506120,406488,1071,1071,2648
brc202d.map,23,990,PIBT_PLUS,1,512654,409879,1071,1071,3153
brc202d.map,23,1000,PIBT_PLUS,1,520215,414097,1071,1071,2230
brc202d.map,23,290,PushAndSwap,0,35711,116763,2001,1029,1344
brc202d.map,23,300,PushAndSwap,0,53726,120269,2001,1029,1884
brc202d.map,23,310,PushAndSwap,0,35432,123340,2001,1029,1814
brc202d.map,23,320,PushAndSwap,0,54568,127189,2001,1029,1584
brc202d.map,23,330,PushAndSwap,0,17752,132862,2001,1071,1925
brc202d.map,23,340,PushAndSwap,0,18121,135868,2001,1071,2538
brc202d.map,23,350,PushAndSwap,0,18312,140818,2001,1071,2101
brc202d.map,23,360,PushAndSwap,0,18593,143080,2001,1071,2420
brc202d.map,23,370,PushAndSwap,0,19795,146716,2001,1071,2641
brc202d.map,23,380,PushAndSwap,0,18960,150784,2001,1071,2841
brc202d.map,23,390,PushAndSwap,0,22736,155909,2001,1071,2467
brc202d.map,23,400,PushAndSwap,0,22362,160928,2001,1071,3335
brc202d.map,23,410,PushAndSwap,0,22797,165137,2001,1071,3363
brc202d.map,23,420,PushAndSwap,0,22592,170501,2001,1071,3031
brc202d.map,23,430,PushAndSwap,0,23027,174017,2001,1071,3446
brc202d.map,23,440,PushAndSwap,0,22990,179316,2001,1071,7002
brc202d.map,23,450,PushAndSwap,0,23953,182163,2001,1071,3450
brc202d.map,23,460,PushAndSwap,0,23835,186516,2001,1071,8551
brc202d.map,23,470,PushAndSwap,0,22999,191405,2001,1071,4338
brc202d.map,23,480,PushAndSwap,0,19959,194892,2001,1071,4136
brc202d.map,23,850,HCA,0,0,350240,-1,1071,30001
brc202d.map,23,860,HCA,1,373140,354125,1071,1071,24996
brc202d.map,23,870,HCA,1,378787,358995,1071,1071,19802
brc202d.map,23,880,HCA,0,0,364501,-1,1071,30006
brc202d.map,23,530,PushAndSwap,0,19610,215108,2001,1071,7701
brc202d.map,23,540,PushAndSwap,0,19888,217957,2001,1071,8581
brc202d.map,23,550,PushAndSwap,0,19771,223238,2001,1071,5041
brc202d.map,23,560,PushAndSwap,0,19970,227291,2001,1071,6302
brc202d.map,22,850,PushAndSwap --no-compress,-1,-1,-1,-1,-1,-1
brc202d.map,22,860,PushAndSwap --no-compress,-1,-1,-1,-1,-1,-1
brc202d.map,22,870,PushAndSwap --no-compress,-1,-1,-1,-1,-1,-1
brc202d.map,22,880,PushAndSwap --no-compress,-1,-1,-1,-1,-1,-1
brc202d.map,20,810,PushAndSwap,-1,-1,-1,-1,-1,-1
brc202d.map,20,820,PushAndSwap,0,41531,335294,2001,1107,262627
brc202d.map,20,830,PushAndSwap,-1,-1,-1,-1,-1,-1
brc202d.map,20,840,PushAndSwap,-1,-1,-1,-1,-1,-1
brc202d.map,23,890,HCA,0,0,369626,-1,1071,30006
brc202d.map,23,900,HCA,0,0,374099,-1,1071,30019
brc202d.map,23,910,HCA,1,398178,378145,1071,1071,25033
brc202d.map,23,920,HCA,0,0,381974,-1,1071,30003
brc202d.map,22,810,PushAndSwap --no-compress,0,209369902,347813,351951,1011,5464
brc202d.map,22,820,PushAndSwap --no-compress,0,214978983,351896,356094,1011,6836
brc202d.map,22,830,PushAndSwap --no-compress,0,220557905,356898,361072,1047,6016
brc202d.map,22,840,PushAndSwap --no-compress,-1,-1,-1,-1,-1,-1
brc202d.map,23,10,PushAndSwap --no-compress,0,32925,4766,4772,861,21
brc202d.map,23,20,PushAndSwap --no-compress,0,111107,7947,7959,861,45
brc202d.map,23,30,PushAndSwap --no-compress,0,245750,11813,11831,861,46
brc202d.map,23,40,PushAndSwap --no-compress,0,430675,15562,15580,945,59
brc202d.map,23,50,PushAndSwap --no-compress,0,662863,18928,18946,957,70
brc202d.map,23,60,PushAndSwap --no-compress,0,960220,23268,23286,957,89
brc202d.map,23,70,PushAndSwap --no-compress,0,1269922,26079,26111,957,102
brc202d.map,23,80,PushAndSwap --no-compress,0,1646496,29586,29634,963,180
brc202d.map,23,90,PushAndSwap --no-compress,0,2030502,32709,32757,963,150
brc202d.map,23,100,PushAndSwap --no-compress,0,2572259,37127,37175,963,171
brc202d.map,23,110,PushAndSwap --no-compress,0,3212141,42343,42391,963,147
brc202d.map,23,120,PushAndSwap --no-compress,0,3915703,46881,46955,963,118
brc202d.map,23,130,PushAndSwap --no-compress,0,4676405,51667,51759,963,292
brc202d.map,23,140,PushAndSwap --no-compress,0,5450987,56310,56408,963,288
brc202d.map,23,150,PushAndSwap --no-compress,0,6117966,58047,58151,963,374
brc202d.map,23,160,PushAndSwap --no-compress,0,6993316,61977,62095,963,625
brc202d.map,23,170,PushAndSwap --no-compress,0,8016296,66846,67122,986,400
brc202d.map,23,180,PushAndSwap --no-compress,0,9004538,70685,70985,986,408
brc202d.map,23,190,PushAndSwap --no-compress,0,10163636,75403,75733,986,661
brc202d.map,23,200,PushAndSwap --no-compress,0,11285477,79740,80070,986,261
brc202d.map,23,930,HCA,0,0,385742,-1,1071,30018
brc202d.map,23,940,HCA,0,0,390913,-1,1071,30009
brc202d.map,23,950,HCA,0,0,394716,-1,1071,30051
brc202d.map,23,960,HCA,0,0,398918,-1,1071,30006
brc202d.map,23,210,PushAndSwap --no-compress,0,12487974,84421,84777,986,605
brc202d.map,23,220,PushAndSwap --no-compress,0,13635287,88042,88406,986,893
brc202d.map,23,230,PushAndSwap --no-compress,0,14991896,92765,93153,1029,1616
brc202d.map,23,240,PushAndSwap --no-compress,0,16389139,97417,97811,1029,1046
brc202d.map,23,970,HCA,0,0,403037,-1,1071,30048
brc202d.map,23,980,HCA,1,429289,406488,1071,1071,25606
brc202d.map,23,990,HCA,0,0,409879,-1,1071,30006
brc202d.map,23,1000,HCA,0,0,414097,-1,1071,30001
brc202d.map,23,250,PushAndSwap --no-compress,0,17936326,101670,102106,1029,1486
brc202d.map,23,260,PushAndSwap --no-compress,0,19363102,105055,105535,1029,1000
brc202d.map,23,270,PushAndSwap --no-compress,0,21067313,109420,109922,1029,1080
brc202d.map,23,280,PushAndSwap --no-compress,0,22517021,113323,113853,1029,1209
brc202d.map,23,290,PushAndSwap --no-compress,0,24074020,116763,117317,1029,859
brc202d.map,23,300,PushAndSwap --no-compress,0,25645601,120269,120835,1029,1697
brc202d.map,23,310,PushAndSwap --no-compress,0,27099249,123340,123918,1029,1452
brc202d.map,23,320,PushAndSwap --no-compress,0,28988820,127189,127821,1029,1983
brc202d.map,23,330,PushAndSwap --no-compress,0,31158222,132862,133608,1071,1900
brc202d.map,23,340,PushAndSwap --no-compress,0,32975428,135868,136638,1071,1556
brc202d.map,23,350,PushAndSwap --no-compress,0,35094659,140818,141614,1071,2064
brc202d.map,23,360,PushAndSwap --no-compress,0,36812570,143080,143902,1071,765
brc202d.map,23,370,PushAndSwap --no-compress,0,39068661,146716,147596,1071,2123
brc202d.map,23,380,PushAndSwap --no-compress,0,41229209,150784,151682,1071,1121
brc202d.map,23,390,PushAndSwap --no-compress,0,43697102,155909,156827,1071,1585
brc202d.map,23,400,PushAndSwap --no-compress,0,46340959,160928,161968,1071,4084
brc202d.map,23,570,PushAndSwap,0,28887,231989,2001,1071,15749
brc202d.map,23,580,PushAndSwap,0,29291,237914,2001,1071,5834
brc202d.map,23,590,PushAndSwap,0,29425,242314,2001,1071,5081
brc202d.map,23,600,PushAndSwap,0,29619,246048,2001,1071,46650
brc202d.map,23,490,PushAndSwap,0,19097,198508,2001,1071,4261
brc202d.map,23,500,PushAndSwap,0,19239,203323,2001,1071,59007
brc202d.map,23,510,PushAndSwap,0,19389,207187,2001,1071,4973
brc202d.map,23,520,PushAndSwap,0,19473,210326,2001,1071,6813
brc202d.map,23,410,PushAndSwap --no-compress,0,48882497,165137,166237,1071,1142
brc202d.map,23,420,PushAndSwap --no-compress,0,51999292,170501,171649,1071,1523
brc202d.map,23,430,PushAndSwap --no-compress,0,54383762,174017,175209,1071,4401
brc202d.map,23,440,PushAndSwap --no-compress,0,57975844,179316,180918,1071,3156
brc202d.map,23,450,PushAndSwap --no-compress,0,60331875,182163,183839,1071,2047
brc202d.map,23,460,PushAndSwap --no-compress,0,63059846,186516,188236,1071,3977
brc202d.map,23,470,PushAndSwap --no-compress,0,66122977,191405,193115,1071,3232
brc202d.map,23,480,PushAndSwap --no-compress,0,68717627,194892,196638,1071,2213
brc202d.map,22,770,PushAndSwap --no-compress,0,189224694,331678,335436,1011,4015
brc202d.map,22,780,PushAndSwap --no-compress,0,194120897,335849,339779,1011,10552
brc202d.map,22,790,PushAndSwap --no-compress,0,199028027,339282,343234,1011,4928
brc202d.map,22,800,PushAndSwap --no-compress,0,204403940,344469,348433,1011,4406
brc202d.map,23,490,PushAndSwap --no-compress,0,71711945,198508,200294,1071,3764
brc202d.map,23,500,PushAndSwap --no-compress,0,74921429,203323,205159,1071,2224
brc202d.map,23,510,PushAndSwap --no-compress,0,78235422,207187,209295,1071,2506
brc202d.map,23,520,PushAndSwap --no-compress,0,81309011,210326,212782,1071,4290
brc202d.map,23,970,PushAndSwap,-1,-1,-1,-1,-1,-1
brc202d.map,23,980,PushAndSwap,-1,-1,-1,-1,-1,-1
brc202d.map,23,990,PushAndSwap,-1,-1,-1,-1,-1,-1
brc202d.map,23,1000,PushAndSwap,-1,-1,-1,-1,-1,-1
brc202d.map,23,530,PushAndSwap --no-compress,0,84409763,215108,217420,1071,3943
brc202d.map,23,540,PushAndSwap --no-compress,0,87490175,217957,220325,1071,2827
brc202d.map,23,550,PushAndSwap --no-compress,0,91327889,223238,225730,1071,6030
brc202d.map,23,560,PushAndSwap --no-compress,0,94636225,227291,229957,1071,4443
brc202d.map,23,930,PushAndSwap,-1,-1,-1,-1,-1,-1
brc202d.map,23,940,PushAndSwap,-1,-1,-1,-1,-1,-1
brc202d.map,23,950,PushAndSwap,-1,-1,-1,-1,-1,-1
brc202d.map,23,960,PushAndSwap,-1,-1,-1,-1,-1,-1
brc202d.map,23,610,PushAndSwap,0,30652,250102,2001,1071,47215
brc202d.map,23,620,PushAndSwap,0,32046,254908,2001,1071,16636
brc202d.map,23,630,PushAndSwap,0,27222,259141,2001,1071,13507
brc202d.map,23,640,PushAndSwap,0,27311,263282,2001,1071,35219
brc202d.map,23,890,PushAndSwap,-1,-1,-1,-1,-1,-1
brc202d.map,23,900,PushAndSwap,-1,-1,-1,-1,-1,-1
brc202d.map,23,910,PushAndSwap,-1,-1,-1,-1,-1,-1
brc202d.map,23,920,PushAndSwap,-1,-1,-1,-1,-1,-1
brc202d.map,21,810,PushAndSwap --no-compress,0,205943584,336774,341838,1131,11586
brc202d.map,21,820,PushAndSwap --no-compress,0,210580052,340525,345405,1131,7381
brc202d.map,21,830,PushAndSwap --no-compress,0,215819044,344955,349935,1131,9745
brc202d.map,21,840,PushAndSwap --no-compress,-1,-1,-1,-1,-1,-1
brc202d.map,23,570,PushAndSwap --no-compress,0,98468837,231989,234735,1071,3577
brc202d.map,23,580,PushAndSwap --no-compress,0,102508645,237914,240720,1071,3854
brc202d.map,23,590,PushAndSwap --no-compress,0,106355656,242314,245204,1071,3805
brc202d.map,23,600,PushAndSwap --no-compress,0,109703833,246048,249002,1071,6089
brc202d.map,24,10,PIBT,1,4693,4693,954,954,8
brc202d.map,24,20,PIBT,1,7919,7908,954,954,21
brc202d.map,24,30,PIBT,1,12539,12503,954,954,36
brc202d.map,24,40,PIBT,1,17084,17006,1020,1020,76
brc202d.map,23,850,PushAndSwap,-1,-1,-1,-1,-1,-1
brc202d.map,23,860,PushAndSwap,-1,-1,-1,-1,-1,-1
brc202d.map,23,870,PushAndSwap,-1,-1,-1,-1,-1,-1
brc202d.map,23,880,PushAndSwap,-1,-1,-1,-1,-1,-1
brc202d.map,24,50,PIBT,1,20887,20779,1020,1020,55
brc202d.map,24,60,PIBT,1,25523,25003,1020,1020,49
brc202d.map,24,70,PIBT,1,29055,28536,1036,1036,53
brc202d.map,24,80,PIBT,1,33182,32286,1036,1036,61
brc202d.map,24,90,PIBT,1,37427,36167,1036,1036,73
brc202d.map,24,100,PIBT,1,42603,41144,1058,1058,75
brc202d.map,24,110,PIBT,1,46781,45291,1058,1058,147
brc202d.map,24,120,PIBT,1,49834,47462,1058,1058,134
brc202d.map,24,130,PIBT,1,55721,53233,1058,1058,96
brc202d.map,24,140,PIBT,1,60171,57243,1058,1058,164
brc202d.map,24,150,PIBT,1,65514,62306,1058,1058,183
brc202d.map,24,160,PIBT,1,69499,66198,1058,1058,296
brc202d.map,24,170,PIBT,1,73860,69972,1058,1058,351
brc202d.map,24,180,PIBT,1,77858,73773,1058,1058,292
brc202d.map,24,190,PIBT,1,84091,78450,1058,1058,183
brc202d.map,24,200,PIBT,1,87564,82432,1058,1058,145
brc202d.map,24,210,PIBT,1,91929,86190,1058,1058,229
brc202d.map,24,220,PIBT,1,98651,90713,1058,1058,163
brc202d.map,24,230,PIBT,1,104385,96490,1058,1058,175
brc202d.map,24,240,PIBT,1,110077,100908,1058,1058,232
brc202d.map,24,250,PIBT,1,114895,105941,1063,1063,178
brc202d.map,24,260,PIBT,1,119711,110056,1063,1063,302
brc202d.map,24,270,PIBT,1,122970,113554,1063,1063,390
brc202d.map,24,280,PIBT,1,129532,117178,1063,1063,514
brc202d.map,24,290,PIBT,1,131325,119367,1063,1063,267
brc202d.map,24,300,PIBT,1,140285,124896,1063,1063,617
brc202d.map,24,310,PIBT,1,146467,129858,1063,1063,302
brc202d.map,24,320,PIBT,1,151885,134279,1063,1063,304
brc202d.map,24,330,PIBT,1,155700,138846,1063,1063,239
brc202d.map,24,340,PIBT,1,161342,143029,1063,1063,357
brc202d.map,24,350,PIBT,1,168103,148532,1063,1063,448
brc202d.map,24,360,PIBT,1,174410,153342,1063,1063,399
brc202d.map,24,370,PIBT,1,178203,156884,1063,1063,410
brc202d.map,24,380,PIBT,1,182749,160378,1063,1063,646
brc202d.map,24,390,PIBT,1,189127,164539,1063,1063,335
brc202d.map,24,400,PIBT,1,191762,167712,1063,1063,339
brc202d.map,23,930,PushAndSwap --no-compress,-1,-1,-1,-1,-1,-1
brc202d.map,23,940,PushAndSwap --no-compress,-1,-1,-1,-1,-1,-1
brc202d.map,23,950,PushAndSwap --no-compress,-1,-1,-1,-1,-1,-1
brc202d.map,23,960,PushAndSwap --no-compress,-1,-1,-1,-1,-1,-1
brc202d.map,24,410,PIBT,1,198204,173319,1063,1063,325
brc202d.map,24,420,PIBT,1,203570,178139,1063,1063,550
brc202d.map,24,430,PIBT,1,207303,181911,1063,1063,374
brc202d.map,24,440,PIBT,1,212266,185627,1063,1063,408
brc202d.map,24,450,PIBT,1,218211,188974,1063,1063,745
brc202d.map,24,460,PIBT,1,223483,192529,1063,1063,347
brc202d.map,24,470,PIBT,1,230962,196906,1063,1063,489
brc202d.map,24,480,PIBT,1,233216,200692,1063,1063,541
brc202d.map,24,490,PIBT,1,238641,204880,1063,1063,476
brc202d.map,24,500,PIBT,1,240387,207805,1063,1063,568
brc202d.map,24,510,PIBT,1,246512,211980,1063,1063,507
brc202d.map,24,520,PIBT,1,250911,214837,1063,1063,935
brc202d.map,24,530,PIBT,1,253394,218431,1063,1063,511
brc202d.map,24,540,PIBT,1,260564,223115,1063,1063,832
brc202d.map,24,550,PIBT,1,264946,227540,1063,1063,878
brc202d.map,24,560,PIBT,1,270158,232286,1063,1063,695
brc202d.map,23,970,PushAndSwap --no-compress,-1,-1,-1,-1,-1,-1
brc202d.map,23,980,PushAndSwap --no-compress,-1,-1,-1,-1,-1,-1
brc202d.map,23,990,PushAndSwap --no-compress,-1,-1,-1,-1,-1,-1
brc202d.map,23,1000,PushAndSwap --no-compress,-1,-1,-1,-1,-1,-1
brc202d.map,24,570,PIBT,1,278308,235680,1063,1063,586
brc202d.map,24,580,PIBT,1,282625,240328,1063,1063,674
brc202d.map,24,590,PIBT,1,285485,243305,1063,1063,845
brc202d.map,24,600,PIBT,1,292538,248078,1063,1063,432
brc202d.map,24,610,PIBT,1,298563,254203,1063,1063,448
brc202d.map,24,620,PIBT,1,309172,258185,1063,1063,538
brc202d.map,24,630,PIBT,1,309615,261837,1063,1063,608
brc202d.map,24,640,PIBT,1,314544,266594,1063,1063,616
brc202d.map,24,650,PIBT,1,319822,271192,1063,1063,479
brc202d.map,24,660,PIBT,1,328376,276141,1063,1063,512
brc202d.map,24,670,PIBT,1,333329,280094,1063,1063,827
brc202d.map,24,680,PIBT,1,337166,284249,1063,1063,623
brc202d.map,24,690,PIBT,1,340933,288140,1063,1063,505
brc202d.map,24,700,PIBT,1,346998,291273,1063,1063,774
brc202d.map,24,710,PIBT,1,356664,296129,1063,1063,606
brc202d.map,24,720,PIBT,1,362253,300238,1063,1063,712
brc202d.map,24,730,PIBT,1,365250,304555,1063,1063,707
brc202d.map,24,740,PIBT,1,373071,310650,1063,1063,708
brc202d.map,24,750,PIBT,1,382750,316195,1063,1063,762
brc202d.map,24,760,PIBT,1,383941,320347,1063,1063,786
brc202d.map,24,770,PIBT,1,392743,325237,1063,1063,805
brc202d.map,24,780,PIBT,1,398146,330371,1063,1063,732
brc202d.map,24,790,PIBT,1,404952,334054,1063,1063,739
brc202d.map,24,800,PIBT,1,408731,337905,1063,1063,957
brc202d.map,24,810,PIBT,1,417195,341263,1063,1063,760
brc202d.map,24,820,PIBT,1,419092,344202,1063,1063,1007
brc202d.map,24,830,PIBT,1,423941,348814,1063,1063,829
brc202d.map,24,840,PIBT,1,433658,352514,1063,1063,921
brc202d.map,24,850,PIBT,1,440212,356712,1063,1063,1079
brc202d.map,24,860,PIBT,1,445117,359421,1063,1063,809
brc202d.map,24,870,PIBT,1,448757,362852,1063,1063,884
brc202d.map,24,880,PIBT,1,451877,366735,1063,1063,1109
brc202d.map,24,890,PIBT,1,458324,371607,1063,1063,831
brc202d.map,24,900,PIBT,1,461727,375230,1063,1063,942
brc202d.map,24,910,PIBT,1,471571,380867,1063,1063,950
brc202d.map,24,920,PIBT,1,474714,385111,1063,1063,956
brc202d.map,24,10,HCA,1,4693,4693,954,954,799
brc202d.map,24,20,HCA,1,7916,7908,954,954,549
brc202d.map,24,30,HCA,1,12521,12503,954,954,795
brc202d.map,24,40,HCA,1,17032,17006,1020,1020,1825
brc202d.map,24,930,PIBT,1,480620,389513,1063,1063,1134
brc202d.map,24,940,PIBT,1,487062,393655,1083,1083,1041
brc202d.map,24,950,PIBT,1,489268,398546,1083,1083,1426
brc202d.map,24,960,PIBT,1,497307,401475,1083,1083,1412
brc202d.map,24,50,HCA,1,20819,20779,1020,1020,1070
brc202d.map,24,60,HCA,1,25049,25003,1020,1020,1942
brc202d.map,24,70,HCA,1,28584,28536,1036,1036,1597
brc202d.map,24,80,HCA,1,32635,32286,1036,1036,487
brc202d.map,24,970,PIBT,1,503631,405773,1083,1083,905
brc202d.map,24,980,PIBT,1,506915,410539,1083,1083,1187
brc202d.map,24,990,PIBT,1,515199,414326,1083,1083,1345
brc202d.map,24,1000,PIBT,1,523521,418063,1083,1083,2099
brc202d.map,24,90,HCA,1,36520,36167,1036,1036,1901
brc202d.map,24,100,HCA,1,41518,41144,1058,1058,2938
brc202d.map,24,110,HCA,1,45675,45291,1058,1058,1619
brc202d.map,24,120,HCA,1,48187,47462,1058,1058,2210
brc202d.map,24,130,HCA,1,53971,53233,1058,1058,3297
brc202d.map,24,140,HCA,1,57998,57243,1058,1058,2167
brc202d.map,24,150,HCA,1,63078,62306,1058,1058,1238
brc202d.map,24,160,HCA,1,66983,66198,1058,1058,3442
brc202d.map,24,170,HCA,1,70793,69972,1058,1058,3529
brc202d.map,24,180,HCA,1,74603,73773,1058,1058,2998
brc202d.map,24,190,HCA,1,79643,78450,1058,1058,3949
brc202d.map,24,200,HCA,1,83625,82432,1058,1058,2477
brc202d.map,24,210,HCA,1,87390,86190,1058,1058,3524
brc202d.map,24,220,HCA,1,91922,90713,1058,1058,3288
brc202d.map,24,230,HCA,1,98180,96490,1058,1058,2124
brc202d.map,24,240,HCA,1,102631,100908,1058,1058,2595
brc202d.map,24,250,HCA,1,107637,105941,1063,1063,4316
brc202d.map,24,260,HCA,1,112043,110056,1063,1063,3566
brc202d.map,24,270,HCA,1,115524,113554,1063,1063,3211
brc202d.map,24,280,HCA,1,119458,117178,1063,1063,2390
brc202d.map,23,890,PushAndSwap --no-compress,-1,-1,-1,-1,-1,-1
brc202d.map,23,900,PushAndSwap --no-compress,-1,-1,-1,-1,-1,-1
brc202d.map,23,910,PushAndSwap --no-compress,-1,-1,-1,-1,-1,-1
brc202d.map,23,920,PushAndSwap --no-compress,-1,-1,-1,-1,-1,-1
brc202d.map,24,290,HCA,1,121670,119367,1063,1063,3965
brc202d.map,24,300,HCA,1,128368,124896,1063,1063,3470
brc202d.map,24,310,HCA,1,133840,129858,1063,1063,2987
brc202d.map,24,320,HCA,1,138890,134279,1063,1063,3203
brc202d.map,24,330,HCA,1,143675,138846,1063,1063,4736
brc202d.map,24,340,HCA,1,148662,143029,1063,1063,2771
brc202d.map,24,350,HCA,1,155097,148532,1063,1063,3496
brc202d.map,24,360,HCA,1,159377,153342,1063,1063,6500
brc202d.map,24,370,HCA,1,164038,156884,1063,1063,4940
brc202d.map,24,380,HCA,1,166854,160378,1063,1063,3502
brc202d.map,24,390,HCA,1,171135,164539,1063,1063,8696
brc202d.map,24,400,HCA,1,174629,167712,1063,1063,6059
brc202d.map,24,410,HCA,1,180523,173319,1063,1063,4027
brc202d.map,24,420,HCA,1,186267,178139,1063,1063,9664
brc202d.map,24,430,HCA,1,189388,181911,1063,1063,10196
brc202d.map,24,440,HCA,1,193144,185627,1063,1063,8150
brc202d.map,24,450,HCA,1,196600,188974,1063,1063,4583
brc202d.map,24,460,HCA,1,200074,192529,1063,1063,8795
brc202d.map,24,470,HCA,1,206437,196906,1063,1063,9935
brc202d.map,24,480,HCA,1,210001,200692,1063,1063,9516
brc202d.map,23,610,PushAndSwap --no-compress,0,113254698,250102,253110,1071,3273
brc202d.map,23,620,PushAndSwap --no-compress,0,117526719,254908,257948,1071,8674
brc202d.map,23,630,PushAndSwap --no-compress,0,121480518,259141,262233,1071,5844
brc202d.map,23,640,PushAndSwap --no-compress,0,125245328,263282,266416,1071,4140
brc202d.map,24,490,HCA,1,213286,204880,1063,1063,10504
brc202d.map,24,500,HCA,1,216415,207805,1063,1063,8580
brc202d.map,24,510,HCA,1,221824,211980,1063,1063,11366
brc202d.map,24,520,HCA,1,224832,214837,1063,1063,13693
brc202d.map,23,650,PushAndSwap --no-compress,0,129958964,268086,271420,1071,7915
brc202d.map,23,660,PushAndSwap --no-compress,0,134442685,271852,275520,1071,5861
brc202d.map,23,670,PushAndSwap --no-compress,0,138543786,276181,279935,1071,7620
brc202d.map,23,680,PushAndSwap --no-compress,0,142150607,279053,282861,1071,4971
brc202d.map,24,530,HCA,1,228235,218431,1063,1063,8680
brc202d.map,24,540,HCA,1,234144,223115,1063,1063,16470
brc202d.map,24,550,HCA,1,237642,227540,1063,1063,15202
brc202d.map,24,560,HCA,1,243474,232286,1063,1063,12067
brc202d.map,24,610,HCA,1,268074,254203,1063,1063,14421
brc202d.map,24,620,HCA,1,272246,258185,1063,1063,14360
brc202d.map,24,630,HCA,1,275809,261837,1063,1063,16009
brc202d.map,24,640,HCA,1,282498,266594,1063,1063,10743
brc202d.map,23,690,PushAndSwap --no-compress,0,146746207,284373,288187,1071,7312
brc202d.map,23,700,PushAndSwap --no-compress,0,151509006,288532,292640,1071,8079
brc202d.map,23,710,PushAndSwap --no-compress,0,155927722,292124,296450,1071,6543
brc202d.map,23,720,PushAndSwap --no-compress,0,159962305,295647,300043,1071,5095
brc202d.map,23,650,PushAndSwap,0,27278,268086,2001,1071,181950
brc202d.map,23,660,PushAndSwap,0,27470,271852,2001,1071,30694
brc202d.map,23,670,PushAndSwap,0,27499,276181,2001,1071,79878
brc202d.map,23,680,PushAndSwap,0,27673,279053,2001,1071,15439
brc202d.map,24,690,HCA,1,304959,288140,1063,1063,16517
brc202d.map,24,700,HCA,1,308616,291273,1063,1063,11997
brc202d.map,24,710,HCA,1,313711,296129,1063,1063,13120
brc202d.map,24,720,HCA,1,318405,300238,1063,1063,16090
brc202d.map,24,570,HCA,1,247441,235680,1063,1063,14883
brc202d.map,24,580,HCA,0,0,240328,-1,1063,30001
brc202d.map,24,590,HCA,0,0,243305,-1,1063,30001
brc202d.map,24,600,HCA,1,261636,248078,1063,1063,13395
brc202d.map,24,10,PIBT_PLUS,1,4693,4693,954,954,10
brc202d.map,24,20,PIBT_PLUS,1,7919,7908,954,954,22
brc202d.map,24,30,PIBT_PLUS,1,12539,12503,954,954,30
brc202d.map,24,40,PIBT_PLUS,1,17084,17006,1020,1020,42
brc202d.map,23,690,PushAndSwap,0,26342,284373,2001,1071,276650
brc202d.map,23,700,PushAndSwap,0,27533,288532,2001,1071,17072
brc202d.map,23,710,PushAndSwap,0,27470,292124,2001,1071,15033
brc202d.map,23,720,PushAndSwap,0,27688,295647,2001,1071,9753
brc202d.map,24,50,PIBT_PLUS,1,20887,20779,1020,1020,46
brc202d.map,24,60,PIBT_PLUS,1,25523,25003,1020,1020,59
brc202d.map,24,70,PIBT_PLUS,1,29055,28536,1036,1036,74
brc202d.map,24,80,PIBT_PLUS,1,33182,32286,1036,1036,73
brc202d.map,24,90,PIBT_PLUS,1,37427,36167,1036,1036,81
brc202d.map,24,100,PIBT_PLUS,1,42603,41144,1058,1058,96
brc202d.map,24,110,PIBT_PLUS,1,46781,45291,1058,1058,100
brc202d.map,24,120,PIBT_PLUS,1,49834,47462,1058,1058,108
brc202d.map,24,130,PIBT_PLUS,1,55721,53233,1058,1058,118
brc202d.map,24,140,PIBT_PLUS,1,60171,57243,1058,1058,134
brc202d.map,24,150,PIBT_PLUS,1,65514,62306,1058,1058,141
brc202d.map,24,160,PIBT_PLUS,1,69499,66198,1058,1058,182
brc202d.map,24,170,PIBT_PLUS,1,73860,69972,1058,1058,157
brc202d.map,24,180,PIBT_PLUS,1,77858,73773,1058,1058,272
brc202d.map,24,190,PIBT_PLUS,1,84091,78450,1058,1058,292
brc202d.map,24,200,PIBT_PLUS,1,87564,82432,1058,1058,262
brc202d.map,24,210,PIBT_PLUS,1,91929,86190,1058,1058,290
brc202d.map,24,220,PIBT_PLUS,1,98651,90713,1058,1058,266
brc202d.map,24,230,PIBT_PLUS,1,104385,96490,1058,1058,356
brc202d.map,24,240,PIBT_PLUS,1,110077,100908,1058,1058,303
brc202d.map,24,650,HCA,1,286239,271192,1063,1063,27088
brc202d.map,24,660,HCA,1,291386,276141,1063,1063,17191
brc202d.map,24,670,HCA,1,295507,280094,1063,1063,20453
brc202d.map,24,680,HCA,1,300365,284249,1063,1063,9107
brc202d.map,24,250,PIBT_PLUS,1,114895,105941,1063,1063,404
brc202d.map,24,260,PIBT_PLUS,1,119711,110056,1063,1063,344
brc202d.map,24,270,PIBT_PLUS,1,122970,113554,1063,1063,258
brc202d.map,24,280,PIBT_PLUS,1,129532,117178,1063,1063,298
brc202d.map,24,290,PIBT_PLUS,1,131325,119367,1063,1063,288
brc202d.map,24,300,PIBT_PLUS,1,140285,124896,1063,1063,311
brc202d.map,24,310,PIBT_PLUS,1,146467,129858,1063,1063,720
brc202d.map,24,320,PIBT_PLUS,1,151885,134279,1063,1063,747
brc202d.map,24,330,PIBT_PLUS,1,155700,138846,1063,1063,310
brc202d.map,24,340,PIBT_PLUS,1,161342,143029,1063,1063,815
brc202d.map,24,350,PIBT_PLUS,1,168103,148532,1063,1063,802
brc202d.map,24,360,PIBT_PLUS,1,174410,153342,1063,1063,674
brc202d.map,24,370,PIBT_PLUS,1,178203,156884,1063,1063,723
brc202d.map,24,380,PIBT_PLUS,1,182749,160378,1063,1063,690
brc202d.map,24,390,PIBT_PLUS,1,189127,164539,1063,1063,692
brc202d.map,24,400,PIBT_PLUS,1,191762,167712,1063,1063,1023
brc202d.map,24,410,PIBT_PLUS,1,198204,173319,1063,1063,791
brc202d.map,24,420,PIBT_PLUS,1,203570,178139,1063,1063,1044
brc202d.map,24,430,PIBT_PLUS,1,207303,181911,1063,1063,932
brc202d.map,24,440,PIBT_PLUS,1,212266,185627,1063,1063,1348
brc202d.map,24,450,PIBT_PLUS,1,218211,188974,1063,1063,1094
brc202d.map,24,460,PIBT_PLUS,1,223483,192529,1063,1063,925
brc202d.map,24,470,PIBT_PLUS,1,230962,196906,1063,1063,1424
brc202d.map,24,480,PIBT_PLUS,1,233216,200692,1063,1063,969
brc202d.map,21,770,PushAndSwap,0,31974,321635,2001,1131,350733
brc202d.map,21,780,PushAndSwap,0,32040,325701,2001,1131,32184
brc202d.map,21,790,PushAndSwap,0,32071,329321,2001,1131,590231
brc202d.map,21,800,PushAndSwap,0,34337,332905,2001,1131,108831
brc202d.map,24,490,PIBT_PLUS,1,238641,204880,1063,1063,1060
brc202d.map,24,500,PIBT_PLUS,1,240387,207805,1063,1063,1224
brc202d.map,24,510,PIBT_PLUS,1,246512,211980,1063,1063,839
brc202d.map,24,520,PIBT_PLUS,1,250911,214837,1063,1063,935
brc202d.map,24,530,PIBT_PLUS,1,253394,218431,1063,1063,1088
brc202d.map,24,540,PIBT_PLUS,1,260564,223115,1063,1063,935
brc202d.map,24,550,PIBT_PLUS,1,264946,227540,1063,1063,1738
brc202d.map,24,560,PIBT_PLUS,1,270158,232286,1063,1063,1430
brc202d.map,24,570,PIBT_PLUS,1,278308,235680,1063,1063,745
brc202d.map,24,580,PIBT_PLUS,1,282625,240328,1063,1063,1871
brc202d.map,24,590,PIBT_PLUS,1,285485,243305,1063,1063,1581
brc202d.map,24,600,PIBT_PLUS,1,292538,248078,1063,1063,1574
brc202d.map,24,610,PIBT_PLUS,1,298563,254203,1063,1063,980
brc202d.map,24,620,PIBT_PLUS,1,309172,258185,1063,1063,1111
brc202d.map,24,630,PIBT_PLUS,1,309615,261837,1063,1063,1421
brc202d.map,24,640,PIBT_PLUS,1,314544,266594,1063,1063,1609
brc202d.map,24,650,PIBT_PLUS,1,319822,271192,1063,1063,1739
brc202d.map,24,660,PIBT_PLUS,1,328376,276141,1063,1063,1551
brc202d.map,24,670,PIBT_PLUS,1,333329,280094,1063,1063,1613
brc202d.map,24,680,PIBT_PLUS,1,337166,284249,1063,1063,1738
brc202d.map,24,730,HCA,1,322909,304555,1063,1063,15339
brc202d.map,24,740,HCA,1,329275,310650,1063,1063,24796
brc202d.map,24,750,HCA,1,335129,316195,1063,1063,24200
brc202d.map,24,760,HCA,1,339086,320347,1063,1063,16256
brc202d.map,24,690,PIBT_PLUS,1,340933,288140,1063,1063,1682
brc202d.map,24,700,PIBT_PLUS,1,346998,291273,1063,1063,1838
brc202d.map,24,710,PIBT_PLUS,1,356664,296129,1063,1063,1978
brc202d.map,24,720,PIBT_PLUS,1,362253,300238,1063,1063,1687
brc202d.map,24,730,PIBT_PLUS,1,365250,304555,1063,1063,1948
brc202d.map,24,740,PIBT_PLUS,1,373071,310650,1063,1063,2095
brc202d.map,24,750,PIBT_PLUS,1,382750,316195,1063,1063,1845
brc202d.map,24,760,PIBT_PLUS,1,383941,320347,1063,1063,1834
brc202d.map,24,770,PIBT_PLUS,1,392743,325237,1063,1063,1814
brc202d.map,24,780,PIBT_PLUS,1,398146,330371,1063,1063,1602
brc202d.map,24,790,PIBT_PLUS,1,404952,334054,1063,1063,1911
brc202d.map,24,800,PIBT_PLUS,1,408731,337905,1063,1063,1970
brc202d.map,24,770,HCA,1,344527,325237,1063,1063,26202
brc202d.map,24,780,HCA,0,0,330371,-1,1063,30002
brc202d.map,24,790,HCA,1,357250,334054,1063,1063,10639
brc202d.map,24,800,HCA,1,360536,337905,1063,1063,18232
brc202d.map,24,10,PushAndSwap,1,7347,4693,1189,954,465
brc202d.map,24,20,PushAndSwap,1,21709,7908,1693,954,301
brc202d.map,24,30,PushAndSwap,0,41515,12503,2001,954,398
brc202d.map,24,40,PushAndSwap,0,25575,17006,2001,1020,332
brc202d.map,24,810,PIBT_PLUS,1,417195,341263,1063,1063,2098
brc202d.map,24,820,PIBT_PLUS,1,419092,344202,1063,1063,1946
brc202d.map,24,830,PIBT_PLUS,1,423941,348814,1063,1063,2050
brc202d.map,24,840,PIBT_PLUS,1,433658,352514,1063,1063,2133
brc202d.map,24,50,PushAndSwap,0,23517,20779,2001,1020,142
brc202d.map,24,60,PushAndSwap,0,18219,25003,2001,1020,172
brc202d.map,24,70,PushAndSwap,0,20907,28536,2001,1036,167
brc202d.map,24,80,PushAndSwap,0,23690,32286,2001,1036,232
brc202d.map,24,90,PushAndSwap,0,30078,36167,2001,1036,228
brc202d.map,24,100,PushAndSwap,0,26656,41144,2001,1058,312
brc202d.map,24,110,PushAndSwap,0,27290,45291,2001,1058,616
brc202d.map,24,120,PushAndSwap,0,28446,47462,2001,1058,916
brc202d.map,24,130,PushAndSwap,0,35102,53233,2001,1058,1186
brc202d.map,24,140,PushAndSwap,0,43495,57243,2001,1058,784
brc202d.map,24,150,PushAndSwap,0,47530,62306,2001,1058,748
brc202d.map,24,160,PushAndSwap,0,43593,66198,2001,1058,571
brc202d.map,24,850,PIBT_PLUS,1,440212,356712,1063,1063,1044
brc202d.map,24,860,PIBT_PLUS,1,445117,359421,1063,1063,2712
brc202d.map,24,870,PIBT_PLUS,1,448757,362852,1063,1063,2700
brc202d.map,24,880,PIBT_PLUS,1,451877,366735,1063,1063,3215
brc202d.map,24,170,PushAndSwap,0,42616,69972,2001,1058,845
brc202d.map,24,180,PushAndSwap,0,46642,73773,2001,1058,706
brc202d.map,24,190,PushAndSwap,0,46962,78450,2001,1058,1427
brc202d.map,24,200,PushAndSwap,0,49511,82432,2001,1058,847
brc202d.map,24,890,PIBT_PLUS,1,458324,371607,1063,1063,2246
brc202d.map,24,900,PIBT_PLUS,1,461727,375230,1063,1063,2266
brc202d.map,24,910,PIBT_PLUS,1,471571,380867,1063,1063,3399
brc202d.map,24,920,PIBT_PLUS,1,474714,385111,1063,1063,3818
brc202d.map,24,210,PushAndSwap,0,51599,86190,2001,1058,1621
brc202d.map,24,220,PushAndSwap,0,35719,90713,2001,1058,1424
brc202d.map,24,230,PushAndSwap,0,36110,96490,2001,1058,906
brc202d.map,24,240,PushAndSwap,0,36495,100908,2001,1058,1373
brc202d.map,24,970,PIBT_PLUS,1,503631,405773,1083,1083,2110
brc202d.map,24,980,PIBT_PLUS,1,506915,410539,1083,1083,2240
brc202d.map,24,990,PIBT_PLUS,1,515199,414326,1083,1083,3360
brc202d.map,24,1000,PIBT_PLUS,1,523521,418063,1083,1083,1733
brc202d.map,24,930,PIBT_PLUS,1,480620,389513,1063,1063,2314
brc202d.map,24,940,PIBT_PLUS,1,487062,393655,1083,1083,3779
brc202d.map,24,950,PIBT_PLUS,1,489268,398546,1083,1083,2686
brc202d.map,24,960,PIBT_PLUS,1,497307,401475,1083,1083,1834
brc202d.map,24,250,PushAndSwap,0,35427,105941,2001,1063,1271
brc202d.map,24,260,PushAndSwap,0,37697,110056,2001,1063,1669
brc202d.map,24,270,PushAndSwap,0,37916,113554,2001,1063,1710
brc202d.map,24,280,PushAndSwap,0,38087,117178,2001,1063,1883
brc202d.map,24,290,PushAndSwap,0,40182,119367,2001,1063,1411
brc202d.map,24,300,PushAndSwap,0,39733,124896,2001,1063,1681
brc202d.map,24,310,PushAndSwap,0,55088,129858,2001,1063,2979
brc202d.map,24,320,PushAndSwap,0,55193,134279,2001,1063,2490
brc202d.map,23,730,PushAndSwap --no-compress,0,164085890,299253,303715,1071,7858
brc202d.map,23,740,PushAndSwap --no-compress,0,169560981,304546,309256,1071,6276
brc202d.map,23,750,PushAndSwap --no-compress,0,174569006,308978,313750,1071,9505
brc202d.map,23,760,PushAndSwap --no-compress,0,179994944,314145,318965,1071,6424
brc202d.map,24,330,PushAndSwap,0,57052,138846,2001,1063,2269
brc202d.map,24,340,PushAndSwap,0,57207,143029,2001,1063,3808
brc202d.map,24,350,PushAndSwap,0,42329,148532,2001,1063,3189
brc202d.map,24,360,PushAndSwap,0,42160,153342,2001,1063,3228
brc202d.map,24,370,PushAndSwap,0,42286,156884,2001,1063,3593
brc202d.map,24,380,PushAndSwap,0,44384,160378,2001,1063,3111
brc202d.map,24,390,PushAndSwap,0,44416,164539,2001,1063,3218
brc202d.map,24,400,PushAndSwap,0,44635,167712,2001,1063,3226
brc202d.map,24,410,PushAndSwap,0,44676,173319,2001,1063,4983
brc202d.map,24,420,PushAndSwap,0,44624,178139,2001,1063,4272
brc202d.map,24,430,PushAndSwap,0,43527,181911,2001,1063,5487
brc202d.map,24,440,PushAndSwap,0,44744,185627,2001,1063,5289
brc202d.map,24,810,HCA,0,0,341263,-1,1063,30006
brc202d.map,24,820,HCA,1,367539,344202,1063,1063,25492
brc202d.map,24,830,HCA,0,0,348814,-1,1063,30003
brc202d.map,24,840,HCA,1,377092,352514,1063,1063,25532
brc202d.map,19,770,PushAndSwap,0,39396,323055,2001,1024,308926
brc202d.map,19,780,PushAndSwap,0,39531,327141,2001,1024,237941
brc202d.map,19,790,PushAndSwap,0,41459,331477,2001,1024,946037
brc202d.map,19,800,PushAndSwap,0,43931,336953,2001,1024,744165
brc202d.map,24,450,PushAndSwap,0,45002,188974,2001,1063,6000
brc202d.map,24,460,PushAndSwap,0,45105,192529,2001,1063,4305
brc202d.map,24,470,PushAndSwap,0,38630,196906,2001,1063,6741
brc202d.map,24,480,PushAndSwap,0,40753,200692,2001,1063,10247
brc202d.map,24,850,HCA,1,380933,356712,1063,1063,22065
brc202d.map,24,860,HCA,0,0,359421,-1,1063,30366
brc202d.map,24,870,HCA,1,388481,362852,1063,1063,24073
brc202d.map,24,880,HCA,0,0,366735,-1,1063,30017
brc202d.map,23,850,PushAndSwap --no-compress,-1,-1,-1,-1,-1,-1
brc202d.map,23,860,PushAndSwap --no-compress,-1,-1,-1,-1,-1,-1
brc202d.map,23,870,PushAndSwap --no-compress,0,237258256,358995,365493,1071,12422
brc202d.map,23,880,PushAndSwap --no-compress,-1,-1,-1,-1,-1,-1
brc202d.map,24,890,HCA,0,0,371607,-1,1063,30753
brc202d.map,24,900,HCA,1,401809,375230,1063,1063,24229
brc202d.map,24,910,HCA,0,0,380867,-1,1063,30006
brc202d.map,24,920,HCA,1,410354,385111,1063,1063,26866
brc202d.map,24,930,HCA,1,418318,389513,1063,1063,27478
brc202d.map,24,940,HCA,1,421700,393655,1083,1083,25461
brc202d.map,24,950,HCA,0,0,398546,-1,1083,30006
brc202d.map,24,960,HCA,0,0,401475,-1,1083,30053
brc202d.map,23,770,PushAndSwap --no-compress,0,184602190,318100,323000,1071,10257
brc202d.map,23,780,PushAndSwap --no-compress,0,189808884,322701,327983,1071,10813
brc202d.map,23,790,PushAndSwap --no-compress,0,194015178,325421,330771,1071,7072
brc202d.map,23,800,PushAndSwap --no-compress,0,198860738,329251,334723,1071,9070
brc202d.map,24,10,PushAndSwap --no-compress,0,32118,4693,4693,954,7
brc202d.map,24,20,PushAndSwap --no-compress,0,108025,7908,7908,954,15
brc202d.map,24,30,PushAndSwap --no-compress,0,254119,12503,12503,954,23
brc202d.map,24,40,PushAndSwap --no-compress,0,470083,17006,17006,1020,28
brc202d.map,24,970,HCA,0,0,405773,-1,1083,30007
brc202d.map,24,980,HCA,0,0,410539,-1,1083,30034
brc202d.map,24,990,HCA,0,0,414326,-1,1083,30012
brc202d.map,24,1000,HCA,0,0,418063,-1,1083,30012
brc202d.map,24,50,PushAndSwap --no-compress,0,719884,20779,20779,1020,37
brc202d.map,24,60,PushAndSwap --no-compress,0,1030433,25003,25003,1020,86
brc202d.map,24,70,PushAndSwap --no-compress,0,1385131,28536,28536,1036,127
brc202d.map,24,80,PushAndSwap --no-compress,0,1811197,32286,32304,1036,174
brc202d.map,24,90,PushAndSwap --no-compress,0,2279291,36167,36209,1036,247
brc202d.map,24,100,PushAndSwap --no-compress,0,2906107,41144,41186,1058,199
brc202d.map,24,110,PushAndSwap --no-compress,0,3523035,45291,45601,1058,173
brc202d.map,24,120,PushAndSwap --no-compress,0,4080049,47462,47820,1058,291
brc202d.map,24,130,PushAndSwap --no-compress,0,4924907,53233,53603,1058,546
brc202d.map,24,140,PushAndSwap --no-compress,0,5702138,57243,57619,1058,368
brc202d.map,24,150,PushAndSwap --no-compress,0,6608441,62306,62772,1058,886
brc202d.map,24,160,PushAndSwap --no-compress,0,7506679,66198,66732,1058,309
brc202d.map,24,170,PushAndSwap --no-compress,0,8438187,69972,70576,1058,609
brc202d.map,24,180,PushAndSwap --no-compress,0,9492314,73773,74409,1058,297
brc202d.map,24,190,PushAndSwap --no-compress,0,10618903,78450,79104,1058,337
brc202d.map,24,200,PushAndSwap --no-compress,0,11758769,82432,83092,1058,543
brc202d.map,24,210,PushAndSwap --no-compress,0,12916523,86190,86868,1058,368
brc202d.map,24,220,PushAndSwap --no-compress,0,14254859,90713,91403,1058,544
brc202d.map,24,230,PushAndSwap --no-compress,0,15810147,96490,97204,1058,594
brc202d.map,24,240,PushAndSwap --no-compress,0,17230650,100908,101652,1058,852
brc202d.map,24,250,PushAndSwap --no-compress,0,18921695,105941,106809,1063,989
brc202d.map,24,260,PushAndSwap --no-compress,0,20624179,110056,111014,1063,615
brc202d.map,24,270,PushAndSwap --no-compress,0,22127854,113554,114584,1063,1210
brc202d.map,24,280,PushAndSwap --no-compress,0,23797613,117178,118262,1063,915
brc202d.map,24,290,PushAndSwap --no-compress,0,25205402,119367,120525,1063,1158
brc202d.map,24,300,PushAndSwap --no-compress,0,27243983,124896,126060,1063,1773
brc202d.map,24,310,PushAndSwap --no-compress,0,29333892,129858,131124,1063,1297
brc202d.map,24,320,PushAndSwap --no-compress,0,31364175,134279,135695,1063,1441
brc202d.map,24,330,PushAndSwap --no-compress,0,33751272,138846,140486,1063,2150
brc202d.map,24,340,PushAndSwap --no-compress,0,35828078,143029,144709,1063,990
brc202d.map,24,350,PushAndSwap --no-compress,0,38182704,148532,150282,1063,3342
brc202d.map,24,360,PushAndSwap --no-compress,0,40488628,153342,155146,1063,2248
brc202d.map,24,370,PushAndSwap --no-compress,0,42741490,156884,158730,1063,1702
brc202d.map,24,380,PushAndSwap --no-compress,0,44882717,160378,162260,1063,2963
brc202d.map,24,390,PushAndSwap --no-compress,0,47383382,164539,166499,1063,3064
brc202d.map,24,400,PushAndSwap --no-compress,0,49555742,167712,169682,1063,2732
brc202d.map,24,410,PushAndSwap --no-compress,0,52578826,173319,175401,1063,1803
brc202d.map,24,420,PushAndSwap --no-compress,0,55300851,178139,180263,1063,4309
brc202d.map,24,430,PushAndSwap --no-compress,0,57950628,181911,184121,1063,3566
brc202d.map,24,440,PushAndSwap --no-compress,0,60493335,185627,187887,1063,2982
brc202d.map,24,970,PushAndSwap,-1,-1,-1,-1,-1,-1
brc202d.map,24,980,PushAndSwap,-1,-1,-1,-1,-1,-1
brc202d.map,24,990,PushAndSwap,-1,-1,-1,-1,-1,-1
brc202d.map,24,1000,PushAndSwap,-1,-1,-1,-1,-1,-1
brc202d.map,24,890,PushAndSwap,-1,-1,-1,-1,-1,-1
brc202d.map,24,900,PushAndSwap,-1,-1,-1,-1,-1,-1
brc202d.map,24,910,PushAndSwap,-1,-1,-1,-1,-1,-1
brc202d.map,24,920,PushAndSwap,-1,-1,-1,-1,-1,-1
brc202d.map,24,490,PushAndSwap,0,40920,204880,2001,1063,7615
brc202d.map,24,500,PushAndSwap,0,40915,207805,2001,1063,16135
brc202d.map,24,510,PushAndSwap,0,40933,211980,2001,1063,78172
brc202d.map,24,520,PushAndSwap,0,41294,214837,2001,1063,18698
brc202d.map,24,530,PushAndSwap,0,41334,218431,2001,1063,8651
brc202d.map,24,540,PushAndSwap,0,41407,223115,2001,1063,78114
brc202d.map,24,550,PushAndSwap,0,41391,227540,2001,1063,30877
brc202d.map,24,560,PushAndSwap,0,42370,232286,2001,1063,6695
brc202d.map,24,490,PushAndSwap --no-compress,0,74341144,204880,207576,1063,5259
brc202d.map,24,500,PushAndSwap --no-compress,0,77003080,207805,210549,1063,4356
brc202d.map,24,510,PushAndSwap --no-compress,0,80211046,211980,214912,1063,4319
brc202d.map,24,520,PushAndSwap --no-compress,0,83178039,214837,217971,1063,3919
brc202d.map,24,450,PushAndSwap --no-compress,0,62974143,188974,191282,1063,2045
brc202d.map,24,460,PushAndSwap --no-compress,0,65502965,192529,194915,1063,3652
brc202d.map,24,470,PushAndSwap --no-compress,0,68497807,196906,199324,1063,2287
brc202d.map,24,480,PushAndSwap --no-compress,0,71225959,200692,203184,1063,4912
brc202d.map,24,930,PushAndSwap,-1,-1,-1,-1,-1,-1
brc202d.map,24,940,PushAndSwap,-1,-1,-1,-1,-1,-1
brc202d.map,24,950,PushAndSwap,-1,-1,-1,-1,-1,-1
brc202d.map,24,960,PushAndSwap,-1,-1,-1,-1,-1,-1
brc202d.map,24,650,PushAndSwap,0,41403,271192,2001,1063,54003
brc202d.map,24,660,PushAndSwap,0,44631,276141,2001,1063,8212
brc202d.map,24,670,PushAndSwap,0,46871,280094,2001,1063,21489
brc202d.map,24,680,PushAndSwap,0,46934,284249,2001,1063,46379
brc202d.map,21,810,PushAndSwap,-1,-1,-1,-1,-1,-1
brc202d.map,21,820,PushAndSwap,0,32089,340525,2001,1131,327688
brc202d.map,21,830,PushAndSwap,-1,-1,-1,-1,-1,-1
brc202d.map,21,840,PushAndSwap,-1,-1,-1,-1,-1,-1
brc202d.map,24,530,PushAndSwap --no-compress,0,86285729,218431,221607,1063,4877
brc202d.map,24,540,PushAndSwap --no-compress,0,89858368,223115,226343,1063,5998
brc202d.map,24,550,PushAndSwap --no-compress,0,93269678,227540,230858,1063,6288
brc202d.map,24,560,PushAndSwap --no-compress,0,97032094,232286,235648,1063,4318
brc202d.map,24,850,PushAndSwap,-1,-1,-1,-1,-1,-1
brc202d.map,24,860,PushAndSwap,-1,-1,-1,-1,-1,-1
brc202d.map,24,870,PushAndSwap,-1,-1,-1,-1,-1,-1
brc202d.map,24,880,PushAndSwap,-1,-1,-1,-1,-1,-1
brc202d.map,22,810,PushAndSwap,-1,-1,-1,-1,-1,-1
brc202d.map,22,820,PushAndSwap,-1,-1,-1,-1,-1,-1
brc202d.map,22,830,PushAndSwap,-1,-1,-1,-1,-1,-1
brc202d.map,22,840,PushAndSwap,-1,-1,-1,-1,-1,-1
brc202d.map,24,890,PushAndSwap --no-compress,-1,-1,-1,-1,-1,-1
brc202d.map,24,900,PushAndSwap --no-compress,-1,-1,-1,-1,-1,-1
brc202d.map,24,910,PushAndSwap --no-compress,-1,-1,-1,-1,-1,-1
brc202d.map,24,920,PushAndSwap --no-compress,-1,-1,-1,-1,-1,-1
brc202d.map,25,10,PIBT,1,4092,4088,932,932,7
brc202d.map,25,20,PIBT,1,8380,8254,935,935,14
brc202d.map,25,30,PIBT,1,12529,11828,935,935,22
brc202d.map,25,40,PIBT,1,18723,18005,935,935,25
brc202d.map,25,50,PIBT,1,24323,23517,935,935,34
brc202d.map,25,60,PIBT,1,30329,28679,986,986,46
brc202d.map,25,70,PIBT,1,34099,32310,986,986,51
brc202d.map,25,80,PIBT,1,38865,36601,986,986,72
brc202d.map,25,90,PIBT,1,43716,40837,1013,1013,98
brc202d.map,25,100,PIBT,1,47866,45464,1037,1037,110
brc202d.map,25,110,PIBT,1,53387,49900,1037,1037,120
brc202d.map,25,120,PIBT,1,59622,54725,1037,1037,152
brc202d.map,25,130,PIBT,1,62108,57809,1037,1037,194
brc202d.map,25,140,PIBT,1,67557,62832,1037,1037,121
brc202d.map,25,150,PIBT,1,72090,66324,1037,1037,167
brc202d.map,25,160,PIBT,1,76552,70273,1037,1037,109
brc202d.map,25,170,PIBT,1,81931,73533,1037,1037,122
brc202d.map,25,180,PIBT,1,86602,77894,1037,1037,119
brc202d.map,25,190,PIBT,1,92181,82225,1037,1037,181
brc202d.map,25,200,PIBT,1,94691,85249,1037,1037,175
brc202d.map,25,210,PIBT,1,100905,89012,1037,1037,316
brc202d.map,25,220,PIBT,1,105448,93051,1037,1037,271
brc202d.map,25,230,PIBT,1,109426,96935,1037,1037,257
brc202d.map,25,240,PIBT,1,114323,100578,1037,1037,161
brc202d.map,25,250,PIBT,1,117136,104080,1037,1037,171
brc202d.map,25,260,PIBT,1,120516,107762,1037,1037,182
brc202d.map,25,270,PIBT,1,125839,112092,1037,1037,299
brc202d.map,25,280,PIBT,1,131856,116677,1037,1037,414
brc202d.map,25,290,PIBT,1,138099,121743,1037,1037,319
brc202d.map,25,300,PIBT,1,146404,127256,1037,1037,202
brc202d.map,25,310,PIBT,1,148156,129743,1037,1037,221
brc202d.map,25,320,PIBT,1,152790,133272,1037,1037,256
brc202d.map,25,330,PIBT,1,158379,138324,1037,1037,463
brc202d.map,25,340,PIBT,1,166709,144298,1052,1052,452
brc202d.map,25,350,PIBT,1,168577,147931,1052,1052,241
brc202d.map,25,360,PIBT,1,174043,151900,1052,1052,334
brc202d.map,24,930,PushAndSwap --no-compress,-1,-1,-1,-1,-1,-1
brc202d.map,24,940,PushAndSwap --no-compress,-1,-1,-1,-1,-1,-1
brc202d.map,24,950,PushAndSwap --no-compress,-1,-1,-1,-1,-1,-1
brc202d.map,24,960,PushAndSwap --no-compress,-1,-1,-1,-1,-1,-1
brc202d.map,25,370,PIBT,1,180311,155844,1052,1052,356
brc202d.map,25,380,PIBT,1,182514,159155,1052,1052,364
brc202d.map,25,390,PIBT,1,187595,162086,1052,1052,354
brc202d.map,25,400,PIBT,1,192823,165660,1052,1052,274
brc202d.map,24,650,PushAndSwap --no-compress,0,132250043,271192,275318,1063,7901
brc202d.map,24,660,PushAndSwap --no-compress,0,136861343,276141,280261,1063,7204
brc202d.map,24,670,PushAndSwap --no-compress,0,140945449,280094,284272,1063,6184
brc202d.map,24,680,PushAndSwap --no-compress,0,145207108,284249,288519,1063,9487
brc202d.map,25,410,PIBT,1,196717,170076,1052,1052,292
brc202d.map,25,420,PIBT,1,201184,173912,1052,1052,283
brc202d.map,25,430,PIBT,1,206823,176916,1052,1052,349
brc202d.map,25,440,PIBT,1,212339,181020,1052,1052,335
brc202d.map,24,570,PushAndSwap,0,39141,235680,2001,1063,12990
brc202d.map,24,580,PushAndSwap,0,39142,240328,2001,1063,108795
brc202d.map,24,590,PushAndSwap,0,39210,243305,2001,1063,5969
brc202d.map,24,600,PushAndSwap,0,38911,248078,2001,1063,85729
brc202d.map,25,450,PIBT,1,215664,185705,1052,1052,312
brc202d.map,25,460,PIBT,1,222627,189874,1052,1052,414
brc202d.map,25,470,PIBT,1,226453,192554,1053,1052,346
brc202d.map,25,480,PIBT,1,229676,196329,1052,1052,536
brc202d.map,25,490,PIBT,1,232995,200723,1052,1052,428
brc202d.map,25,500,PIBT,1,239873,204058,1055,1052,399
brc202d.map,25,510,PIBT,1,243360,208692,1053,1052,359
brc202d.map,25,520,PIBT,1,249955,212503,1052,1052,536
brc202d.map,25,530,PIBT,1,253557,216566,1053,1052,380
brc202d.map,25,540,PIBT,1,262953,221194,1052,1052,538
brc202d.map,25,550,PIBT,1,266240,226396,1052,1052,409
brc202d.map,25,560,PIBT,1,274007,229865,1053,1052,585
brc202d.map,25,570,PIBT,1,278368,234186,1053,1052,464
brc202d.map,25,580,PIBT,1,283474,237443,1052,1052,714
brc202d.map,25,590,PIBT,1,287481,241368,1052,1052,446
brc202d.map,25,600,PIBT,1,292538,245162,1052,1052,838
brc202d.map,25,610,PIBT,1,296851,247981,1052,1052,590
brc202d.map,25,620,PIBT,1,303839,253232,1052,1052,577
brc202d.map,25,630,PIBT,1,306364,256789,1052,1052,609
brc202d.map,25,640,PIBT,1,313643,260890,1055,1052,760
brc202d.map,25,650,PIBT,1,320175,266055,1052,1052,488
brc202d.map,25,660,PIBT,1,326090,269218,1052,1052,896
brc202d.map,25,670,PIBT,1,330045,274880,1053,1052,886
brc202d.map,25,680,PIBT,1,339390,280014,1053,1052,811
brc202d.map,25,690,PIBT,1,340968,284110,1053,1052,981
brc202d.map,25,700,PIBT,1,345896,288168,1053,1052,617
brc202d.map,25,710,PIBT,1,353620,292374,1053,1052,795
brc202d.map,25,720,PIBT,1,359412,296766,1052,1052,726
brc202d.map,25,730,PIBT,1,365397,301029,1095,1095,807
brc202d.map,25,740,PIBT,1,371029,304042,1095,1095,740
brc202d.map,25,750,PIBT,1,380406,308843,1095,1095,783
brc202d.map,25,760,PIBT,1,383994,313139,1095,1095,938
brc202d.map,25,770,PIBT,1,389235,317649,1095,1095,831
brc202d.map,25,780,PIBT,1,393501,321961,1095,1095,986
brc202d.map,25,790,PIBT,1,399264,326984,1095,1095,665
brc202d.map,25,800,PIBT,1,401909,330267,1095,1095,920
brc202d.map,25,810,PIBT,1,412171,336205,1095,1095,860
brc202d.map,25,820,PIBT,1,419528,340432,1095,1095,1060
brc202d.map,25,830,PIBT,1,426045,344510,1095,1095,882
brc202d.map,25,840,PIBT,1,428681,347970,1095,1095,796
brc202d.map,25,850,PIBT,1,434617,352699,1095,1095,724
brc202d.map,25,860,PIBT,1,438941,356139,1095,1095,935
brc202d.map,25,870,PIBT,1,444937,360353,1095,1095,1058
brc202d.map,25,880,PIBT,1,452468,363688,1095,1095,1643
brc202d.map,25,890,PIBT,1,458090,367410,1095,1095,1118
brc202d.map,25,900,PIBT,1,460208,372346,1095,1095,1127
brc202d.map,25,910,PIBT,1,465309,377591,1095,1095,896
brc202d.map,25,920,PIBT,1,471270,380455,1095,1095,918
brc202d.map,25,10,HCA,1,4092,4088,932,932,598
brc202d.map,25,20,HCA,1,8266,8254,935,935,660
brc202d.map,25,30,HCA,1,12390,11828,935,935,800
brc202d.map,25,40,HCA,1,18573,18005,935,935,2317
brc202d.map,24,690,PushAndSwap --no-compress,0,149453147,288140,292572,1063,7868
brc202d.map,24,700,PushAndSwap --no-compress,0,153368137,291273,295735,1063,7024
brc202d.map,24,710,PushAndSwap --no-compress,0,158115962,296129,300671,1063,7351
brc202d.map,24,720,PushAndSwap --no-compress,0,163178203,300238,305002,1063,5772
brc202d.map,25,930,PIBT,1,474188,383798,1095,1095,928
brc202d.map,25,940,PIBT,1,486252,388763,1095,1095,812
brc202d.map,25,950,PIBT,1,493380,392866,1095,1095,1752
brc202d.map,25,960,PIBT,1,495327,397864,1095,1095,863
brc202d.map,25,970,PIBT,1,502445,401850,1095,1095,1854
brc202d.map,25,980,PIBT,1,507835,405261,1095,1095,1050
brc202d.map,25,990,PIBT,1,512395,408499,1095,1095,1262
brc202d.map,25,1000,PIBT,1,517772,413987,1095,1095,854
brc202d.map,25,50,HCA,1,24087,23517,935,935,2464
brc202d.map,25,60,HCA,1,29258,28679,986,986,844
brc202d.map,25,70,HCA,1,32889,32310,986,986,411
brc202d.map,25,80,HCA,1,37855,36601,986,986,688
brc202d.map,24,610,PushAndSwap --no-compress,0,115387564,254203,257853,1063,4747
brc202d.map,24,620,PushAndSwap --no-compress,0,119255472,258185,261935,1063,4763
brc202d.map,24,630,PushAndSwap --no-compress,0,123533361,261837,265769,1063,8629
brc202d.map,24,640,PushAndSwap --no-compress,0,127552254,266594,270582,1063,5376
brc202d.map,25,90,HCA,1,42092,40837,1013,1013,918
brc202d.map,25,100,HCA,1,46724,45464,1037,1037,562
brc202d.map,25,110,HCA,1,51264,49900,1037,1037,1487
brc202d.map,25,120,HCA,1,56457,54725,1037,1037,583
brc202d.map,25,130,HCA,1,59548,57809,1037,1037,648
brc202d.map,25,140,HCA,1,64591,62832,1037,1037,1718
brc202d.map,25,150,HCA,1,68189,66324,1037,1037,759
brc202d.map,25,160,HCA,1,72051,70273,1037,1037,1822
brc202d.map,25,170,HCA,1,75813,73533,1037,1037,1424
brc202d.map,25,180,HCA,1,80095,77894,1037,1037,817
brc202d.map,25,190,HCA,1,85032,82225,1037,1037,1877
brc202d.map,25,200,HCA,1,88676,85249,1037,1037,1893
brc202d.map,25,210,HCA,1,92836,89012,1037,1037,2165
brc202d.map,25,220,HCA,1,97424,93051,1037,1037,1997
brc202d.map,25,230,HCA,1,101325,96935,1037,1037,2130
brc202d.map,25,240,HCA,1,105171,100578,1037,1037,5146
brc202d.map,25,250,HCA,1,109295,104080,1037,1037,1690
brc202d.map,25,260,HCA,1,112359,107762,1037,1037,3138
brc202d.map,25,270,HCA,1,117753,112092,1037,1037,5223
brc202d.map,25,280,HCA,1,122700,116677,1037,1037,2353
brc202d.map,25,330,HCA,1,143657,138324,1037,1037,4276
brc202d.map,25,340,HCA,1,150794,144298,1052,1052,6123
brc202d.map,25,350,HCA,1,155558,147931,1052,1052,3942
brc202d.map,25,360,HCA,1,159177,151900,1052,1052,2672
brc202d.map,25,290,HCA,1,127627,121743,1037,1037,2910
brc202d.map,25,300,HCA,1,132511,127256,1037,1037,11654
brc202d.map,25,310,HCA,1,134961,129743,1037,1037,2499
brc202d.map,25,320,HCA,1,138840,133272,1037,1037,2793
brc202d.map,25,410,HCA,1,178765,170076,1052,1052,7095
brc202d.map,25,420,HCA,1,182988,173912,1052,1052,4685
brc202d.map,25,430,HCA,1,186295,176916,1052,1052,3976
brc202d.map,25,440,HCA,1,190277,181020,1052,1052,7982
brc202d.map,25,450,HCA,1,195002,185705,1052,1052,4552
brc202d.map,25,460,HCA,1,199185,189874,1052,1052,4163
brc202d.map,25,470,HCA,1,202521,192554,1052,1052,8053
brc202d.map,25,480,HCA,1,206296,196329,1052,1052,8114
brc202d.map,25,370,HCA,1,163539,155844,1052,1052,22840
brc202d.map,25,380,HCA,1,167035,159155,1052,1052,5245
brc202d.map,25,390,HCA,1,169966,162086,1052,1052,5076
brc202d.map,25,400,HCA,1,173779,165660,1052,1052,4185
brc202d.map,25,490,HCA,1,210848,200723,1052,1052,5910
brc202d.map,25,500,HCA,1,214252,204058,1052,1052,8362
brc202d.map,25,510,HCA,1,219887,208692,1052,1052,9598
brc202d.map,25,520,HCA,1,223809,212503,1052,1052,7879
brc202d.map,24,970,PushAndSwap --no-compress,-1,-1,-1,-1,-1,-1
brc202d.map,24,980,PushAndSwap --no-compress,-1,-1,-1,-1,-1,-1
brc202d.map,24,990,PushAndSwap --no-compress,-1,-1,-1,-1,-1,-1
brc202d.map,24,1000,PushAndSwap --no-compress,-1,-1,-1,-1,-1,-1
brc202d.map,24,570,PushAndSwap --no-compress,0,100225629,235680,239108,1063,6170
brc202d.map,24,580,PushAndSwap --no-compress,0,103993987,240328,243788,1063,2876
brc202d.map,24,590,PushAndSwap --no-compress,0,107107585,243305,246833,1063,6316
brc202d.map,24,600,PushAndSwap --no-compress,0,111006728,248078,251642,1063,3704
brc202d.map,25,530,HCA,1,228685,216566,1052,1052,9838
brc202d.map,25,540,HCA,1,233717,221194,1052,1052,8479
brc202d.map,25,550,HCA,1,239393,226396,1052,1052,8548
brc202d.map,25,560,HCA,1,244418,229865,1052,1052,10470
brc202d.map,25,610,HCA,1,262861,247981,1052,1052,10065
brc202d.map,25,620,HCA,1,268234,253232,1052,1052,9433
brc202d.map,25,630,HCA,1,271880,256789,1052,1052,8853
brc202d.map,25,640,HCA,1,276215,260890,1052,1052,12337
brc202d.map,25,570,HCA,1,248448,234186,1052,1052,23521
brc202d.map,25,580,HCA,1,251372,237443,1052,1052,14126
brc202d.map,25,590,HCA,1,255165,241368,1052,1052,8537
brc202d.map,25,600,HCA,1,259752,245162,1052,1052,14228
brc202d.map,24,610,PushAndSwap,0,39059,254203,2001,1063,13892
brc202d.map,24,620,PushAndSwap,0,38920,258185,2001,1063,26751
brc202d.map,24,630,PushAndSwap,0,40974,261837,2001,1063,199060
brc202d.map,24,640,PushAndSwap,0,41358,266594,2001,1063,84123
brc202d.map,25,650,HCA,1,281175,266055,1052,1052,15330
brc202d.map,25,660,HCA,1,284575,269218,1052,1052,9966
brc202d.map,25,670,HCA,1,291055,274880,1052,1052,9930
brc202d.map,25,680,HCA,1,296339,280014,1052,1052,23191
brc202d.map,25,10,PIBT_PLUS,1,4092,4088,932,932,10
brc202d.map,25,20,PIBT_PLUS,1,8380,8254,935,935,22
brc202d.map,25,30,PIBT_PLUS,1,12529,11828,935,935,34
brc202d.map,25,40,PIBT_PLUS,1,18723,18005,935,935,41
brc202d.map,25,50,PIBT_PLUS,1,24323,23517,935,935,61
brc202d.map,25,60,PIBT_PLUS,1,30329,28679,986,986,97
brc202d.map,25,70,PIBT_PLUS,1,34099,32310,986,986,126
brc202d.map,25,80,PIBT_PLUS,1,38865,36601,986,986,128
brc202d.map,25,90,PIBT_PLUS,1,43716,40837,1013,1013,172
brc202d.map,25,100,PIBT_PLUS,1,47866,45464,1037,1037,151
brc202d.map,25,110,PIBT_PLUS,1,53387,49900,1037,1037,151
brc202d.map,25,120,PIBT_PLUS,1,59622,54725,1037,1037,211
brc202d.map,25,130,PIBT_PLUS,1,62108,57809,1037,1037,224
brc202d.map,25,140,PIBT_PLUS,1,67557,62832,1037,1037,244
brc202d.map,25,150,PIBT_PLUS,1,72090,66324,1037,1037,200
brc202d.map,25,160,PIBT_PLUS,1,76552,70273,1037,1037,155
brc202d.map,25,170,PIBT_PLUS,1,81931,73533,1037,1037,247
brc202d.map,25,180,PIBT_PLUS,1,86602,77894,1037,1037,342
brc202d.map,25,190,PIBT_PLUS,1,92181,82225,1037,1037,407
brc202d.map,25,200,PIBT_PLUS,1,94691,85249,1037,1037,234
brc202d.map,25,210,PIBT_PLUS,1,100905,89012,1037,1037,409
brc202d.map,25,220,PIBT_PLUS,1,105448,93051,1037,1037,684
brc202d.map,25,230,PIBT_PLUS,1,109426,96935,1037,1037,603
brc202d.map,25,240,PIBT_PLUS,1,114323,100578,1037,1037,450
brc202d.map,25,250,PIBT_PLUS,1,117136,104080,1037,1037,1697
brc202d.map,25,260,PIBT_PLUS,1,120516,107762,1037,1037,987
brc202d.map,25,270,PIBT_PLUS,1,125839,112092,1037,1037,752
brc202d.map,25,280,PIBT_PLUS,1,131856,116677,1037,1037,282
brc202d.map,25,290,PIBT_PLUS,1,138099,121743,1037,1037,511
brc202d.map,25,300,PIBT_PLUS,1,146404,127256,1037,1037,545
brc202d.map,25,310,PIBT_PLUS,1,148156,129743,1037,1037,603
brc202d.map,25,320,PIBT_PLUS,1,152790,133272,1037,1037,518
brc202d.map,25,330,PIBT_PLUS,1,158379,138324,1037,1037,372
brc202d.map,25,340,PIBT_PLUS,1,166709,144298,1052,1052,382
brc202d.map,25,350,PIBT_PLUS,1,168577,147931,1052,1052,953
brc202d.map,25,360,PIBT_PLUS,1,174043,151900,1052,1052,1738
brc202d.map,24,690,PushAndSwap,0,47025,288140,2001,1063,225747
brc202d.map,24,700,PushAndSwap,0,47019,291273,2001,1063,18792
brc202d.map,24,710,PushAndSwap,0,47000,296129,2001,1063,93390
brc202d.map,24,720,PushAndSwap,0,46959,300238,2001,1063,8906
brc202d.map,25,370,PIBT_PLUS,1,180311,155844,1052,1052,1033
brc202d.map,25,380,PIBT_PLUS,1,182514,159155,1052,1052,369
brc202d.map,25,390,PIBT_PLUS,1,187595,162086,1052,1052,353
brc202d.map,25,400,PIBT_PLUS,1,192823,165660,1052,1052,566
brc202d.map,25,690,HCA,1,301498,284110,1052,1052,26373
brc202d.map,25,700,HCA,1,305620,288168,1052,1052,19192
brc202d.map,25,710,HCA,1,310027,292374,1052,1052,10707
brc202d.map,25,720,HCA,1,314483,296766,1052,1052,20175
brc202d.map,25,410,PIBT_PLUS,1,196717,170076,1052,1052,394
brc202d.map,25,420,PIBT_PLUS,1,201184,173912,1052,1052,373
brc202d.map,25,430,PIBT_PLUS,1,206823,176916,1052,1052,583
brc202d.map,25,440,PIBT_PLUS,1,212339,181020,1052,1052,860
brc202d.map,25,450,PIBT_PLUS,1,215664,185705,1052,1052,765
brc202d.map,25,460,PIBT_PLUS,1,222627,189874,1052,1052,1311
brc202d.map,25,470,PIBT_PLUS,1,226453,192554,1053,1052,1169
brc202d.map,25,480,PIBT_PLUS,1,229676,196329,1052,1052,520
brc202d.map,25,490,PIBT_PLUS,1,232995,200723,1052,1052,953
brc202d.map,25,500,PIBT_PLUS,1,239873,204058,1055,1052,1936
brc202d.map,25,510,PIBT_PLUS,1,243360,208692,1053,1052,704
brc202d.map,25,520,PIBT_PLUS,1,249955,212503,1052,1052,1089
brc202d.map,20,770,PushAndSwap,0,39691,314983,2001,1107,349171
brc202d.map,20,780,PushAndSwap,0,39632,319396,2001,1107,35993
brc202d.map,20,790,PushAndSwap,0,39721,323502,2001,1107,423895
brc202d.map,20,800,PushAndSwap,0,41395,327783,2001,1107,1080276
brc202d.map,23,810,PushAndSwap --no-compress,0,205065738,333782,339416,1071,11533
brc202d.map,23,820,PushAndSwap --no-compress,0,210004558,337499,343205,1071,7656
brc202d.map,23,830,PushAndSwap --no-compress,0,214929350,341267,347077,1071,9186
brc202d.map,23,840,PushAndSwap --no-compress,0,221115952,346669,352789,1071,9759
brc202d.map,25,530,PIBT_PLUS,1,253557,216566,1053,1052,2306
brc202d.map,25,540,PIBT_PLUS,1,262953,221194,1052,1052,567
brc202d.map,25,550,PIBT_PLUS,1,266240,226396,1052,1052,1254
brc202d.map,25,560,PIBT_PLUS,1,274007,229865,1053,1052,2049
brc202d.map,25,570,PIBT_PLUS,1,278368,234186,1053,1052,1487
brc202d.map,25,580,PIBT_PLUS,1,283474,237443,1052,1052,1627
brc202d.map,25,590,PIBT_PLUS,1,287481,241368,1052,1052,1454
brc202d.map,25,600,PIBT_PLUS,1,292538,245162,1052,1052,1608
brc202d.map,25,610,PIBT_PLUS,1,296851,247981,1052,1052,1772
brc202d.map,25,620,PIBT_PLUS,1,303839,253232,1052,1052,1430
brc202d.map,25,630,PIBT_PLUS,1,306364,256789,1052,1052,1767
brc202d.map,25,640,PIBT_PLUS,1,313641,260890,1055,1052,1811
brc202d.map,25,650,PIBT_PLUS,1,320175,266055,1052,1052,747
brc202d.map,25,660,PIBT_PLUS,1,326090,269218,1052,1052,972
brc202d.map,25,670,PIBT_PLUS,1,330045,274880,1053,1052,2415
brc202d.map,25,680,PIBT_PLUS,1,339390,280014,1053,1052,2639
brc202d.map,25,730,PIBT_PLUS,1,365397,301029,1095,1095,1514
brc202d.map,25,740,PIBT_PLUS,1,371029,304042,1095,1095,1807
brc202d.map,25,750,PIBT_PLUS,1,380406,308843,1095,1095,1245
brc202d.map,25,760,PIBT_PLUS,1,383994,313139,1095,1095,1367
brc202d.map,25,690,PIBT_PLUS,1,340968,284110,1053,1052,1864
brc202d.map,25,700,PIBT_PLUS,1,345896,288168,1053,1052,2093
brc202d.map,25,710,PIBT_PLUS,1,353620,292374,1053,1052,2325
brc202d.map,25,720,PIBT_PLUS,1,359412,296766,1052,1052,1284
brc202d.map,25,770,HCA,1,334989,317649,1095,1095,12959
brc202d.map,25,780,HCA,0,0,321961,-1,1095,30006
brc202d.map,25,790,HCA,1,345788,326984,1095,1095,20490
brc202d.map,25,800,HCA,1,348774,330267,1095,1095,20572
brc202d.map,25,770,PIBT_PLUS,1,389235,317649,1095,1095,1605
brc202d.map,25,780,PIBT_PLUS,1,393501,321961,1095,1095,2100
brc202d.map,25,790,PIBT_PLUS,1,399264,326984,1095,1095,1746
brc202d.map,25,800,PIBT_PLUS,1,401909,330267,1095,1095,3514
brc202d.map,25,10,PushAndSwap,1,6816,4088,936,932,78
brc202d.map,25,20,PushAndSwap,0,20405,8254,2001,935,98
brc202d.map,25,30,PushAndSwap,0,28211,11828,2001,935,218
brc202d.map,25,40,PushAndSwap,0,21453,18005,2001,935,143
brc202d.map,25,50,PushAndSwap,0,25812,23517,2001,935,514
brc202d.map,25,60,PushAndSwap,0,33568,28679,2001,986,468
brc202d.map,25,70,PushAndSwap,0,34771,32310,2001,986,246
brc202d.map,25,80,PushAndSwap,0,43040,36601,2001,986,362
brc202d.map,25,810,PIBT_PLUS,1,412171,336205,1095,1095,2070
brc202d.map,25,820,PIBT_PLUS,1,419528,340432,1095,1095,1798
brc202d.map,25,830,PIBT_PLUS,1,426045,344510,1095,1095,3467
brc202d.map,25,840,PIBT_PLUS,1,428681,347970,1095,1095,1840
brc202d.map,25,850,PIBT_PLUS,1,434617,352699,1095,1095,1845
brc202d.map,25,860,PIBT_PLUS,1,438941,356139,1095,1095,2499
brc202d.map,25,870,PIBT_PLUS,1,444937,360353,1095,1095,1575
brc202d.map,25,880,PIBT_PLUS,1,452468,363688,1095,1095,1656
brc202d.map,25,890,PIBT_PLUS,1,458090,367410,1095,1095,1896
brc202d.map,25,900,PIBT_PLUS,1,460208,372346,1095,1095,1816
brc202d.map,25,910,PIBT_PLUS,1,465309,377591,1095,1095,1976
brc202d.map,25,920,PIBT_PLUS,1,471270,380455,1095,1095,1511
brc202d.map,25,90,PushAndSwap,0,49581,40837,2001,1013,335
brc202d.map,25,100,PushAndSwap,0,32530,45464,2001,1037,520
brc202d.map,25,110,PushAndSwap,0,35112,49900,2001,1037,554
brc202d.map,25,120,PushAndSwap,0,33586,54725,2001,1037,503
brc202d.map,25,730,HCA,1,317956,301029,1095,1095,23304
brc202d.map,25,740,HCA,0,0,304042,-1,1095,30072
brc202d.map,25,750,HCA,0,0,308843,-1,1095,30003
brc202d.map,25,760,HCA,1,331621,313139,1095,1095,19372
brc202d.map,25,130,PushAndSwap,0,33670,57809,2001,1037,594
brc202d.map,25,140,PushAndSwap,0,20967,62832,2001,1037,830
brc202d.map,25,150,PushAndSwap,0,21332,66324,2001,1037,639
brc202d.map,25,160,PushAndSwap,0,38749,70273,2001,1037,634
brc202d.map,22,730,PushAndSwap,0,34633,318299,2001,1011,265670
brc202d.map,22,740,PushAndSwap,0,34707,320780,2001,1011,30925
brc202d.map,22,750,PushAndSwap,0,34716,324433,2001,1011,19167
brc202d.map,22,760,PushAndSwap,0,34862,327299,2001,1011,777742
brc202d.map,25,930,PIBT_PLUS,1,474188,383798,1095,1095,3563
brc202d.map,25,940,PIBT_PLUS,1,486252,388763,1095,1095,2100
brc202d.map,25,950,PIBT_PLUS,1,493380,392866,1095,1095,1725
brc202d.map,25,960,PIBT_PLUS,1,495327,397864,1095,1095,2229
brc202d.map,25,810,HCA,1,355626,336205,1095,1095,14835
brc202d.map,25,820,HCA,1,360243,340432,1095,1095,28690
brc202d.map,25,830,HCA,1,363796,344510,1095,1095,26464
brc202d.map,25,840,HCA,1,369844,347970,1095,1095,24457
brc202d.map,25,170,PushAndSwap,0,39942,73533,2001,1037,781
brc202d.map,25,180,PushAndSwap,0,44200,77894,2001,1037,1072
brc202d.map,25,190,PushAndSwap,0,44800,82225,2001,1037,1332
brc202d.map,25,200,PushAndSwap,0,46710,85249,2001,1037,1030
brc202d.map,25,970,PIBT_PLUS,1,502445,401850,1095,1095,3905
brc202d.map,25,980,PIBT_PLUS,1,507835,405261,1095,1095,1167
brc202d.map,25,990,PIBT_PLUS,1,512395,408499,1095,1095,1184
brc202d.map,25,1000,PIBT_PLUS,1,517772,413987,1095,1095,2258
brc202d.map,25,850,HCA,1,373349,352699,1095,1095,22467
brc202d.map,25,860,HCA,1,378444,356139,1095,1095,19472
brc202d.map,25,870,HCA,0,0,360353,-1,1095,30004
brc202d.map,25,880,HCA,1,385565,363688,1095,1095,23794
brc202d.map,25,210,PushAndSwap,0,48823,89012,2001,1037,1123
brc202d.map,25,220,PushAndSwap,0,46844,93051,2001,1037,1506
brc202d.map,25,230,PushAndSwap,0,49795,96935,2001,1037,1334
brc202d.map,25,240,PushAndSwap,0,49926,100578,2001,1037,1519
brc202d.map,25,250,PushAndSwap,0,51983,104080,2001,1037,1564
brc202d.map,25,260,PushAndSwap,0,52442,107762,2001,1037,2193
brc202d.map,25,270,PushAndSwap,0,61128,112092,2001,1037,1851
brc202d.map,25,280,PushAndSwap,0,63399,116677,2001,1037,2183
brc202d.map,25,290,PushAndSwap,0,63886,121743,2001,1037,2325
brc202d.map,25,300,PushAndSwap,0,44684,127256,2001,1037,2259
brc202d.map,25,310,PushAndSwap,0,45094,129743,2001,1037,2907
brc202d.map,25,320,PushAndSwap,0,45187,133272,2001,1037,3698
brc202d.map,25,330,PushAndSwap,0,39428,138324,2001,1037,2791
brc202d.map,25,340,PushAndSwap,0,42012,144298,2001,1052,2583
brc202d.map,25,350,PushAndSwap,0,44132,147931,2001,1052,3936
brc202d.map,25,360,PushAndSwap,0,44615,151900,2001,1052,3978
brc202d.map,25,370,PushAndSwap,0,45957,155844,2001,1052,3335
brc202d.map,25,380,PushAndSwap,0,45511,159155,2001,1052,3707
brc202d.map,25,390,PushAndSwap,0,45553,162086,2001,1052,5064
brc202d.map,25,400,PushAndSwap,0,45739,165660,2001,1052,5409
brc202d.map,25,410,PushAndSwap,0,46590,170076,2001,1052,3937
brc202d.map,25,420,PushAndSwap,0,46530,173912,2001,1052,6913
brc202d.map,25,430,PushAndSwap,0,51114,176916,2001,1052,5830
brc202d.map,25,440,PushAndSwap,0,47189,181020,2001,1052,3984
brc202d.map,25,890,HCA,0,0,367410,-1,1095,30053
brc202d.map,25,900,HCA,1,394775,372346,1095,1095,29130
brc202d.map,25,910,HCA,1,399718,377591,1095,1095,22131
brc202d.map,25,920,HCA,0,0,380455,-1,1095,30033
brc202d.map,24,730,PushAndSwap --no-compress,0,167731552,304555,309645,1063,9327
brc202d.map,24,740,PushAndSwap --no-compress,0,173188737,310650,315786,1063,4625
brc202d.map,24,750,PushAndSwap --no-compress,0,178371096,316195,321425,1063,5904
brc202d.map,24,760,PushAndSwap --no-compress,0,183287956,320347,325663,1063,6337
brc202d.map,25,490,PushAndSwap,0,40079,200723,2001,1052,6271
brc202d.map,25,500,PushAndSwap,0,40211,204058,2001,1052,9068
brc202d.map,25,510,PushAndSwap,0,40475,208692,2001,1052,11981
brc202d.map,25,520,PushAndSwap,0,40696,212503,2001,1052,4677
brc202d.map,25,450,PushAndSwap,0,47636,185705,2001,1052,5427
brc202d.map,25,460,PushAndSwap,0,51078,189874,2001,1052,8913
brc202d.map,25,470,PushAndSwap,0,39755,192554,2001,1052,17635
brc202d.map,25,480,PushAndSwap,0,39910,196329,2001,1052,4479
brc202d.map,25,930,HCA,1,406062,383798,1095,1095,29277
brc202d.map,25,940,HCA,1,412418,388763,1095,1095,22066
brc202d.map,25,950,HCA,0,0,392866,-1,1095,30010
brc202d.map,25,960,HCA,0,0,397864,-1,1095,30004
brc202d.map,25,10,PushAndSwap --no-compress,0,30916,4088,4088,932,14
brc202d.map,25,20,PushAndSwap --no-compress,0,123851,8254,8266,935,34
brc202d.map,25,30,PushAndSwap --no-compress,0,264848,11828,11852,935,64
brc202d.map,25,40,PushAndSwap --no-compress,0,522663,18005,18029,935,82
brc202d.map,25,50,PushAndSwap --no-compress,0,851931,23517,23571,935,211
brc202d.map,25,60,PushAndSwap --no-compress,0,1234181,28679,28757,986,150
brc202d.map,25,70,PushAndSwap --no-compress,0,1630423,32310,32424,986,154
brc202d.map,25,80,PushAndSwap --no-compress,0,2116951,36601,36727,986,144
brc202d.map,24,850,PushAndSwap --no-compress,-1,-1,-1,-1,-1,-1
brc202d.map,24,860,PushAndSwap --no-compress,-1,-1,-1,-1,-1,-1
brc202d.map,24,870,PushAndSwap --no-compress,0,240349793,362852,369812,1063,10231
brc202d.map,24,880,PushAndSwap --no-compress,-1,-1,-1,-1,-1,-1
brc202d.map,25,90,PushAndSwap --no-compress,0,2643021,40837,40969,1013,132
brc202d.map,25,100,PushAndSwap --no-compress,0,3258674,45464,45606,1037,146
brc202d.map,25,110,PushAndSwap --no-compress,0,3907430,49900,50060,1037,222
brc202d.map,25,120,PushAndSwap --no-compress,0,4691878,54725,54989,1037,316
brc202d.map,25,970,HCA,1,427351,401850,1095,1095,27088
brc202d.map,25,980,HCA,1,430963,405261,1095,1095,25456
brc202d.map,25,990,HCA,0,0,408499,-1,1095,30006
brc202d.map,25,1000,HCA,0,0,413987,-1,1095,30012
brc202d.map,25,130,PushAndSwap --no-compress,0,5390939,57809,58087,1037,239
brc202d.map,25,140,PushAndSwap --no-compress,0,6263676,62832,63128,1037,547
brc202d.map,25,150,PushAndSwap --no-compress,0,7141111,66324,66638,1037,471
brc202d.map,25,160,PushAndSwap --no-compress,0,8127057,70273,70623,1037,493
brc202d.map,25,170,PushAndSwap --no-compress,0,9090572,73533,73985,1037,564
brc202d.map,25,180,PushAndSwap --no-compress,0,10137512,77894,78376,1037,783
brc202d.map,25,190,PushAndSwap --no-compress,0,11259481,82225,82745,1037,642
brc202d.map,25,200,PushAndSwap --no-compress,0,12390827,85249,85789,1037,987
brc202d.map,25,530,PushAndSwap,0,41896,216566,2001,1052,9370
brc202d.map,25,540,PushAndSwap,0,45554,221194,2001,1052,12909
brc202d.map,25,550,PushAndSwap,0,45713,226396,2001,1052,21322
brc202d.map,25,560,PushAndSwap,0,48642,229865,2001,1052,6790
brc202d.map,25,210,PushAndSwap --no-compress,0,13667337,89012,89810,1037,909
brc202d.map,25,220,PushAndSwap --no-compress,0,15017889,93051,93903,1037,1032
brc202d.map,25,230,PushAndSwap --no-compress,0,16329481,96935,97805,1037,904
brc202d.map,25,240,PushAndSwap --no-compress,0,17731767,100578,101460,1037,867
brc202d.map,25,250,PushAndSwap --no-compress,0,19092648,104080,105022,1037,1232
brc202d.map,25,260,PushAndSwap --no-compress,0,20559502,107762,108740,1037,1193
brc202d.map,25,270,PushAndSwap --no-compress,0,22318963,112092,113348,1037,1221
brc202d.map,25,280,PushAndSwap --no-compress,0,24098040,116677,117979,1037,1125
brc202d.map,25,290,PushAndSwap --no-compress,0,26021972,121743,123075,1037,1346
brc202d.map,25,300,PushAndSwap --no-compress,0,28112039,127256,128648,1037,1164
brc202d.map,25,310,PushAndSwap --no-compress,0,29672404,129743,131173,1037,1628
brc202d.map,25,320,PushAndSwap --no-compress,0,31585947,133272,134824,1037,1273
brc202d.map,23,730,PushAndSwap,0,27435,299253,2001,1071,343771
brc202d.map,23,740,PushAndSwap,0,28379,304546,2001,1071,28890
brc202d.map,23,750,PushAndSwap,0,30132,308978,2001,1071,392034
brc202d.map,23,760,PushAndSwap,0,30182,314145,2001,1071,56028
brc202d.map,25,330,PushAndSwap --no-compress,0,33763161,138324,139932,1037,1516
brc202d.map,25,340,PushAndSwap --no-compress,0,36394517,144298,146160,1052,1626
brc202d.map,25,350,PushAndSwap --no-compress,0,38370328,147931,149813,1052,1985
brc202d.map,25,360,PushAndSwap --no-compress,0,40488949,151900,153818,1052,1577
brc202d.map,25,370,PushAndSwap --no-compress,0,42608154,155844,157816,1052,2121
brc202d.map,25,380,PushAndSwap --no-compress,0,44732526,159155,161219,1052,1680
brc202d.map,25,390,PushAndSwap --no-compress,0,46721059,162086,164174,1052,2268
brc202d.map,25,400,PushAndSwap --no-compress,0,49026425,165660,167792,1052,2132
brc202d.map,25,410,PushAndSwap --no-compress,0,51676634,170076,172348,1052,2374
brc202d.map,25,420,PushAndSwap --no-compress,0,54253533,173912,176268,1052,2277
brc202d.map,25,430,PushAndSwap --no-compress,0,56736302,176916,179342,1052,2652
brc202d.map,25,440,PushAndSwap --no-compress,0,59417330,181020,183542,1052,3028
brc202d.map,25,450,PushAndSwap --no-compress,0,62317816,185705,188281,1052,2501
brc202d.map,25,460,PushAndSwap --no-compress,0,65094309,189874,192506,1052,3338
brc202d.map,25,470,PushAndSwap --no-compress,0,67752607,192554,195330,1052,2750
brc202d.map,25,480,PushAndSwap --no-compress,0,70479884,196329,199107,1052,3822
brc202d.map,25,490,PushAndSwap --no-compress,0,73657541,200723,203739,1052,2763
brc202d.map,25,500,PushAndSwap --no-compress,0,76353160,204058,207116,1052,3519
brc202d.map,25,510,PushAndSwap --no-compress,0,79605090,208692,211860,1052,4068
brc202d.map,25,520,PushAndSwap --no-compress,0,82564749,212503,215729,1052,3013
brc202d.map,25,530,PushAndSwap --no-compress,0,85607206,216566,219650,1052,3545
brc202d.map,25,540,PushAndSwap --no-compress,0,89629875,221194,224716,1052,3961
brc202d.map,25,550,PushAndSwap --no-compress,0,93301169,226396,229992,1052,3626
brc202d.map,25,560,PushAndSwap --no-compress,0,96359998,229865,233635,1052,6539
brc202d.map,25,970,PushAndSwap,-1,-1,-1,-1,-1,-1
brc202d.map,25,980,PushAndSwap,-1,-1,-1,-1,-1,-1
brc202d.map,25,990,PushAndSwap,-1,-1,-1,-1,-1,-1
brc202d.map,25,1000,PushAndSwap,-1,-1,-1,-1,-1,-1
brc202d.map,25,930,PushAndSwap,-1,-1,-1,-1,-1,-1
brc202d.map,25,940,PushAndSwap,-1,-1,-1,-1,-1,-1
brc202d.map,25,950,PushAndSwap,-1,-1,-1,-1,-1,-1
brc202d.map,25,960,PushAndSwap,-1,-1,-1,-1,-1,-1
brc202d.map,25,570,PushAndSwap --no-compress,0,100068315,234186,238194,1052,4855
brc202d.map,25,580,PushAndSwap --no-compress,0,103172030,237443,241457,1052,4883
brc202d.map,25,590,PushAndSwap --no-compress,0,106919602,241368,245566,1052,7029
brc202d.map,25,600,PushAndSwap --no-compress,0,110327398,245162,249426,1052,6157
brc202d.map,25,890,PushAndSwap,-1,-1,-1,-1,-1,-1
brc202d.map,25,900,PushAndSwap,-1,-1,-1,-1,-1,-1
brc202d.map,25,910,PushAndSwap,-1,-1,-1,-1,-1,-1
brc202d.map,25,920,PushAndSwap,-1,-1,-1,-1,-1,-1
brc202d.map,25,570,PushAndSwap,0,48654,234186,2001,1052,24486
brc202d.map,25,580,PushAndSwap,0,52547,237443,2001,1052,54343
brc202d.map,25,590,PushAndSwap,0,52840,241368,2001,1052,15226
brc202d.map,25,600,PushAndSwap,0,53979,245162,2001,1052,34635
brc202d.map,23,810,PushAndSwap,-1,-1,-1,-1,-1,-1
brc202d.map,23,820,PushAndSwap,0,31362,337499,2001,1071,168502
brc202d.map,23,830,PushAndSwap,-1,-1,-1,-1,-1,-1
brc202d.map,23,840,PushAndSwap,-1,-1,-1,-1,-1,-1
brc202d.map,25,850,PushAndSwap,-1,-1,-1,-1,-1,-1
brc202d.map,25,860,PushAndSwap,-1,-1,-1,-1,-1,-1
brc202d.map,25,870,PushAndSwap,-1,-1,-1,-1,-1,-1
brc202d.map,25,880,PushAndSwap,-1,-1,-1,-1,-1,-1
brc202d.map,3,10,PIBT,1,4087,4086,868,868,7
brc202d.map,3,20,PIBT,1,9926,9360,921,921,16
brc202d.map,3,30,PIBT,1,12919,12196,921,921,33
brc202d.map,3,40,PIBT,1,17167,16435,921,921,46
brc202d.map,3,50,PIBT,1,20502,19679,921,921,49
brc202d.map,3,60,PIBT,1,23572,22761,921,921,71
brc202d.map,3,70,PIBT,1,28365,27300,999,999,89
brc202d.map,3,80,PIBT,1,32970,31667,999,999,103
brc202d.map,3,90,PIBT,1,37675,36126,999,999,165
brc202d.map,3,100,PIBT,1,42746,40489,999,999,72
brc202d.map,3,110,PIBT,1,45941,43484,999,999,89
brc202d.map,3,120,PIBT,1,51043,47461,999,999,88
brc202d.map,3,130,PIBT,1,58088,53109,999,999,159
brc202d.map,3,140,PIBT,1,62265,57429,999,999,159
brc202d.map,3,150,PIBT,1,66126,60068,999,999,153
brc202d.map,3,160,PIBT,1,72672,66187,1049,1049,240
brc202d.map,3,170,PIBT,1,76891,69616,1049,1049,221
brc202d.map,3,180,PIBT,1,81644,73444,1049,1049,129
brc202d.map,3,190,PIBT,1,87883,78276,1049,1049,241
brc202d.map,3,200,PIBT,1,92757,81373,1049,1049,219
brc202d.map,25,850,PushAndSwap --no-compress,-1,-1,-1,-1,-1,-1
brc202d.map,25,860,PushAndSwap --no-compress,-1,-1,-1,-1,-1,-1
brc202d.map,25,870,PushAndSwap --no-compress,-1,-1,-1,-1,-1,-1
brc202d.map,25,880,PushAndSwap --no-compress,-1,-1,-1,-1,-1,-1
brc202d.map,3,210,PIBT,1,99227,87248,1049,1049,261
brc202d.map,3,220,PIBT,1,104349,91689,1049,1049,267
brc202d.map,3,230,PIBT,1,107622,94903,1049,1049,162
brc202d.map,3,240,PIBT,1,112300,98438,1049,1049,162
brc202d.map,3,250,PIBT,1,116580,101324,1049,1049,171
brc202d.map,3,260,PIBT,1,120410,105114,1049,1049,249
brc202d.map,3,270,PIBT,1,126296,109950,1049,1049,340
brc202d.map,3,280,PIBT,1,130055,113324,1049,1049,466
brc202d.map,3,290,PIBT,1,137554,118235,1049,1049,253
brc202d.map,3,300,PIBT,1,143444,122919,1049,1049,360
brc202d.map,3,310,PIBT,1,146818,126663,1049,1049,459
brc202d.map,3,320,PIBT,1,152908,129597,1049,1049,544
brc202d.map,25,970,PushAndSwap --no-compress,-1,-1,-1,-1,-1,-1
brc202d.map,25,980,PushAndSwap --no-compress,-1,-1,-1,-1,-1,-1
brc202d.map,25,990,PushAndSwap --no-compress,-1,-1,-1,-1,-1,-1
brc202d.map,25,1000,PushAndSwap --no-compress,-1,-1,-1,-1,-1,-1
brc202d.map,3,330,PIBT,1,157697,134388,1049,1049,466
brc202d.map,3,340,PIBT,1,163431,139425,1049,1049,337
brc202d.map,3,350,PIBT,1,167479,143643,1049,1049,240
brc202d.map,3,360,PIBT,1,171707,147950,1049,1049,268
brc202d.map,3,370,PIBT,1,178962,152886,1049,1049,483
brc202d.map,3,380,PIBT,1,183506,156935,1049,1049,256
brc202d.map,3,390,PIBT,1,186616,159568,1049,1049,264
brc202d.map,3,400,PIBT,1,193091,165114,1049,1049,286
brc202d.map,3,410,PIBT,1,198032,168646,1049,1049,277
brc202d.map,3,420,PIBT,1,202848,171847,1049,1049,287
brc202d.map,3,430,PIBT,1,207443,176483,1049,1049,314
brc202d.map,3,440,PIBT,1,213883,180727,1059,1059,528
brc202d.map,3,450,PIBT,1,221301,184838,1059,1059,322
brc202d.map,3,460,PIBT,1,223994,188260,1059,1059,383
brc202d.map,3,470,PIBT,1,228539,191631,1059,1059,502
brc202d.map,3,480,PIBT,1,233558,195359,1059,1059,553
brc202d.map,3,490,PIBT,1,238287,199210,1059,1059,355
brc202d.map,3,500,PIBT,1,244249,202436,1059,1059,481
brc202d.map,3,510,PIBT,1,247508,207755,1059,1059,511
brc202d.map,3,520,PIBT,1,256322,212303,1059,1059,650
brc202d.map,3,530,PIBT,1,263816,216079,1059,1059,560
brc202d.map,3,540,PIBT,1,269171,221916,1068,1068,541
brc202d.map,3,550,PIBT,1,276345,227234,1068,1068,626
brc202d.map,3,560,PIBT,1,283457,231670,1068,1068,685
brc202d.map,3,570,PIBT,1,288438,234938,1068,1068,621
brc202d.map,3,580,PIBT,1,291010,237547,1068,1068,650
brc202d.map,3,590,PIBT,1,296761,241803,1068,1068,869
brc202d.map,3,600,PIBT,1,302282,245815,1068,1068,738
brc202d.map,3,610,PIBT,1,307478,249976,1068,1068,735
brc202d.map,3,620,PIBT,1,313088,255652,1068,1068,656
brc202d.map,3,630,PIBT,1,317488,259870,1068,1068,540
brc202d.map,3,640,PIBT,1,323488,264967,1068,1068,1279
brc202d.map,3,650,PIBT,1,329618,269335,1068,1068,846
brc202d.map,3,660,PIBT,1,334837,273587,1068,1068,594
brc202d.map,3,670,PIBT,1,337818,277716,1068,1068,827
brc202d.map,3,680,PIBT,1,346749,281530,1068,1068,611
brc202d.map,3,690,PIBT,1,349696,285615,1068,1068,1014
brc202d.map,3,700,PIBT,1,355320,288808,1068,1068,671
brc202d.map,3,710,PIBT,1,360900,293258,1068,1068,1072
brc202d.map,3,720,PIBT,1,364917,297019,1068,1068,948
brc202d.map,3,730,PIBT,1,374870,301449,1068,1068,1476
brc202d.map,3,740,PIBT,1,381808,305287,1068,1068,1305
brc202d.map,3,750,PIBT,1,385840,308857,1068,1068,1351
brc202d.map,3,760,PIBT,1,391526,312127,1068,1068,1089
brc202d.map,3,770,PIBT,1,397920,314896,1068,1068,1048
brc202d.map,3,780,PIBT,1,399280,317210,1068,1068,851
brc202d.map,3,790,PIBT,1,405199,322046,1068,1068,1104
brc202d.map,3,800,PIBT,1,414121,326492,1068,1068,1045
brc202d.map,3,810,PIBT,1,417597,330864,1068,1068,1235
brc202d.map,3,820,PIBT,1,423466,334249,1068,1068,1179
brc202d.map,3,830,PIBT,1,427212,339018,1068,1068,944
brc202d.map,3,840,PIBT,1,430130,342074,1068,1068,797
brc202d.map,3,850,PIBT,1,437792,346814,1068,1068,1137
brc202d.map,3,860,PIBT,1,441315,350371,1068,1068,1031
brc202d.map,3,870,PIBT,1,445720,354817,1068,1068,771
brc202d.map,3,880,PIBT,1,451647,358015,1068,1068,1281
brc202d.map,3,890,PIBT,1,460643,362283,1068,1068,944
brc202d.map,3,900,PIBT,1,464537,366773,1068,1068,1092
brc202d.map,3,910,PIBT,1,470474,372565,1068,1068,1745
brc202d.map,3,920,PIBT,1,476129,377365,1068,1068,1364
brc202d.map,3,930,PIBT,1,481127,380859,1068,1068,1280
brc202d.map,3,940,PIBT,1,488307,384819,1068,1068,1487
brc202d.map,3,950,PIBT,1,492863,390328,1068,1068,794
brc202d.map,3,960,PIBT,1,497503,393803,1068,1068,704
brc202d.map,3,10,HCA,1,4086,4086,868,868,490
brc202d.map,3,20,HCA,1,9366,9360,921,921,915
brc202d.map,3,30,HCA,1,12204,12196,921,921,478
brc202d.map,3,40,HCA,1,16448,16435,921,921,1136
brc202d.map,3,50,HCA,1,19700,19679,921,921,1105
brc202d.map,3,60,HCA,1,22787,22761,921,921,359
brc202d.map,3,70,HCA,1,27336,27300,999,999,585
brc202d.map,3,80,HCA,1,32161,31667,999,999,654
brc202d.map,3,970,PIBT,1,501242,397021,1068,1068,1523
brc202d.map,3,980,PIBT,1,508079,400586,1068,1068,1110
brc202d.map,3,990,PIBT,1,517568,405063,1068,1068,1235
brc202d.map,3,1000,PIBT,1,521765,409195,1068,1068,959
brc202d.map,3,90,HCA,1,36631,36126,999,999,505
brc202d.map,3,100,HCA,1,41000,40489,999,999,851
brc202d.map,3,110,HCA,1,43874,43484,999,999,546
brc202d.map,3,120,HCA,1,48206,47461,999,999,1817
brc202d.map,3,130,HCA,1,54076,53109,999,999,1073
brc202d.map,3,140,HCA,1,58750,57429,999,999,1705
brc202d.map,3,150,HCA,1,61486,60068,999,999,3705
brc202d.map,3,160,HCA,1,67526,66187,1049,1049,1370
brc202d.map,3,170,HCA,1,70968,69616,1049,1049,1938
brc202d.map,3,180,HCA,1,75268,73444,1049,1049,2807
brc202d.map,3,190,HCA,1,81436,78276,1049,1049,1444
brc202d.map,3,200,HCA,1,84544,81373,1049,1049,1588
brc202d.map,25,930,PushAndSwap --no-compress,-1,-1,-1,-1,-1,-1
brc202d.map,25,940,PushAndSwap --no-compress,-1,-1,-1,-1,-1,-1
brc202d.map,25,950,PushAndSwap --no-compress,-1,-1,-1,-1,-1,-1
brc202d.map,25,960,PushAndSwap --no-compress,-1,-1,-1,-1,-1,-1
brc202d.map,3,210,HCA,1,90801,87248,1049,1049,4403
brc202d.map,3,220,HCA,1,95261,91689,1049,1049,2772
brc202d.map,3,230,HCA,1,98392,94903,1049,1049,3695
brc202d.map,3,240,HCA,1,102637,98438,1049,1049,1917
brc202d.map,3,250,HCA,1,105951,101324,1049,1049,3530
brc202d.map,3,260,HCA,1,110049,105114,1049,1049,2916
brc202d.map,3,270,HCA,1,114854,109950,1049,1049,2194
brc202d.map,3,280,HCA,1,118228,113324,1049,1049,2536
brc202d.map,3,290,HCA,1,124347,118235,1049,1049,4890
brc202d.map,3,300,HCA,1,128967,122919,1049,1049,2548
brc202d.map,3,310,HCA,1,132683,126663,1049,1049,2947
brc202d.map,3,320,HCA,1,136033,129597,1049,1049,4654
brc202d.map,25,610,PushAndSwap,0,54123,247981,2001,1052,21081
brc202d.map,25,620,PushAndSwap,0,54690,253232,2001,1052,39012
brc202d.map,25,630,PushAndSwap,0,56574,256789,2001,1052,7954
brc202d.map,25,640,PushAndSwap,0,56593,260890,2001,1052,197419
brc202d.map,3,370,HCA,1,159505,152886,1049,1049,3400
brc202d.map,3,380,HCA,1,163699,156935,1049,1049,6322
brc202d.map,3,390,HCA,1,166747,159568,1049,1049,6936
brc202d.map,3,400,HCA,1,173184,165114,1049,1049,12050
brc202d.map,25,650,PushAndSwap,0,55973,266055,2001,1052,85916
brc202d.map,25,660,PushAndSwap,0,55092,269218,2001,1052,118128
brc202d.map,25,670,PushAndSwap,0,46167,274880,2001,1052,33337
brc202d.map,25,680,PushAndSwap,0,48077,280014,2001,1052,28260
brc202d.map,3,330,HCA,1,141061,134388,1049,1049,4734
brc202d.map,3,340,HCA,1,145949,139425,1049,1049,9256
brc202d.map,3,350,HCA,1,150533,143643,1049,1049,7762
brc202d.map,3,360,HCA,1,154425,147950,1049,1049,8922
brc202d.map,25,610,PushAndSwap --no-compress,0,114073911,247981,252417,1052,5770
brc202d.map,25,620,PushAndSwap --no-compress,0,118129639,253232,257748,1052,5776
brc202d.map,25,630,PushAndSwap --no-compress,0,121771852,256789,261371,1052,8487
brc202d.map,25,640,PushAndSwap --no-compress,0,126239492,260890,265662,1052,7538
brc202d.map,25,890,PushAndSwap --no-compress,-1,-1,-1,-1,-1,-1
brc202d.map,25,900,PushAndSwap --no-compress,-1,-1,-1,-1,-1,-1
brc202d.map,25,910,PushAndSwap --no-compress,-1,-1,-1,-1,-1,-1
brc202d.map,25,920,PushAndSwap --no-compress,0,267280990,380455,389223,1095,14421
brc202d.map,3,450,HCA,1,194261,184838,1059,1059,12591
brc202d.map,3,460,HCA,1,197945,188260,1059,1059,8883
brc202d.map,3,470,HCA,1,201512,191631,1059,1059,6805
brc202d.map,3,480,HCA,1,205353,195359,1059,1059,7317
brc202d.map,3,410,HCA,1,177591,168646,1049,1049,15475
brc202d.map,3,420,HCA,1,180471,171847,1049,1049,9036
brc202d.map,3,430,HCA,1,185132,176483,1049,1049,6807
brc202d.map,3,440,HCA,1,190506,180727,1059,1059,9177
brc202d.map,25,730,PushAndSwap --no-compress,0,167071001,301029,307227,1095,8150
brc202d.map,25,740,PushAndSwap --no-compress,0,171476391,304042,310364,1095,9245
brc202d.map,25,750,PushAndSwap --no-compress,0,176546103,308843,315335,1095,6777
brc202d.map,25,760,PushAndSwap --no-compress,0,181380399,313139,319523,1095,7100
brc202d.map,25,650,PushAndSwap --no-compress,0,130974558,266055,271031,1052,5489
brc202d.map,25,660,PushAndSwap --no-compress,0,134716259,269218,274434,1052,9009
brc202d.map,25,670,PushAndSwap --no-compress,0,139530227,274880,280412,1052,5663
brc202d.map,25,680,PushAndSwap --no-compress,0,144220959,280014,285730,1052,5874
brc202d.map,3,490,HCA,1,209822,199210,1059,1059,6797
brc202d.map,3,500,HCA,1,213084,202436,1059,1059,6821
brc202d.map,3,510,HCA,1,217985,207755,1059,1059,9659
brc202d.map,3,520,HCA,1,222896,212303,1059,1059,10953
brc202d.map,3,530,HCA,1,226664,216079,1059,1059,10636
brc202d.map,3,540,HCA,1,232811,221916,1068,1068,13837
brc202d.map,3,550,HCA,1,239167,227234,1068,1068,12856
brc202d.map,3,560,HCA,1,244366,231670,1068,1068,14869
brc202d.map,3,610,HCA,1,263786,249976,1068,1068,14447
brc202d.map,3,620,HCA,1,269365,255652,1068,1068,13829
brc202d.map,3,630,HCA,1,273397,259870,1068,1068,12201
brc202d.map,3,640,HCA,1,278553,264967,1068,1068,12377
brc202d.map,3,570,HCA,1,248167,234938,1068,1068,12173
brc202d.map,3,580,HCA,1,250994,237547,1068,1068,14603
brc202d.map,3,590,HCA,1,255154,241803,1068,1068,14548
brc202d.map,3,600,HCA,1,259555,245815,1068,1068,17771
brc202d.map,3,10,PIBT_PLUS,1,4087,4086,868,868,37
brc202d.map,3,20,PIBT_PLUS,1,9926,9360,921,921,35
brc202d.map,3,30,PIBT_PLUS,1,12919,12196,921,921,94
brc202d.map,3,40,PIBT_PLUS,1,17167,16435,921,921,105
brc202d.map,3,50,PIBT_PLUS,1,20502,19679,921,921,65
brc202d.map,3,60,PIBT_PLUS,1,23572,22761,921,921,139
brc202d.map,3,70,PIBT_PLUS,1,28365,27300,999,999,176
brc202d.map,3,80,PIBT_PLUS,1,32970,31667,999,999,223
brc202d.map,3,90,PIBT_PLUS,1,37675,36126,999,999,214
brc202d.map,3,100,PIBT_PLUS,1,42746,40489,999,999,209
brc202d.map,3,110,PIBT_PLUS,1,45941,43484,999,999,238
brc202d.map,3,120,PIBT_PLUS,1,51043,47461,999,999,190
brc202d.map,3,130,PIBT_PLUS,1,58088,53109,999,999,137
brc202d.map,3,140,PIBT_PLUS,1,62265,57429,999,999,295
brc202d.map,3,150,PIBT_PLUS,1,66126,60068,999,999,329
brc202d.map,3,160,PIBT_PLUS,1,72672,66187,1049,1049,348
brc202d.map,3,170,PIBT_PLUS,1,76891,69616,1049,1049,196
brc202d.map,3,180,PIBT_PLUS,1,81644,73444,1049,1049,183
brc202d.map,3,190,PIBT_PLUS,1,87883,78276,1049,1049,336
brc202d.map,3,200,PIBT_PLUS,1,92757,81373,1049,1049,504
brc202d.map,3,210,PIBT_PLUS,1,99227,87248,1049,1049,449
brc202d.map,3,220,PIBT_PLUS,1,104349,91689,1049,1049,517
brc202d.map,3,230,PIBT_PLUS,1,107622,94903,1049,1049,541
brc202d.map,3,240,PIBT_PLUS,1,112300,98438,1049,1049,468
brc202d.map,3,250,PIBT_PLUS,1,116580,101324,1049,1049,489
brc202d.map,3,260,PIBT_PLUS,1,120410,105114,1049,1049,452
brc202d.map,3,270,PIBT_PLUS,1,126296,109950,1049,1049,501
brc202d.map,3,280,PIBT_PLUS,1,130055,113324,1049,1049,561
brc202d.map,3,290,PIBT_PLUS,1,137554,118235,1049,1049,672
brc202d.map,3,300,PIBT_PLUS,1,143444,122919,1049,1049,473
brc202d.map,3,310,PIBT_PLUS,1,146818,126663,1049,1049,398
brc202d.map,3,320,PIBT_PLUS,1,152908,129597,1049,1049,372
brc202d.map,25,690,PushAndSwap --no-compress,0,148514423,284110,289914,1052,13924
brc202d.map,25,700,PushAndSwap --no-compress,0,152654992,288168,293996,1052,8826
brc202d.map,25,710,PushAndSwap --no-compress,0,157517071,292374,298372,1052,6551
brc202d.map,25,720,PushAndSwap --no-compress,0,162276085,296766,302960,1052,5970
brc202d.map,3,690,HCA,1,301132,285615,1068,1068,16876
brc202d.map,3,700,HCA,1,304129,288808,1068,1068,16668
brc202d.map,3,710,HCA,1,309368,293258,1068,1068,22041
brc202d.map,3,720,HCA,1,313946,297019,1068,1068,15403
brc202d.map,3,650,HCA,1,284138,269335,1068,1068,15305
brc202d.map,3,660,HCA,1,288404,273587,1068,1068,15331
brc202d.map,3,670,HCA,1,292339,277716,1068,1068,19137
brc202d.map,3,680,HCA,1,296007,281530,1068,1068,26720
brc202d.map,3,330,PIBT_PLUS,1,157697,134388,1049,1049,336
brc202d.map,3,340,PIBT_PLUS,1,163431,139425,1049,1049,974
brc202d.map,3,350,PIBT_PLUS,1,167479,143643,1049,1049,820
brc202d.map,3,360,PIBT_PLUS,1,171707,147950,1049,1049,1360
brc202d.map,3,370,PIBT_PLUS,1,178962,152886,1049,1049,1089
brc202d.map,3,380,PIBT_PLUS,1,183506,156935,1049,1049,835
brc202d.map,3,390,PIBT_PLUS,1,186616,159568,1049,1049,1308
brc202d.map,3,400,PIBT_PLUS,1,193091,165114,1049,1049,1062
brc202d.map,3,410,PIBT_PLUS,1,198032,168646,1049,1049,1119
brc202d.map,3,420,PIBT_PLUS,1,202848,171847,1049,1049,866
brc202d.map,3,430,PIBT_PLUS,1,207443,176483,1049,1049,961
brc202d.map,3,440,PIBT_PLUS,1,213883,180727,1059,1059,933
brc202d.map,3,450,PIBT_PLUS,1,221301,184838,1059,1059,1474
brc202d.map,3,460,PIBT_PLUS,1,223994,188260,1059,1059,1060
brc202d.map,3,470,PIBT_PLUS,1,228539,191631,1059,1059,1165
brc202d.map,3,480,PIBT_PLUS,1,233558,195359,1059,1059,1779
brc202d.map,3,490,PIBT_PLUS,1,238287,199210,1059,1059,1266
brc202d.map,3,500,PIBT_PLUS,1,244249,202436,1059,1059,1317
brc202d.map,3,510,PIBT_PLUS,1,247508,207755,1059,1059,1866
brc202d.map,3,520,PIBT_PLUS,1,256322,212303,1059,1059,1625
brc202d.map,3,530,PIBT_PLUS,1,263816,216079,1059,1059,1453
brc202d.map,3,540,PIBT_PLUS,1,269171,221916,1068,1068,1945
brc202d.map,3,550,PIBT_PLUS,1,276345,227234,1068,1068,1565
brc202d.map,3,560,PIBT_PLUS,1,283457,231670,1068,1068,1465
brc202d.map,3,570,PIBT_PLUS,1,288438,234938,1068,1068,1295
brc202d.map,3,580,PIBT_PLUS,1,291010,237547,1068,1068,1816
brc202d.map,3,590,PIBT_PLUS,1,296761,241803,1068,1068,1435
brc202d.map,3,600,PIBT_PLUS,1,302282,245815,1068,1068,1206
brc202d.map,3,610,PIBT_PLUS,1,307478,249976,1068,1068,1826
brc202d.map,3,620,PIBT_PLUS,1,313088,255652,1068,1068,1640
brc202d.map,3,630,PIBT_PLUS,1,317488,259870,1068,1068,1593
brc202d.map,3,640,PIBT_PLUS,1,323488,264967,1068,1068,1206
brc202d.map,3,650,PIBT_PLUS,1,329618,269335,1068,1068,1714
brc202d.map,3,660,PIBT_PLUS,1,334837,273587,1068,1068,1674
brc202d.map,3,670,PIBT_PLUS,1,337818,277716,1068,1068,1218
brc202d.map,3,680,PIBT_PLUS,1,346749,281530,1068,1068,1992
brc202d.map,3,690,PIBT_PLUS,1,349696,285615,1068,1068,2166
brc202d.map,3,700,PIBT_PLUS,1,355320,288808,1068,1068,1225
brc202d.map,3,710,PIBT_PLUS,1,360900,293258,1068,1068,2160
brc202d.map,3,720,PIBT_PLUS,1,364917,297019,1068,1068,2464
brc202d.map,3,730,PIBT_PLUS,1,374870,301449,1068,1068,1661
brc202d.map,3,740,PIBT_PLUS,1,381808,305287,1068,1068,988
brc202d.map,3,750,PIBT_PLUS,1,385840,308857,1068,1068,1545
brc202d.map,3,760,PIBT_PLUS,1,391526,312127,1068,1068,2218
brc202d.map,3,730,HCA,1,318696,301449,1068,1068,17927
brc202d.map,3,740,HCA,1,323175,305287,1068,1068,20072
brc202d.map,3,750,HCA,1,326914,308857,1068,1068,21544
brc202d.map,3,760,HCA,1,329755,312127,1068,1068,23105
brc202d.map,24,770,PushAndSwap --no-compress,0,188628364,325237,330713,1063,10826
brc202d.map,24,780,PushAndSwap --no-compress,0,194160655,330371,335889,1063,5352
brc202d.map,24,790,PushAndSwap --no-compress,0,198679222,334054,339668,1063,8155
brc202d.map,24,800,PushAndSwap --no-compress,0,203740453,337905,343925,1063,6863
brc202d.map,3,770,HCA,1,332621,314896,1068,1068,17581
brc202d.map,3,780,HCA,1,335049,317210,1068,1068,26510
brc202d.map,3,790,HCA,1,339953,322046,1068,1068,17038
brc202d.map,3,800,HCA,1,344463,326492,1068,1068,22598
brc202d.map,3,10,PushAndSwap,1,8368,4086,1357,868,455
brc202d.map,3,20,PushAndSwap,0,26515,9360,2001,921,352
brc202d.map,3,30,PushAndSwap,0,39603,12196,2001,921,140
brc202d.map,3,40,PushAndSwap,0,14937,16435,2001,921,146
brc202d.map,3,50,PushAndSwap,0,20274,19679,2001,921,230
brc202d.map,3,60,PushAndSwap,0,20683,22761,2001,921,257
brc202d.map,3,70,PushAndSwap,0,33947,27300,2001,999,334
brc202d.map,3,80,PushAndSwap,0,40941,31667,2001,999,703
brc202d.map,3,770,PIBT_PLUS,1,397920,314896,1068,1068,2514
brc202d.map,3,780,PIBT_PLUS,1,399280,317210,1068,1068,2305
brc202d.map,3,790,PIBT_PLUS,1,405199,322046,1068,1068,2219
brc202d.map,3,800,PIBT_PLUS,1,414121,326492,1068,1068,1967
brc202d.map,3,90,PushAndSwap,0,45538,36126,2001,999,648
brc202d.map,3,100,PushAndSwap,0,47658,40489,2001,999,390
brc202d.map,3,110,PushAndSwap,0,37305,43484,2001,999,347
brc202d.map,3,120,PushAndSwap,0,27557,47461,2001,999,416
brc202d.map,3,810,PIBT_PLUS,1,417597,330864,1068,1068,2912
brc202d.map,3,820,PIBT_PLUS,1,423466,334249,1068,1068,1771
brc202d.map,3,830,PIBT_PLUS,1,427212,339018,1068,1068,1868
brc202d.map,3,840,PIBT_PLUS,1,430130,342074,1068,1068,2039
brc202d.map,3,130,PushAndSwap,0,34306,53109,2001,999,434
brc202d.map,3,140,PushAndSwap,0,46084,57429,2001,999,575
brc202d.map,3,150,PushAndSwap,0,46348,60068,2001,999,979
brc202d.map,3,160,PushAndSwap,0,34150,66187,2001,1049,750
brc202d.map,3,850,PIBT_PLUS,1,437792,346814,1068,1068,2281
brc202d.map,3,860,PIBT_PLUS,1,441315,350371,1068,1068,2249
brc202d.map,3,870,PIBT_PLUS,1,445720,354817,1068,1068,2137
brc202d.map,3,880,PIBT_PLUS,1,451647,358015,1068,1068,1654
brc202d.map,3,890,PIBT_PLUS,1,460643,362283,1068,1068,2516
brc202d.map,3,900,PIBT_PLUS,1,464537,366773,1068,1068,2001
brc202d.map,3,910,PIBT_PLUS,1,470474,372565,1068,1068,2174
brc202d.map,3,920,PIBT_PLUS,1,476129,377365,1068,1068,1723
brc202d.map,3,170,PushAndSwap,0,34352,69616,2001,1049,904
brc202d.map,3,180,PushAndSwap,0,36248,73444,2001,1049,729
brc202d.map,3,190,PushAndSwap,0,35048,78276,2001,1049,1249
brc202d.map,3,200,PushAndSwap,0,35202,81373,2001,1049,800
brc202d.map,3,810,HCA,1,349570,330864,1068,1068,19450
brc202d.map,3,820,HCA,1,352693,334249,1068,1068,25718
brc202d.map,3,830,HCA,1,358380,339018,1068,1068,21670
brc202d.map,3,840,HCA,1,361386,342074,1068,1068,24504
brc202d.map,3,930,PIBT_PLUS,1,481127,380859,1068,1068,1320
brc202d.map,3,940,PIBT_PLUS,1,488307,384819,1068,1068,1315
brc202d.map,3,950,PIBT_PLUS,1,492863,390328,1068,1068,1193
brc202d.map,3,960,PIBT_PLUS,1,497503,393803,1068,1068,1162
brc202d.map,3,970,PIBT_PLUS,1,501242,397021,1068,1068,1569
brc202d.map,3,980,PIBT_PLUS,1,508079,400586,1068,1068,1704
brc202d.map,3,990,PIBT_PLUS,1,517568,405063,1068,1068,2090
brc202d.map,3,1000,PIBT_PLUS,1,521765,409195,1068,1068,1493
brc202d.map,3,210,PushAndSwap,0,40930,87248,2001,1049,1154
brc202d.map,3,220,PushAndSwap,0,41286,91689,2001,1049,1047
brc202d.map,3,230,PushAndSwap,0,41162,94903,2001,1049,1043
brc202d.map,3,240,PushAndSwap,0,43274,98438,2001,1049,1386
brc202d.map,3,250,PushAndSwap,0,42408,101324,2001,1049,1622
brc202d.map,3,260,PushAndSwap,0,42588,105114,2001,1049,1276
brc202d.map,3,270,PushAndSwap,0,42681,109950,2001,1049,1494
brc202d.map,3,280,PushAndSwap,0,42992,113324,2001,1049,2219
brc202d.map,25,690,PushAndSwap,0,46530,284110,2001,1052,223731
brc202d.map,25,700,PushAndSwap,0,48937,288168,2001,1052,15558
brc202d.map,25,710,PushAndSwap,0,49055,292374,2001,1052,121355
brc202d.map,25,720,PushAndSwap,0,48857,296766,2001,1052,27201
brc202d.map,3,290,PushAndSwap,0,46198,118235,2001,1049,1435
brc202d.map,3,300,PushAndSwap,0,46602,122919,2001,1049,1836
brc202d.map,3,310,PushAndSwap,0,49888,126663,2001,1049,3374
brc202d.map,3,320,PushAndSwap,0,50097,129597,2001,1049,2558
brc202d.map,3,330,PushAndSwap,0,52218,134388,2001,1049,2480
brc202d.map,3,340,PushAndSwap,0,52440,139425,2001,1049,3991
brc202d.map,3,350,PushAndSwap,0,50601,143643,2001,1049,2407
brc202d.map,3,360,PushAndSwap,0,50604,147950,2001,1049,2969
brc202d.map,3,850,HCA,1,365321,346814,1068,1068,24199
brc202d.map,3,860,HCA,1,369313,350371,1068,1068,25084
brc202d.map,3,870,HCA,1,373842,354817,1068,1068,25081
brc202d.map,3,880,HCA,1,377098,358015,1068,1068,27210
brc202d.map,3,370,PushAndSwap,0,50676,152886,2001,1049,2872
brc202d.map,3,380,PushAndSwap,0,50996,156935,2001,1049,3923
brc202d.map,3,390,PushAndSwap,0,49914,159568,2001,1049,2857
brc202d.map,3,400,PushAndSwap,0,34473,165114,2001,1049,3375
brc202d.map,3,410,PushAndSwap,0,35394,168646,2001,1049,3555
brc202d.map,3,420,PushAndSwap,0,34600,171847,2001,1049,4129
brc202d.map,3,430,PushAndSwap,0,34318,176483,2001,1049,3991
brc202d.map,3,440,PushAndSwap,0,44928,180727,2001,1059,7423
brc202d.map,3,890,HCA,1,382903,362283,1068,1068,28572
brc202d.map,3,900,HCA,1,389471,366773,1068,1068,21744
brc202d.map,3,910,HCA,1,395359,372565,1068,1068,27808
brc202d.map,3,920,HCA,0,0,377365,-1,1068,30004
brc202d.map,3,490,PushAndSwap,0,42718,199210,2001,1059,10669
brc202d.map,3,500,PushAndSwap,0,42726,202436,2001,1059,8245
brc202d.map,3,510,PushAndSwap,0,38376,207755,2001,1059,6648
brc202d.map,3,520,PushAndSwap,0,43693,212303,2001,1059,4588
brc202d.map,3,450,PushAndSwap,0,44983,184838,2001,1059,8398
brc202d.map,3,460,PushAndSwap,0,44009,188260,2001,1059,5944
brc202d.map,3,470,PushAndSwap,0,44095,191631,2001,1059,14783
brc202d.map,3,480,PushAndSwap,0,44110,195359,2001,1059,5044
brc202d.map,24,810,PushAndSwap --no-compress,0,208249114,341263,347361,1063,9645
brc202d.map,24,820,PushAndSwap --no-compress,0,213077344,344202,350392,1063,12761
brc202d.map,24,830,PushAndSwap --no-compress,0,219595672,348814,355148,1063,8817
brc202d.map,24,840,PushAndSwap --no-compress,-1,-1,-1,-1,-1,-1
brc202d.map,3,930,HCA,0,0,380859,-1,1068,30111
brc202d.map,3,940,HCA,1,408698,384819,1068,1068,29540
brc202d.map,3,950,HCA,0,0,390328,-1,1068,30004
brc202d.map,3,960,HCA,0,0,393803,-1,1068,30013
brc202d.map,3,970,HCA,1,421221,397021,1068,1068,27842
brc202d.map,3,980,HCA,1,426290,400586,1068,1068,28279
brc202d.map,3,990,HCA,0,0,405063,-1,1068,30240
brc202d.map,3,1000,HCA,0,0,409195,-1,1068,30034
brc202d.map,3,10,PushAndSwap --no-compress,0,29607,4086,4092,868,18
brc202d.map,3,20,PushAndSwap --no-compress,0,127408,9360,9366,921,25
brc202d.map,3,30,PushAndSwap --no-compress,0,263301,12196,12224,921,52
brc202d.map,3,40,PushAndSwap --no-compress,0,462172,16435,16469,921,63
brc202d.map,3,50,PushAndSwap --no-compress,0,708942,19679,19737,921,114
brc202d.map,3,60,PushAndSwap --no-compress,0,977134,22761,22819,921,154
brc202d.map,3,70,PushAndSwap --no-compress,0,1383130,27300,27388,999,140
brc202d.map,3,80,PushAndSwap --no-compress,0,1818860,31667,31761,999,180
brc202d.map,3,90,PushAndSwap --no-compress,0,2304699,36126,36232,999,237
brc202d.map,3,100,PushAndSwap --no-compress,0,2869309,40489,40619,999,264
brc202d.map,3,110,PushAndSwap --no-compress,0,3401837,43484,43626,999,497
brc202d.map,3,120,PushAndSwap --no-compress,0,4066292,47461,47627,999,553
brc202d.map,3,130,PushAndSwap --no-compress,0,4891417,53109,53293,999,400
brc202d.map,3,140,PushAndSwap --no-compress,0,5712627,57429,57637,999,765
brc202d.map,3,150,PushAndSwap --no-compress,0,6418575,60068,60288,999,589
brc202d.map,3,160,PushAndSwap --no-compress,0,7557727,66187,66407,1049,297
brc202d.map,3,170,PushAndSwap --no-compress,0,8434569,69616,69848,1049,745
brc202d.map,3,180,PushAndSwap --no-compress,0,9426382,73444,73736,1049,388
brc202d.map,3,190,PushAndSwap --no-compress,0,10613659,78276,78902,1049,317
brc202d.map,3,200,PushAndSwap --no-compress,0,11669981,81373,82055,1049,404
brc202d.map,3,210,PushAndSwap --no-compress,0,13074529,87248,88172,1049,380
brc202d.map,3,220,PushAndSwap --no-compress,0,14351648,91689,92625,1049,569
brc202d.map,3,230,PushAndSwap --no-compress,0,15549510,94903,95607,1049,1772
brc202d.map,3,240,PushAndSwap --no-compress,0,16887045,98438,99202,1049,681
brc202d.map,3,250,PushAndSwap --no-compress,0,18160863,101324,102130,1049,1554
brc202d.map,3,260,PushAndSwap --no-compress,0,19586598,105114,105946,1049,988
brc202d.map,3,270,PushAndSwap --no-compress,0,21275339,109950,110836,1049,644
brc202d.map,3,280,PushAndSwap --no-compress,0,22691740,113324,114246,1049,1916
brc202d.map,3,290,PushAndSwap --no-compress,0,24606270,118235,119175,1049,794
brc202d.map,3,300,PushAndSwap --no-compress,0,26475671,122919,123883,1049,2099
brc202d.map,3,310,PushAndSwap --no-compress,0,28252395,126663,127701,1049,760
brc202d.map,3,320,PushAndSwap --no-compress,0,30038636,129597,130691,1049,1515
brc202d.map,3,930,PushAndSwap,-1,-1,-1,-1,-1,-1
brc202d.map,3,940,PushAndSwap,-1,-1,-1,-1,-1,-1
brc202d.map,3,950,PushAndSwap,-1,-1,-1,-1,-1,-1
brc202d.map,3,960,PushAndSwap,-1,-1,-1,-1,-1,-1
brc202d.map,3,330,PushAndSwap --no-compress,0,32157463,134388,135680,1049,2164
brc202d.map,3,340,PushAndSwap --no-compress,0,34324158,139425,140807,1049,1510
brc202d.map,3,350,PushAndSwap --no-compress,0,36462910,143643,145081,1049,3120
brc202d.map,3,360,PushAndSwap --no-compress,0,38481676,147950,149386,1049,1724
brc202d.map,3,370,PushAndSwap --no-compress,0,40767084,152886,154354,1049,2415
brc202d.map,3,380,PushAndSwap --no-compress,0,43158509,156935,158469,1049,2184
brc202d.map,3,390,PushAndSwap --no-compress,0,45134295,159568,161150,1049,3366
brc202d.map,3,400,PushAndSwap --no-compress,0,48015522,165114,166796,1049,3040
brc202d.map,3,970,PushAndSwap,-1,-1,-1,-1,-1,-1
brc202d.map,3,980,PushAndSwap,-1,-1,-1,-1,-1,-1
brc202d.map,3,990,PushAndSwap,-1,-1,-1,-1,-1,-1
brc202d.map,3,1000,PushAndSwap,-1,-1,-1,-1,-1,-1
brc202d.map,3,410,PushAndSwap --no-compress,0,50264875,168646,170360,1049,1749
brc202d.map,3,420,PushAndSwap --no-compress,0,52605203,171847,173733,1049,3992
brc202d.map,3,430,PushAndSwap --no-compress,0,55253008,176483,178415,1049,2628
brc202d.map,3,440,PushAndSwap --no-compress,0,58153044,180727,182985,1059,2403
brc202d.map,3,450,PushAndSwap --no-compress,0,61014150,184838,187194,1059,4440
brc202d.map,3,460,PushAndSwap --no-compress,0,63497630,188260,190730,1059,4208
brc202d.map,3,470,PushAndSwap --no-compress,0,66067528,191631,194167,1059,2180
brc202d.map,3,480,PushAndSwap --no-compress,0,68835435,195359,197985,1059,2422
brc202d.map,3,490,PushAndSwap --no-compress,0,71784502,199210,201938,1059,2288
brc202d.map,3,500,PushAndSwap --no-compress,0,74453984,202436,205234,1059,2817
brc202d.map,3,510,PushAndSwap --no-compress,0,78130245,207755,210637,1059,3058
brc202d.map,3,520,PushAndSwap --no-compress,0,81507920,212303,215225,1059,3174
brc202d.map,3,530,PushAndSwap,0,43800,216079,2001,1059,12473
brc202d.map,3,540,PushAndSwap,0,44052,221916,2001,1068,84647
brc202d.map,3,550,PushAndSwap,0,47321,227234,2001,1068,5399
brc202d.map,3,560,PushAndSwap,0,47532,231670,2001,1068,8029
brc202d.map,3,890,PushAndSwap,-1,-1,-1,-1,-1,-1
brc202d.map,3,900,PushAndSwap,-1,-1,-1,-1,-1,-1
brc202d.map,3,910,PushAndSwap,-1,-1,-1,-1,-1,-1
brc202d.map,3,920,PushAndSwap,-1,-1,-1,-1,-1,-1
brc202d.map,3,530,PushAndSwap --no-compress,0,84503097,216079,219097,1059,2640
brc202d.map,3,540,PushAndSwap --no-compress,0,89006681,221916,225086,1068,3101
brc202d.map,3,550,PushAndSwap --no-compress,0,93102242,227234,230652,1068,4788
brc202d.map,3,560,PushAndSwap --no-compress,0,97038605,231670,235206,1068,8366
brc202d.map,3,850,PushAndSwap,-1,-1,-1,-1,-1,-1
brc202d.map,3,860,PushAndSwap,-1,-1,-1,-1,-1,-1
brc202d.map,3,870,PushAndSwap,-1,-1,-1,-1,-1,-1
brc202d.map,3,880,PushAndSwap,-1,-1,-1,-1,-1,-1
brc202d.map,3,570,PushAndSwap --no-compress,0,100482419,234938,238564,1068,3722
brc202d.map,3,580,PushAndSwap --no-compress,0,103475931,237547,241261,1068,7280
brc202d.map,3,590,PushAndSwap --no-compress,0,106975908,241803,245633,1068,6253
brc202d.map,3,600,PushAndSwap --no-compress,0,110505876,245815,249657,1068,7693
brc202d.map,3,610,PushAndSwap,0,40823,249976,2001,1068,30038
brc202d.map,3,620,PushAndSwap,0,39789,255652,2001,1068,40256
brc202d.map,3,630,PushAndSwap,0,42072,259870,2001,1068,26786
brc202d.map,3,640,PushAndSwap,0,43266,264967,2001,1068,41743
brc202d.map,24,810,PushAndSwap,-1,-1,-1,-1,-1,-1
brc202d.map,24,820,PushAndSwap,-1,-1,-1,-1,-1,-1
brc202d.map,24,830,PushAndSwap,-1,-1,-1,-1,-1,-1
brc202d.map,24,840,PushAndSwap,-1,-1,-1,-1,-1,-1
brc202d.map,23,770,PushAndSwap,0,30125,318100,2001,1071,347885
brc202d.map,23,780,PushAndSwap,0,30209,322701,2001,1071,450255
brc202d.map,23,790,PushAndSwap,0,30383,325421,2001,1071,312358
brc202d.map,23,800,PushAndSwap,-1,-1,-1,-1,-1,-1
brc202d.map,3,850,PushAndSwap --no-compress,-1,-1,-1,-1,-1,-1
brc202d.map,3,860,PushAndSwap --no-compress,-1,-1,-1,-1,-1,-1
brc202d.map,3,870,PushAndSwap --no-compress,-1,-1,-1,-1,-1,-1
brc202d.map,3,880,PushAndSwap --no-compress,-1,-1,-1,-1,-1,-1
brc202d.map,4,10,PIBT,1,5462,5453,788,788,7
brc202d.map,4,20,PIBT,1,9426,9398,818,818,21
brc202d.map,4,30,PIBT,1,11867,11831,818,818,35
brc202d.map,4,40,PIBT,1,15047,14975,818,818,42
brc202d.map,4,50,PIBT,1,19834,18901,818,818,53
brc202d.map,4,60,PIBT,1,24212,23280,831,831,62
brc202d.map,4,70,PIBT,1,29602,28515,871,871,95
brc202d.map,4,80,PIBT,1,33293,32143,871,871,75
brc202d.map,4,90,PIBT,1,37821,36629,1005,1005,61
brc202d.map,4,100,PIBT,1,42559,41273,1005,1005,71
brc202d.map,4,110,PIBT,1,45535,44183,1005,1005,80
brc202d.map,4,120,PIBT,1,49431,47979,1005,1005,97
brc202d.map,4,130,PIBT,1,53772,51173,1005,1005,141
brc202d.map,4,140,PIBT,1,58072,54488,1005,1005,127
brc202d.map,4,150,PIBT,1,63209,57772,1005,1005,168
brc202d.map,4,160,PIBT,1,68847,62806,1005,1005,289
brc202d.map,4,170,PIBT,1,73887,68267,1005,1005,115
brc202d.map,4,180,PIBT,1,80508,72859,1005,1005,128
brc202d.map,4,190,PIBT,1,85972,77091,1005,1005,224
brc202d.map,4,200,PIBT,1,93290,81911,1005,1005,189
brc202d.map,3,890,PushAndSwap --no-compress,-1,-1,-1,-1,-1,-1
brc202d.map,3,900,PushAndSwap --no-compress,-1,-1,-1,-1,-1,-1
brc202d.map,3,910,PushAndSwap --no-compress,-1,-1,-1,-1,-1,-1
brc202d.map,3,920,PushAndSwap --no-compress,-1,-1,-1,-1,-1,-1
brc202d.map,4,210,PIBT,1,95871,84938,1005,1005,288
brc202d.map,4,220,PIBT,1,98819,87214,1005,1005,203
brc202d.map,4,230,PIBT,1,104687,92718,1005,1005,165
brc202d.map,4,240,PIBT,1,110079,96428,1005,1005,190
brc202d.map,3,650,PushAndSwap --no-compress,0,130975415,269335,273593,1068,7376
brc202d.map,3,660,PushAndSwap --no-compress,0,135283994,273587,277919,1068,8555
brc202d.map,3,670,PushAndSwap --no-compress,0,139308253,277716,282082,1068,8562
brc202d.map,3,680,PushAndSwap --no-compress,0,143670837,281530,286002,1068,8309
brc202d.map,3,610,PushAndSwap --no-compress,0,114300768,249976,253872,1068,5132
brc202d.map,3,620,PushAndSwap --no-compress,0,118975672,255652,259658,1068,9091
brc202d.map,3,630,PushAndSwap --no-compress,0,122702583,259870,263988,1068,7559
brc202d.map,3,640,PushAndSwap --no-compress,0,126841742,264967,269151,1068,6552
brc202d.map,4,250,PIBT,1,117001,101901,1005,1005,188
brc202d.map,4,260,PIBT,1,119737,104199,1005,1005,239
brc202d.map,4,270,PIBT,1,124037,107576,1005,1005,204
brc202d.map,4,280,PIBT,1,129843,112975,1005,1005,251
brc202d.map,4,290,PIBT,1,133573,116312,1005,1005,241
brc202d.map,4,300,PIBT,1,141325,122483,1005,1005,229
brc202d.map,4,310,PIBT,1,146898,127517,1005,1005,294
brc202d.map,4,320,PIBT,1,152627,131554,1005,1005,391
brc202d.map,4,330,PIBT,1,158640,135584,1005,1005,310
brc202d.map,4,340,PIBT,1,162461,137671,1005,1005,405
brc202d.map,4,350,PIBT,1,167626,142572,1102,1102,445
brc202d.map,4,360,PIBT,1,172600,145951,1102,1102,456
brc202d.map,4,370,PIBT,1,177734,149760,1102,1102,328
brc202d.map,4,380,PIBT,1,182940,154376,1102,1102,513
brc202d.map,4,390,PIBT,1,188406,159142,1102,1102,367
brc202d.map,4,400,PIBT,1,194587,163592,1102,1102,632
brc202d.map,4,410,PIBT,1,198310,168336,1102,1102,486
brc202d.map,4,420,PIBT,1,202777,172497,1102,1102,535
brc202d.map,4,430,PIBT,1,209685,176852,1102,1102,548
brc202d.map,4,440,PIBT,1,215674,182079,1102,1102,532
brc202d.map,4,450,PIBT,1,222013,186618,1102,1102,417
brc202d.map,4,460,PIBT,1,225047,191299,1102,1102,422
brc202d.map,4,470,PIBT,1,233021,196461,1102,1102,553
brc202d.map,4,480,PIBT,1,238852,200385,1102,1102,603
brc202d.map,4,490,PIBT,1,244471,205239,1102,1102,584
brc202d.map,4,500,PIBT,1,249217,208556,1102,1102,683
brc202d.map,4,510,PIBT,1,253497,212511,1102,1102,515
brc202d.map,4,520,PIBT,1,258065,216685,1102,1102,667
brc202d.map,4,530,PIBT,1,262856,220027,1102,1102,681
brc202d.map,4,540,PIBT,1,273993,225894,1102,1102,747
brc202d.map,4,550,PIBT,1,277899,229355,1102,1102,1083
brc202d.map,4,560,PIBT,1,283371,232972,1102,1102,753
brc202d.map,4,570,PIBT,1,283612,236049,1102,1102,707
brc202d.map,4,580,PIBT,1,290686,239866,1102,1102,934
brc202d.map,4,590,PIBT,1,295445,244216,1102,1102,583
brc202d.map,4,600,PIBT,1,304275,250255,1102,1102,607
brc202d.map,4,610,PIBT,1,309227,254336,1102,1102,1148
brc202d.map,4,620,PIBT,1,313365,256832,1102,1102,814
brc202d.map,4,630,PIBT,1,317097,259408,1102,1102,1334
brc202d.map,4,640,PIBT,1,322538,263232,1102,1102,705
brc202d.map,4,650,PIBT,1,325109,266562,1102,1102,729
brc202d.map,4,660,PIBT,1,330358,270729,1102,1102,930
brc202d.map,4,670,PIBT,1,337975,275449,1102,1102,988
brc202d.map,4,680,PIBT,1,343602,279340,1102,1102,506
brc202d.map,4,690,PIBT,1,346660,282322,1102,1102,1631
brc202d.map,4,700,PIBT,1,350171,286236,1102,1102,1307
brc202d.map,4,710,PIBT,1,356588,290819,1102,1102,750
brc202d.map,4,720,PIBT,1,362180,294511,1102,1102,1117
brc202d.map,4,730,PIBT,1,369977,298760,1102,1102,764
brc202d.map,4,740,PIBT,1,374323,303007,1102,1102,731
brc202d.map,4,750,PIBT,1,381091,306639,1102,1102,756
brc202d.map,4,760,PIBT,1,384072,311193,1102,1102,808
brc202d.map,4,770,PIBT,1,390678,315425,1102,1102,606
brc202d.map,4,780,PIBT,1,395747,319118,1102,1102,618
brc202d.map,4,790,PIBT,1,399589,322913,1102,1102,1267
brc202d.map,4,800,PIBT,1,405388,328018,1102,1102,920
brc202d.map,3,570,PushAndSwap,0,38510,234938,2001,1068,12032
brc202d.map,3,580,PushAndSwap,0,38524,237547,2001,1068,84888
brc202d.map,3,590,PushAndSwap,0,39514,241803,2001,1068,24765
brc202d.map,3,600,PushAndSwap,0,40778,245815,2001,1068,98836
brc202d.map,4,810,PIBT,1,411573,331305,1102,1102,1187
brc202d.map,4,820,PIBT,1,416702,336033,1102,1102,1288
brc202d.map,4,830,PIBT,1,423867,340105,1102,1102,1011
brc202d.map,4,840,PIBT,1,427575,343578,1102,1102,1153
brc202d.map,4,850,PIBT,1,432669,349109,1102,1102,782
brc202d.map,4,860,PIBT,1,441266,353808,1102,1102,680
brc202d.map,4,870,PIBT,1,446540,358074,1102,1102,734
brc202d.map,4,880,PIBT,1,450765,361286,1102,1102,955
brc202d.map,4,10,HCA,1,5457,5453,788,788,219
brc202d.map,4,20,HCA,1,9405,9398,818,818,896
brc202d.map,4,30,HCA,1,11841,11831,818,818,537
brc202d.map,4,40,HCA,1,14991,14975,818,818,625
brc202d.map,4,890,PIBT,1,454717,365569,1102,1102,687
brc202d.map,4,900,PIBT,1,462584,370134,1102,1102,1012
brc202d.map,4,910,PIBT,1,464525,374471,1102,1102,874
brc202d.map,4,920,PIBT,1,471544,377851,1102,1102,1082
brc202d.map,4,930,PIBT,1,476498,381367,1102,1102,1346
brc202d.map,4,940,PIBT,1,483165,385070,1102,1102,1097
brc202d.map,4,950,PIBT,1,489468,390612,1102,1102,1203
brc202d.map,4,960,PIBT,1,493247,394256,1102,1102,891
brc202d.map,4,970,PIBT,1,503269,399640,1102,1102,1288
brc202d.map,4,980,PIBT,1,505378,403535,1102,1102,1054
brc202d.map,4,990,PIBT,0,512468,407671,2000,1102,1381
brc202d.map,4,1000,PIBT,1,520727,411910,1102,1102,944
brc202d.map,4,50,HCA,1,18933,18901,818,818,872
brc202d.map,4,60,HCA,1,23327,23280,831,831,668
brc202d.map,4,70,HCA,1,28570,28515,871,871,830
brc202d.map,4,80,HCA,1,32207,32143,871,871,666
brc202d.map,4,90,HCA,1,36701,36629,1005,1005,1381
brc202d.map,4,100,HCA,1,41351,41273,1005,1005,810
brc202d.map,4,110,HCA,1,44266,44183,1005,1005,804
brc202d.map,4,120,HCA,1,48066,47979,1005,1005,4039
brc202d.map,4,130,HCA,1,51270,51173,1005,1005,1008
brc202d.map,4,140,HCA,1,54972,54488,1005,1005,3179
brc202d.map,4,150,HCA,1,59299,57772,1005,1005,1190
brc202d.map,4,160,HCA,1,64543,62806,1005,1005,2574
brc202d.map,4,170,HCA,1,70016,68267,1005,1005,4023
brc202d.map,4,180,HCA,1,74629,72859,1005,1005,1073
brc202d.map,4,190,HCA,1,79322,77091,1005,1005,2317
brc202d.map,4,200,HCA,1,84162,81911,1005,1005,2216
brc202d.map,4,250,HCA,1,104477,101901,1005,1005,5217
brc202d.map,4,260,HCA,1,106781,104199,1005,1005,3933
brc202d.map,4,270,HCA,1,110167,107576,1005,1005,6200
brc202d.map,4,280,HCA,1,115810,112975,1005,1005,3444
brc202d.map,4,210,HCA,1,87197,84938,1005,1005,9044
brc202d.map,4,220,HCA,1,89480,87214,1005,1005,4131
brc202d.map,4,230,HCA,1,94981,92718,1005,1005,3272
brc202d.map,4,240,HCA,1,98714,96428,1005,1005,2635
brc202d.map,3,970,PushAndSwap --no-compress,-1,-1,-1,-1,-1,-1
brc202d.map,3,980,PushAndSwap --no-compress,-1,-1,-1,-1,-1,-1
brc202d.map,3,990,PushAndSwap --no-compress,-1,-1,-1,-1,-1,-1
brc202d.map,3,1000,PushAndSwap --no-compress,-1,-1,-1,-1,-1,-1
brc202d.map,4,290,HCA,1,120065,116312,1005,1005,3375
brc202d.map,4,300,HCA,1,126440,122483,1005,1005,5702
brc202d.map,4,310,HCA,1,131507,127517,1005,1005,5257
brc202d.map,4,320,HCA,1,135736,131554,1005,1005,4388
brc202d.map,4,330,HCA,1,140227,135584,1005,1005,6460
brc202d.map,4,340,HCA,1,142921,137671,1005,1005,8295
brc202d.map,4,350,HCA,1,149366,142572,1102,1102,4123
brc202d.map,4,360,HCA,1,152709,145951,1102,1102,7950
brc202d.map,4,370,HCA,1,156543,149760,1102,1102,5669
brc202d.map,4,380,HCA,1,160758,154376,1102,1102,5052
brc202d.map,4,390,HCA,1,166418,159142,1102,1102,5541
brc202d.map,4,400,HCA,1,171361,163592,1102,1102,10837
brc202d.map,3,930,PushAndSwap --no-compress,-1,-1,-1,-1,-1,-1
brc202d.map,3,940,PushAndSwap --no-compress,-1,-1,-1,-1,-1,-1
brc202d.map,3,950,PushAndSwap --no-compress,-1,-1,-1,-1,-1,-1
brc202d.map,3,960,PushAndSwap --no-compress,-1,-1,-1,-1,-1,-1
brc202d.map,4,410,HCA,1,176239,168336,1102,1102,8092
brc202d.map,4,420,HCA,1,180702,172497,1102,1102,16095
brc202d.map,4,430,HCA,1,185153,176852,1102,1102,16594
brc202d.map,4,440,HCA,1,190545,182079,1102,1102,9857
brc202d.map,4,450,HCA,1,194856,186618,1102,1102,8719
brc202d.map,4,460,HCA,1,200002,191299,1102,1102,16228
brc202d.map,4,470,HCA,1,205616,196461,1102,1102,15982
brc202d.map,4,480,HCA,1,209528,200385,1102,1102,11444
brc202d.map,4,530,HCA,1,229796,220027,1102,1102,18924
brc202d.map,4,540,HCA,0,0,225894,-1,1102,30007
brc202d.map,4,550,HCA,1,240806,229355,1102,1102,10382
brc202d.map,4,560,HCA,1,243789,232972,1102,1102,9718
brc202d.map,4,490,HCA,1,214775,205239,1102,1102,23421
brc202d.map,4,500,HCA,1,218269,208556,1102,1102,10180
brc202d.map,4,510,HCA,0,0,212511,-1,1102,30035
brc202d.map,4,520,HCA,1,226776,216685,1102,1102,9426
brc202d.map,3,690,PushAndSwap,0,44213,285615,2001,1068,226413
brc202d.map,3,700,PushAndSwap,0,46509,288808,2001,1068,41067
brc202d.map,3,710,PushAndSwap,0,46384,293258,2001,1068,31639
brc202d.map,3,720,PushAndSwap,0,45019,297019,2001,1068,36483
brc202d.map,3,690,PushAndSwap --no-compress,0,147839906,285615,290167,1068,6771
brc202d.map,3,700,PushAndSwap --no-compress,0,151705473,288808,293462,1068,6976
brc202d.map,3,710,PushAndSwap --no-compress,0,156249028,293258,298060,1068,8609
brc202d.map,3,720,PushAndSwap --no-compress,0,160787840,297019,301813,1068,4590
brc202d.map,4,610,HCA,1,266211,254336,1102,1102,21526
brc202d.map,4,620,HCA,1,268504,256832,1102,1102,12727
brc202d.map,4,630,HCA,1,271689,259408,1102,1102,20835
brc202d.map,4,640,HCA,1,275598,263232,1102,1102,16318
brc202d.map,3,650,PushAndSwap,0,41756,269335,2001,1068,21983
brc202d.map,3,660,PushAndSwap,0,42932,273587,2001,1068,202781
brc202d.map,3,670,PushAndSwap,0,44051,277716,2001,1068,110151
brc202d.map,3,680,PushAndSwap,0,45412,281530,2001,1068,13933
brc202d.map,24,730,PushAndSwap,0,47117,304555,2001,1063,378665
brc202d.map,24,740,PushAndSwap,0,44970,310650,2001,1063,374748
brc202d.map,24,750,PushAndSwap,0,45170,316195,2001,1063,37247
brc202d.map,24,760,PushAndSwap,0,46265,320347,2001,1063,349021
brc202d.map,4,10,PIBT_PLUS,1,5462,5453,788,788,11
brc202d.map,4,20,PIBT_PLUS,1,9426,9398,818,818,22
brc202d.map,4,30,PIBT_PLUS,1,11867,11831,818,818,29
brc202d.map,4,40,PIBT_PLUS,1,15047,14975,818,818,44
brc202d.map,4,570,HCA,1,247512,236049,1102,1102,25090
brc202d.map,4,580,HCA,1,251337,239866,1102,1102,13021
brc202d.map,4,590,HCA,1,255272,244216,1102,1102,29893
brc202d.map,4,600,HCA,1,261959,250255,1102,1102,23564
brc202d.map,4,50,PIBT_PLUS,1,19834,18901,818,818,43
brc202d.map,4,60,PIBT_PLUS,1,24212,23280,831,831,58
brc202d.map,4,70,PIBT_PLUS,1,29602,28515,871,871,64
brc202d.map,4,80,PIBT_PLUS,1,33293,32143,871,871,78
brc202d.map,4,90,PIBT_PLUS,1,37821,36629,1005,1005,86
brc202d.map,4,100,PIBT_PLUS,1,42559,41273,1005,1005,98
brc202d.map,4,110,PIBT_PLUS,1,45535,44183,1005,1005,104
brc202d.map,4,120,PIBT_PLUS,1,49431,47979,1005,1005,127
brc202d.map,4,130,PIBT_PLUS,1,53772,51173,1005,1005,123
brc202d.map,4,140,PIBT_PLUS,1,58072,54488,1005,1005,141
brc202d.map,4,150,PIBT_PLUS,1,63209,57772,1005,1005,239
brc202d.map,4,160,PIBT_PLUS,1,68847,62806,1005,1005,195
brc202d.map,4,170,PIBT_PLUS,1,73887,68267,1005,1005,211
brc202d.map,4,180,PIBT_PLUS,1,80508,72859,1005,1005,263
brc202d.map,4,190,PIBT_PLUS,1,85972,77091,1005,1005,195
brc202d.map,4,200,PIBT_PLUS,1,93290,81911,1005,1005,360
brc202d.map,4,210,PIBT_PLUS,1,95871,84938,1005,1005,318
brc202d.map,4,220,PIBT_PLUS,1,98819,87214,1005,1005,345
brc202d.map,4,230,PIBT_PLUS,1,104687,92718,1005,1005,396
brc202d.map,4,240,PIBT_PLUS,1,110079,96428,1005,1005,396
brc202d.map,4,250,PIBT_PLUS,1,117001,101901,1005,1005,316
brc202d.map,4,260,PIBT_PLUS,1,119737,104199,1005,1005,399
brc202d.map,4,270,PIBT_PLUS,1,124037,107576,1005,1005,430
brc202d.map,4,280,PIBT_PLUS,1,129843,112975,1005,1005,304
brc202d.map,4,290,PIBT_PLUS,1,133573,116312,1005,1005,493
brc202d.map,4,300,PIBT_PLUS,1,141325,122483,1005,1005,340
brc202d.map,4,310,PIBT_PLUS,1,146898,127517,1005,1005,616
brc202d.map,4,320,PIBT_PLUS,1,152627,131554,1005,1005,325
brc202d.map,4,330,PIBT_PLUS,1,158640,135584,1005,1005,631
brc202d.map,4,340,PIBT_PLUS,1,162461,137671,1005,1005,347
brc202d.map,4,350,PIBT_PLUS,1,167626,142572,1102,1102,772
brc202d.map,4,360,PIBT_PLUS,1,172600,145951,1102,1102,798
brc202d.map,4,370,PIBT_PLUS,1,177734,149760,1102,1102,784
brc202d.map,4,380,PIBT_PLUS,1,182940,154376,1102,1102,793
brc202d.map,4,390,PIBT_PLUS,1,188406,159142,1102,1102,531
brc202d.map,4,400,PIBT_PLUS,1,194587,163592,1102,1102,1606
brc202d.map,4,410,PIBT_PLUS,1,198310,168336,1102,1102,482
brc202d.map,4,420,PIBT_PLUS,1,202777,172497,1102,1102,1686
brc202d.map,4,430,PIBT_PLUS,1,209685,176852,1102,1102,880
brc202d.map,4,440,PIBT_PLUS,1,215674,182079,1102,1102,606
brc202d.map,4,650,HCA,1,278586,266562,1102,1102,13970
brc202d.map,4,660,HCA,1,283503,270729,1102,1102,21425
brc202d.map,4,670,HCA,1,288564,275449,1102,1102,24358
brc202d.map,4,680,HCA,1,292935,279340,1102,1102,11835
brc202d.map,4,450,PIBT_PLUS,1,222013,186618,1102,1102,498
brc202d.map,4,460,PIBT_PLUS,1,225047,191299,1102,1102,1188
brc202d.map,4,470,PIBT_PLUS,1,233021,196461,1102,1102,921
brc202d.map,4,480,PIBT_PLUS,1,238852,200385,1102,1102,1012
brc202d.map,4,490,PIBT_PLUS,1,244471,205239,1102,1102,1225
brc202d.map,4,500,PIBT_PLUS,1,249217,208556,1102,1102,1055
brc202d.map,4,510,PIBT_PLUS,1,253497,212511,1102,1102,873
brc202d.map,4,520,PIBT_PLUS,1,258065,216685,1102,1102,774
brc202d.map,4,530,PIBT_PLUS,1,262856,220027,1102,1102,1066
brc202d.map,4,540,PIBT_PLUS,1,273993,225894,1102,1102,1010
brc202d.map,4,550,PIBT_PLUS,1,277899,229355,1102,1102,822
brc202d.map,4,560,PIBT_PLUS,1,283371,232972,1102,1102,1084
brc202d.map,4,570,PIBT_PLUS,1,283612,236049,1102,1102,960
brc202d.map,4,580,PIBT_PLUS,1,290686,239866,1102,1102,906
brc202d.map,4,590,PIBT_PLUS,1,295445,244216,1102,1102,1174
brc202d.map,4,600,PIBT_PLUS,1,304275,250255,1102,1102,1088
brc202d.map,4,610,PIBT_PLUS,1,309227,254336,1102,1102,781
brc202d.map,4,620,PIBT_PLUS,1,313365,256832,1102,1102,1592
brc202d.map,4,630,PIBT_PLUS,1,317097,259408,1102,1102,1145
brc202d.map,4,640,PIBT_PLUS,1,322538,263232,1102,1102,1090
brc202d.map,4,650,PIBT_PLUS,1,325109,266562,1102,1102,1185
brc202d.map,4,660,PIBT_PLUS,1,330358,270729,1102,1102,1978
brc202d.map,4,670,PIBT_PLUS,1,337975,275449,1102,1102,1233
brc202d.map,4,680,PIBT_PLUS,1,343602,279340,1102,1102,1153
brc202d.map,4,690,PIBT_PLUS,1,346660,282322,1102,1102,1423
brc202d.map,4,700,PIBT_PLUS,1,350171,286236,1102,1102,1255
brc202d.map,4,710,PIBT_PLUS,1,356588,290819,1102,1102,1287
brc202d.map,4,720,PIBT_PLUS,1,362180,294511,1102,1102,1618
brc202d.map,4,690,HCA,1,295692,282322,1102,1102,20433
brc202d.map,4,700,HCA,1,299153,286236,1102,1102,19572
brc202d.map,4,710,HCA,1,304425,290819,1102,1102,29946
brc202d.map,4,720,HCA,1,309063,294511,1102,1102,18790
brc202d.map,25,730,PushAndSwap,0,26920,301029,2001,1095,316723
brc202d.map,25,740,PushAndSwap,0,27176,304042,2001,1095,79350
brc202d.map,25,750,PushAndSwap,0,27259,308843,2001,1095,356044
brc202d.map,25,760,PushAndSwap,0,36959,313139,2001,1095,32566
brc202d.map,4,730,PIBT_PLUS,1,369977,298760,1102,1102,1208
brc202d.map,4,740,PIBT_PLUS,1,374323,303007,1102,1102,1809
brc202d.map,4,750,PIBT_PLUS,1,381091,306639,1102,1102,1753
brc202d.map,4,760,PIBT_PLUS,1,384072,311193,1102,1102,1395
brc202d.map,4,770,PIBT_PLUS,1,390678,315425,1102,1102,1362
brc202d.map,4,780,PIBT_PLUS,1,395747,319118,1102,1102,1502
brc202d.map,4,790,PIBT_PLUS,1,399589,322913,1102,1102,1364
brc202d.map,4,800,PIBT_PLUS,1,405388,328018,1102,1102,1922
brc202d.map,4,810,PIBT_PLUS,1,411573,331305,1102,1102,1708
brc202d.map,4,820,PIBT_PLUS,1,416702,336033,1102,1102,1596
brc202d.map,4,830,PIBT_PLUS,1,423867,340105,1102,1102,1926
brc202d.map,4,840,PIBT_PLUS,1,427575,343578,1102,1102,2581
brc202d.map,4,850,PIBT_PLUS,1,432669,349109,1102,1102,1846
brc202d.map,4,860,PIBT_PLUS,1,441266,353808,1102,1102,1784
brc202d.map,4,870,PIBT_PLUS,1,446540,358074,1102,1102,1404
brc202d.map,4,880,PIBT_PLUS,1,450765,361286,1102,1102,2169
brc202d.map,4,730,HCA,1,313130,298760,1102,1102,16130
brc202d.map,4,740,HCA,0,0,303007,-1,1102,30095
brc202d.map,4,750,HCA,0,0,306639,-1,1102,30027
brc202d.map,4,760,HCA,1,325628,311193,1102,1102,24863
brc202d.map,4,10,PushAndSwap,1,11802,5453,1558,788,242
brc202d.map,4,20,PushAndSwap,1,27086,9398,1793,818,296
brc202d.map,4,30,PushAndSwap,0,40570,11831,2001,818,133
brc202d.map,4,40,PushAndSwap,0,40375,14975,2001,818,143
brc202d.map,4,50,PushAndSwap,0,42262,18901,2001,818,140
brc202d.map,4,60,PushAndSwap,0,33905,23280,2001,831,153
brc202d.map,4,70,PushAndSwap,0,25100,28515,2001,871,313
brc202d.map,4,80,PushAndSwap,0,25135,32143,2001,871,256
brc202d.map,4,90,PushAndSwap,0,28159,36629,2001,1005,269
brc202d.map,4,100,PushAndSwap,0,31604,41273,2001,1005,367
brc202d.map,4,110,PushAndSwap,0,31904,44183,2001,1005,630
brc202d.map,4,120,PushAndSwap,0,36305,47979,2001,1005,579
brc202d.map,4,130,PushAndSwap,0,33628,51173,2001,1005,389
brc202d.map,4,140,PushAndSwap,0,39657,54488,2001,1005,669
brc202d.map,4,150,PushAndSwap,0,34770,57772,2001,1005,684
brc202d.map,4,160,PushAndSwap,0,38349,62806,2001,1005,623
brc202d.map,3,770,PushAndSwap --no-compress,0,184054838,314896,320622,1068,11081
brc202d.map,3,780,PushAndSwap --no-compress,0,187876494,317210,323028,1068,5818
brc202d.map,3,790,PushAndSwap --no-compress,0,193061976,322046,327684,1068,7162
brc202d.map,3,800,PushAndSwap --no-compress,0,198527189,326492,332206,1068,8014
brc202d.map,25,810,PushAndSwap --no-compress,0,207609006,336205,343629,1095,16214
brc202d.map,25,820,PushAndSwap --no-compress,-1,-1,-1,-1,-1,-1
brc202d.map,25,830,PushAndSwap --no-compress,0,217930084,344510,351842,1095,12770
brc202d.map,25,840,PushAndSwap --no-compress,0,223105996,347970,355688,1095,8319
brc202d.map,25,770,PushAndSwap --no-compress,0,186187110,317649,324159,1095,8847
brc202d.map,25,780,PushAndSwap --no-compress,0,191406936,321961,328709,1095,9599
brc202d.map,25,790,PushAndSwap --no-compress,0,196818704,326984,334008,1095,9042
brc202d.map,25,800,PushAndSwap --no-compress,0,201310583,330267,337367,1095,11884
brc202d.map,4,170,PushAndSwap,0,38252,68267,2001,1005,799
brc202d.map,4,180,PushAndSwap,0,40240,72859,2001,1005,718
brc202d.map,4,190,PushAndSwap,0,39806,77091,2001,1005,931
brc202d.map,4,200,PushAndSwap,0,32988,81911,2001,1005,675
brc202d.map,4,890,PIBT_PLUS,1,454717,365569,1102,1102,3533
brc202d.map,4,900,PIBT_PLUS,1,462584,370134,1102,1102,2052
brc202d.map,4,910,PIBT_PLUS,1,464525,374471,1102,1102,1980
brc202d.map,4,920,PIBT_PLUS,1,471544,377851,1102,1102,1629
brc202d.map,4,930,PIBT_PLUS,1,476498,381367,1102,1102,2201
brc202d.map,4,940,PIBT_PLUS,1,483165,385070,1102,1102,3408
brc202d.map,4,950,PIBT_PLUS,1,489468,390612,1102,1102,1937
brc202d.map,4,960,PIBT_PLUS,1,493247,394256,1102,1102,1121
brc202d.map,4,210,PushAndSwap,0,32997,84938,2001,1005,812
brc202d.map,4,220,PushAndSwap,0,33125,87214,2001,1005,1252
brc202d.map,4,230,PushAndSwap,0,37697,92718,2001,1005,895
brc202d.map,4,240,PushAndSwap,0,50687,96428,2001,1005,1061
brc202d.map,4,970,PIBT_PLUS,1,503269,399640,1102,1102,1618
brc202d.map,4,980,PIBT_PLUS,1,505378,403535,1102,1102,1330
brc202d.map,4,990,PIBT_PLUS,1,513907,407671,1112,1102,2955
brc202d.map,4,1000,PIBT_PLUS,1,520727,411910,1102,1102,1362
brc202d.map,22,770,PushAndSwap,0,34799,331678,2001,1011,684216
brc202d.map,22,780,PushAndSwap,0,34819,335849,2001,1011,434372
brc202d.map,22,790,PushAndSwap,-1,-1,-1,-1,-1,-1
brc202d.map,22,800,PushAndSwap,0,43824,344469,2001,1011,268086
brc202d.map,4,250,PushAndSwap,0,52360,101901,2001,1005,1608
brc202d.map,4,260,PushAndSwap,0,54300,104199,2001,1005,1062
brc202d.map,4,270,PushAndSwap,0,24985,107576,2001,1005,1129
brc202d.map,4,280,PushAndSwap,0,20756,112975,2001,1005,1319
brc202d.map,4,770,HCA,0,0,315425,-1,1102,30005
brc202d.map,4,780,HCA,1,335189,319118,1102,1102,12524
brc202d.map,4,790,HCA,1,338894,322913,1102,1102,21179
brc202d.map,4,800,HCA,1,344047,328018,1102,1102,25094
brc202d.map,3,730,PushAndSwap --no-compress,0,165885935,301449,306743,1068,8698
brc202d.map,3,740,PushAndSwap --no-compress,0,170909146,305287,310697,1068,8970
brc202d.map,3,750,PushAndSwap --no-compress,0,175555535,308857,314347,1068,5705
brc202d.map,3,760,PushAndSwap --no-compress,0,180014364,312127,317811,1068,7265
brc202d.map,4,290,PushAndSwap,0,20921,116312,2001,1005,1336
brc202d.map,4,300,PushAndSwap,0,36214,122483,2001,1005,2097
brc202d.map,4,310,PushAndSwap,0,40811,127517,2001,1005,2234
brc202d.map,4,320,PushAndSwap,0,45107,131554,2001,1005,2482
brc202d.map,4,330,PushAndSwap,0,37695,135584,2001,1005,1794
brc202d.map,4,340,PushAndSwap,0,46498,137671,2001,1005,2194
brc202d.map,4,350,PushAndSwap,0,45519,142572,2001,1102,2759
brc202d.map,4,360,PushAndSwap,0,41014,145951,2001,1102,2840
brc202d.map,4,370,PushAndSwap,0,50095,149760,2001,1102,2200
brc202d.map,4,380,PushAndSwap,0,43079,154376,2001,1102,2610
brc202d.map,4,390,PushAndSwap,0,45966,159142,2001,1102,3657
brc202d.map,4,400,PushAndSwap,0,52004,163592,2001,1102,3538
brc202d.map,4,810,HCA,1,347370,331305,1102,1102,24618
brc202d.map,4,820,HCA,1,352007,336033,1102,1102,15141
brc202d.map,4,830,HCA,0,0,340105,-1,1102,31927
brc202d.map,4,840,HCA,1,361598,343578,1102,1102,24052
brc202d.map,4,410,PushAndSwap,0,47788,168336,2001,1102,3037
brc202d.map,4,420,PushAndSwap,0,47939,172497,2001,1102,3672
brc202d.map,4,430,PushAndSwap,0,47959,176852,2001,1102,3768
brc202d.map,4,440,PushAndSwap,0,23322,182079,2001,1102,6892
brc202d.map,4,490,PushAndSwap,0,27731,205239,2001,1102,3841
brc202d.map,4,500,PushAndSwap,0,27282,208556,2001,1102,8606
brc202d.map,4,510,PushAndSwap,0,27831,212511,2001,1102,10026
brc202d.map,4,520,PushAndSwap,0,27855,216685,2001,1102,5658
brc202d.map,4,450,PushAndSwap,0,25099,186618,2001,1102,3218
brc202d.map,4,460,PushAndSwap,0,26676,191299,2001,1102,4636
brc202d.map,4,470,PushAndSwap,0,26716,196461,2001,1102,7932
brc202d.map,4,480,PushAndSwap,0,26879,200385,2001,1102,16828
brc202d.map,4,10,PushAndSwap --no-compress,0,35295,5453,5453,788,7
brc202d.map,4,20,PushAndSwap --no-compress,0,123036,9398,9398,818,14
brc202d.map,4,30,PushAndSwap --no-compress,0,245008,11831,11831,818,24
brc202d.map,4,40,PushAndSwap --no-compress,0,425290,14975,14987,818,34
brc202d.map,4,50,PushAndSwap --no-compress,0,663516,18901,18925,818,47
brc202d.map,4,60,PushAndSwap --no-compress,0,973966,23280,23310,831,64
brc202d.map,4,70,PushAndSwap --no-compress,0,1401709,28515,28563,871,91
brc202d.map,4,80,PushAndSwap --no-compress,0,1803934,32143,32215,871,103
brc202d.map,4,90,PushAndSwap --no-compress,0,2311352,36629,36747,1005,127
brc202d.map,4,100,PushAndSwap --no-compress,0,2891158,41273,41393,1005,128
brc202d.map,4,110,PushAndSwap --no-compress,0,3414109,44183,44309,1005,139
brc202d.map,4,120,PushAndSwap --no-compress,0,4071151,47979,48117,1005,185
brc202d.map,4,130,PushAndSwap --no-compress,0,4725048,51173,51341,1005,218
brc202d.map,4,140,PushAndSwap --no-compress,0,5417936,54488,54680,1005,274
brc202d.map,4,150,PushAndSwap --no-compress,0,6171215,57772,57970,1005,238
brc202d.map,4,160,PushAndSwap --no-compress,0,7163676,62806,63028,1005,300
brc202d.map,4,170,PushAndSwap --no-compress,0,8249604,68267,68501,1005,324
brc202d.map,4,180,PushAndSwap --no-compress,0,9284505,72859,73099,1005,382
brc202d.map,4,190,PushAndSwap --no-compress,0,10424228,77091,77351,1005,347
brc202d.map,4,200,PushAndSwap --no-compress,0,11633193,81911,82155,1005,349
brc202d.map,4,850,HCA,0,0,349109,-1,1102,30109
brc202d.map,4,860,HCA,1,372779,353808,1102,1102,24690
brc202d.map,4,870,HCA,1,376859,358074,1102,1102,23446
brc202d.map,4,880,HCA,0,0,361286,-1,1102,30002
brc202d.map,4,210,PushAndSwap --no-compress,0,12653612,84938,85200,1005,308
brc202d.map,4,220,PushAndSwap --no-compress,0,13754910,87214,87524,1005,615
brc202d.map,4,230,PushAndSwap --no-compress,0,15273877,92718,93064,1005,750
brc202d.map,4,240,PushAndSwap --no-compress,0,16609876,96428,96824,1005,591
brc202d.map,4,530,PushAndSwap,0,27821,220027,2001,1102,6871
brc202d.map,4,540,PushAndSwap,0,28176,225894,2001,1102,12132
brc202d.map,4,550,PushAndSwap,0,28456,229355,2001,1102,16800
brc202d.map,4,560,PushAndSwap,0,28231,232972,2001,1102,4930
brc202d.map,4,250,PushAndSwap --no-compress,0,18212392,101901,102303,1005,825
brc202d.map,4,260,PushAndSwap --no-compress,0,19449537,104199,104645,1005,408
brc202d.map,4,270,PushAndSwap --no-compress,0,20890965,107576,108022,1005,536
brc202d.map,4,280,PushAndSwap --no-compress,0,22944565,112975,113617,1005,594
brc202d.map,4,930,HCA,1,401009,381367,1102,1102,19541
brc202d.map,4,940,HCA,1,405742,385070,1102,1102,27720
brc202d.map,4,950,HCA,1,412410,390612,1102,1102,28250
brc202d.map,4,960,HCA,0,0,394256,-1,1102,30003
brc202d.map,4,290,PushAndSwap --no-compress,0,24440964,116312,116966,1005,999
brc202d.map,4,300,PushAndSwap --no-compress,0,26589236,122483,123195,1005,599
brc202d.map,4,310,PushAndSwap --no-compress,0,28646935,127517,128271,1005,688
brc202d.map,4,320,PushAndSwap --no-compress,0,30502392,131554,132392,1005,770
brc202d.map,4,330,PushAndSwap --no-compress,0,32379819,135584,136480,1005,789
brc202d.map,4,340,PushAndSwap --no-compress,0,34003251,137671,138577,1005,1134
brc202d.map,4,350,PushAndSwap --no-compress,0,36388517,142572,143530,1102,1435
brc202d.map,4,360,PushAndSwap --no-compress,0,38474727,145951,146933,1102,1328
brc202d.map,4,890,HCA,1,384072,365569,1102,1102,24272
brc202d.map,4,900,HCA,0,0,370134,-1,1102,31648
brc202d.map,4,910,HCA,1,394088,374471,1102,1102,27971
brc202d.map,4,920,HCA,0,0,377851,-1,1102,30006
brc202d.map,4,370,PushAndSwap --no-compress,0,40605627,149760,150820,1102,1035
brc202d.map,4,380,PushAndSwap --no-compress,0,43037696,154376,155488,1102,1490
brc202d.map,4,390,PushAndSwap --no-compress,0,45755838,159142,160394,1102,1306
brc202d.map,4,400,PushAndSwap --no-compress,0,48118775,163592,164856,1102,1353
brc202d.map,4,410,PushAndSwap --no-compress,0,50773506,168336,169646,1102,1545
brc202d.map,4,420,PushAndSwap --no-compress,0,53250035,172497,173859,1102,1780
brc202d.map,4,430,PushAndSwap --no-compress,0,56078694,176852,178274,1102,1482
brc202d.map,4,440,PushAndSwap --no-compress,0,58904406,182079,183531,1102,2667
brc202d.map,4,450,PushAndSwap --no-compress,0,61639952,186618,188122,1102,2034
brc202d.map,4,460,PushAndSwap --no-compress,0,64807138,191299,192921,1102,1935
brc202d.map,4,470,PushAndSwap --no-compress,0,68094868,196461,198275,1102,2397
brc202d.map,4,480,PushAndSwap --no-compress,0,70924492,200385,202273,1102,3623
brc202d.map,4,970,HCA,0,0,399640,-1,1102,30003
brc202d.map,4,980,HCA,0,0,403535,-1,1102,30007
brc202d.map,4,990,HCA,0,0,407671,-1,1102,30006
brc202d.map,4,1000,HCA,0,0,411910,-1,1102,30005
brc202d.map,4,490,PushAndSwap --no-compress,0,74055305,205239,207133,1102,2201
brc202d.map,4,500,PushAndSwap --no-compress,0,76733200,208556,210504,1102,3705
brc202d.map,4,510,PushAndSwap --no-compress,0,79719722,212511,214489,1102,3521
brc202d.map,4,520,PushAndSwap --no-compress,0,82861143,216685,218719,1102,4104
brc202d.map,4,610,PushAndSwap --no-compress,0,114890090,254336,257702,1102,5542
brc202d.map,4,620,PushAndSwap --no-compress,0,117963356,256832,260306,1102,5252
brc202d.map,4,630,PushAndSwap --no-compress,0,121406043,259408,263034,1102,8902
brc202d.map,4,640,PushAndSwap --no-compress,0,125299695,263232,266922,1102,4748
brc202d.map,4,970,PushAndSwap,-1,-1,-1,-1,-1,-1
brc202d.map,4,980,PushAndSwap,-1,-1,-1,-1,-1,-1
brc202d.map,4,990,PushAndSwap,-1,-1,-1,-1,-1,-1
brc202d.map,4,1000,PushAndSwap,-1,-1,-1,-1,-1,-1
brc202d.map,4,530,PushAndSwap --no-compress,0,85755218,220027,222121,1102,4749
brc202d.map,4,540,PushAndSwap --no-compress,0,89564332,225894,228018,1102,4282
brc202d.map,4,550,PushAndSwap --no-compress,0,92566206,229355,231535,1102,3654
brc202d.map,4,560,PushAndSwap --no-compress,0,96096628,232972,235456,1102,5069
brc202d.map,4,570,PushAndSwap --no-compress,0,99239924,236049,238601,1102,5484
brc202d.map,4,580,PushAndSwap --no-compress,0,102699951,239866,242502,1102,4721
brc202d.map,4,590,PushAndSwap --no-compress,0,106354176,244216,246912,1102,3543
brc202d.map,4,600,PushAndSwap --no-compress,0,110975279,250255,253467,1102,5959
brc202d.map,4,930,PushAndSwap,-1,-1,-1,-1,-1,-1
brc202d.map,4,940,PushAndSwap,-1,-1,-1,-1,-1,-1
brc202d.map,4,950,PushAndSwap,-1,-1,-1,-1,-1,-1
brc202d.map,4,960,PushAndSwap,-1,-1,-1,-1,-1,-1
brc202d.map,4,890,PushAndSwap,-1,-1,-1,-1,-1,-1
brc202d.map,4,900,PushAndSwap,-1,-1,-1,-1,-1,-1
brc202d.map,4,910,PushAndSwap,-1,-1,-1,-1,-1,-1
brc202d.map,4,920,PushAndSwap,-1,-1,-1,-1,-1,-1
brc202d.map,24,770,PushAndSwap,0,47551,325237,2001,1063,384558
brc202d.map,24,780,PushAndSwap,0,45657,330371,2001,1063,337843
brc202d.map,24,790,PushAndSwap,-1,-1,-1,-1,-1,-1
brc202d.map,24,800,PushAndSwap,-1,-1,-1,-1,-1,-1
brc202d.map,5,10,PIBT,1,5320,5308,995,995,9
brc202d.map,5,20,PIBT,1,8736,8705,995,995,18
brc202d.map,5,30,PIBT,1,12660,12604,1018,1018,39
brc202d.map,5,40,PIBT,1,17477,17371,1018,1018,53
brc202d.map,5,50,PIBT,1,20621,20497,1018,1018,84
brc202d.map,5,60,PIBT,1,23581,22632,1018,1018,73
brc202d.map,5,70,PIBT,1,28502,27525,1018,1018,90
brc202d.map,5,80,PIBT,1,34886,33658,1034,1034,76
brc202d.map,5,90,PIBT,1,40901,39142,1034,1034,67
brc202d.map,5,100,PIBT,1,46737,44179,1034,1034,71
brc202d.map,5,110,PIBT,1,51991,48606,1034,1034,79
brc202d.map,5,120,PIBT,1,56855,52258,1034,1034,85
brc202d.map,5,130,PIBT,1,60862,56210,1034,1034,115
brc202d.map,5,140,PIBT,1,65313,59415,1034,1034,176
brc202d.map,5,150,PIBT,1,69272,63458,1034,1034,214
brc202d.map,5,160,PIBT,1,74352,68073,1034,1034,117
brc202d.map,5,170,PIBT,1,78007,71295,1034,1034,123
brc202d.map,5,180,PIBT,1,84042,76178,1034,1034,197
brc202d.map,5,190,PIBT,1,88965,80564,1034,1034,266
brc202d.map,5,200,PIBT,1,94452,84680,1034,1034,184
brc202d.map,5,210,PIBT,1,99429,88285,1034,1034,150
brc202d.map,5,220,PIBT,1,105512,93113,1034,1034,330
brc202d.map,5,230,PIBT,1,109770,97041,1034,1034,395
brc202d.map,5,240,PIBT,1,113495,100940,1034,1034,170
brc202d.map,4,850,PushAndSwap,-1,-1,-1,-1,-1,-1
brc202d.map,4,860,PushAndSwap,-1,-1,-1,-1,-1,-1
brc202d.map,4,870,PushAndSwap,-1,-1,-1,-1,-1,-1
brc202d.map,4,880,PushAndSwap,-1,-1,-1,-1,-1,-1
brc202d.map,5,250,PIBT,1,116075,103394,1034,1034,179
brc202d.map,5,260,PIBT,1,121628,108295,1034,1034,243
brc202d.map,5,270,PIBT,1,125729,111900,1034,1034,202
brc202d.map,5,280,PIBT,1,131821,117216,1034,1034,195
brc202d.map,5,290,PIBT,1,139833,122094,1034,1034,208
brc202d.map,5,300,PIBT,1,145419,126314,1034,1034,211
brc202d.map,5,310,PIBT,1,151426,131991,1034,1034,382
brc202d.map,5,320,PIBT,1,155021,135715,1034,1034,590
brc202d.map,5,330,PIBT,1,162107,140619,1034,1034,274
brc202d.map,5,340,PIBT,1,167030,145495,1034,1034,398
brc202d.map,5,350,PIBT,1,170515,149179,1034,1034,465
brc202d.map,5,360,PIBT,1,175788,152963,1034,1034,243
brc202d.map,5,370,PIBT,1,180057,156396,1034,1034,257
brc202d.map,5,380,PIBT,1,184870,160190,1034,1034,272
brc202d.map,5,390,PIBT,1,190915,165706,1034,1034,454
brc202d.map,5,400,PIBT,1,197595,171699,1034,1034,674
brc202d.map,5,410,PIBT,1,201769,175604,1034,1034,425
brc202d.map,5,420,PIBT,1,207480,179957,1034,1034,566
brc202d.map,5,430,PIBT,1,216378,185572,1034,1034,646
brc202d.map,5,440,PIBT,1,219325,189009,1034,1034,574
brc202d.map,4,930,PushAndSwap --no-compress,-1,-1,-1,-1,-1,-1
brc202d.map,4,940,PushAndSwap --no-compress,-1,-1,-1,-1,-1,-1
brc202d.map,4,950,PushAndSwap --no-compress,-1,-1,-1,-1,-1,-1
brc202d.map,4,960,PushAndSwap --no-compress,-1,-1,-1,-1,-1,-1
brc202d.map,5,450,PIBT,1,226530,194337,1034,1034,656
brc202d.map,5,460,PIBT,1,234544,200210,1034,1034,324
brc202d.map,5,470,PIBT,1,235904,202985,1034,1034,332
brc202d.map,5,480,PIBT,1,244030,207287,1034,1034,422
brc202d.map,5,490,PIBT,1,247656,212054,1035,1034,329
brc202d.map,5,500,PIBT,1,251315,215801,1035,1034,469
brc202d.map,5,510,PIBT,1,257094,221160,1035,1034,547
brc202d.map,5,520,PIBT,1,264220,225042,1035,1034,666
brc202d.map,5,530,PIBT,1,269115,230055,1035,1034,370
brc202d.map,5,540,PIBT,1,272851,233729,1034,1034,454
brc202d.map,5,550,PIBT,1,278604,238338,1037,1034,482
brc202d.map,5,560,PIBT,1,285653,241928,1034,1034,685
brc202d.map,5,570,PIBT,1,289571,247431,1037,1034,737
brc202d.map,5,580,PIBT,1,298482,252142,1035,1034,614
brc202d.map,5,590,PIBT,1,300074,256327,1037,1034,651
brc202d.map,5,600,PIBT,1,304147,258575,1034,1034,931
brc202d.map,5,610,PIBT,1,309007,261839,1035,1034,617
brc202d.map,5,620,PIBT,1,313334,266314,1035,1034,995
brc202d.map,5,630,PIBT,1,317944,269128,1034,1034,717
brc202d.map,5,640,PIBT,1,321091,272229,1034,1034,797
brc202d.map,5,650,PIBT,1,328274,275503,1034,1034,553
brc202d.map,5,660,PIBT,1,331694,278674,1037,1034,615
brc202d.map,5,670,PIBT,1,336687,282975,1034,1034,764
brc202d.map,5,680,PIBT,1,343632,287435,1035,1034,973
brc202d.map,5,690,PIBT,1,347667,290577,1034,1034,920
brc202d.map,5,700,PIBT,1,354351,295370,1034,1034,956
brc202d.map,5,710,PIBT,1,363171,300461,1035,1034,602
brc202d.map,5,720,PIBT,1,370095,305640,1064,1064,554
brc202d.map,5,730,PIBT,1,375731,310051,1064,1064,887
brc202d.map,5,740,PIBT,1,377960,313919,1064,1064,1025
brc202d.map,5,750,PIBT,1,383937,317874,1064,1064,581
brc202d.map,5,760,PIBT,1,388232,321638,1064,1064,712
brc202d.map,5,770,PIBT,1,392974,325609,1064,1064,1068
brc202d.map,5,780,PIBT,1,396620,329951,1064,1064,567
brc202d.map,5,790,PIBT,1,404126,334618,1064,1064,1108
brc202d.map,5,800,PIBT,1,406715,339008,1064,1064,1140
brc202d.map,5,810,PIBT,1,414219,343260,1064,1064,921
brc202d.map,5,820,PIBT,1,420717,348390,1064,1064,1089
brc202d.map,5,830,PIBT,1,429523,352749,1064,1064,1360
brc202d.map,5,840,PIBT,1,431574,356603,1064,1064,1129
brc202d.map,5,850,PIBT,1,438148,360190,1064,1064,1475
brc202d.map,5,860,PIBT,1,441459,364291,1064,1064,1183
brc202d.map,5,870,PIBT,1,446413,369704,1064,1064,1516
brc202d.map,5,880,PIBT,1,454906,374331,1064,1064,1132
brc202d.map,5,890,PIBT,1,459196,376884,1064,1064,1062
brc202d.map,5,900,PIBT,1,464006,380482,1064,1064,1331
brc202d.map,5,910,PIBT,1,470354,383661,1064,1064,1287
brc202d.map,5,920,PIBT,1,473721,387823,1064,1064,1510
brc202d.map,5,10,HCA,1,5314,5308,995,995,2615
brc202d.map,5,20,HCA,1,8715,8705,995,995,271
brc202d.map,5,30,HCA,1,12621,12604,1018,1018,395
brc202d.map,5,40,HCA,1,17394,17371,1018,1018,625
brc202d.map,5,930,PIBT,1,477799,392017,1064,1064,1062
brc202d.map,5,940,PIBT,1,484659,396467,1064,1064,1319
brc202d.map,5,950,PIBT,1,491597,399856,1064,1064,2441
brc202d.map,5,960,PIBT,1,496883,403209,1064,1064,1022
brc202d.map,5,970,PIBT,1,503071,407104,1064,1064,1202
brc202d.map,5,980,PIBT,1,510743,412049,1064,1064,2515
brc202d.map,5,990,PIBT,1,515337,416851,1064,1064,765
brc202d.map,5,1000,PIBT,1,522021,421236,1064,1064,1564
brc202d.map,5,50,HCA,1,20529,20497,1018,1018,703
brc202d.map,5,60,HCA,1,22664,22632,1018,1018,1597
brc202d.map,5,70,HCA,1,27565,27525,1018,1018,2146
brc202d.map,5,80,HCA,1,33764,33658,1034,1034,1765
brc202d.map,5,90,HCA,1,39293,39142,1034,1034,1972
brc202d.map,5,100,HCA,1,45097,44179,1034,1034,2288
brc202d.map,5,110,HCA,1,49533,48606,1034,1034,1756
brc202d.map,5,120,HCA,1,53302,52258,1034,1034,1633
brc202d.map,5,130,HCA,1,57265,56210,1034,1034,2154
brc202d.map,5,140,HCA,1,60586,59415,1034,1034,1476
brc202d.map,5,150,HCA,1,64640,63458,1034,1034,1170
brc202d.map,5,160,HCA,1,69367,68073,1034,1034,1751
brc202d.map,5,170,HCA,1,72604,71295,1034,1034,1814
brc202d.map,5,180,HCA,1,77494,76178,1034,1034,3515
brc202d.map,5,190,HCA,1,81929,80564,1034,1034,1719
brc202d.map,5,200,HCA,1,86058,84680,1034,1034,2472
brc202d.map,5,210,HCA,1,89682,88285,1034,1034,2311
brc202d.map,5,220,HCA,1,94621,93113,1034,1034,2839
brc202d.map,5,230,HCA,1,98559,97041,1034,1034,2700
brc202d.map,5,240,HCA,1,102476,100940,1034,1034,24303
brc202d.map,4,970,PushAndSwap --no-compress,-1,-1,-1,-1,-1,-1
brc202d.map,4,980,PushAndSwap --no-compress,-1,-1,-1,-1,-1,-1
brc202d.map,4,990,PushAndSwap --no-compress,-1,-1,-1,-1,-1,-1
brc202d.map,4,1000,PushAndSwap --no-compress,-1,-1,-1,-1,-1,-1
brc202d.map,5,250,HCA,1,104940,103394,1034,1034,3159
brc202d.map,5,260,HCA,1,109867,108295,1034,1034,2580
brc202d.map,5,270,HCA,1,113492,111900,1034,1034,23670
brc202d.map,5,280,HCA,1,118881,117216,1034,1034,3484
brc202d.map,5,290,HCA,1,124120,122094,1034,1034,28787
brc202d.map,5,300,HCA,1,129180,126314,1034,1034,4138
brc202d.map,5,310,HCA,1,134872,131991,1034,1034,10730
brc202d.map,5,320,HCA,1,138621,135715,1034,1034,6936
brc202d.map,4,610,PushAndSwap,0,31740,254336,2001,1102,13671
brc202d.map,4,620,PushAndSwap,0,31764,256832,2001,1102,196834
brc202d.map,4,630,PushAndSwap,0,31780,259408,2001,1102,51879
brc202d.map,4,640,PushAndSwap,0,27635,263232,2001,1102,26338
brc202d.map,5,330,HCA,1,143763,140619,1034,1034,4372
brc202d.map,5,340,HCA,1,148642,145495,1034,1034,4555
brc202d.map,5,350,HCA,1,152453,149179,1034,1034,9763
brc202d.map,5,360,HCA,1,157663,152963,1034,1034,18086
brc202d.map,4,570,PushAndSwap,0,28258,236049,2001,1102,18560
brc202d.map,4,580,PushAndSwap,0,28417,239866,2001,1102,55653
brc202d.map,4,590,PushAndSwap,0,28585,244216,2001,1102,184903
brc202d.map,4,600,PushAndSwap,0,28456,250255,2001,1102,31941
brc202d.map,5,410,HCA,1,181571,175604,1034,1034,16780
brc202d.map,5,420,HCA,1,186102,179957,1034,1034,7763
brc202d.map,5,430,HCA,1,191486,185572,1034,1034,6577
brc202d.map,5,440,HCA,1,194962,189009,1034,1034,4345
brc202d.map,5,370,HCA,1,161126,156396,1034,1034,6885
brc202d.map,5,380,HCA,1,165043,160190,1034,1034,9306
brc202d.map,5,390,HCA,1,171243,165706,1034,1034,20031
brc202d.map,5,400,HCA,1,176997,171699,1034,1034,6689
brc202d.map,5,450,HCA,1,200810,194337,1034,1034,5173
brc202d.map,5,460,HCA,1,206759,200210,1034,1034,5920
brc202d.map,5,470,HCA,1,209678,202985,1034,1034,16792
brc202d.map,5,480,HCA,1,214900,207287,1034,1034,8436
brc202d.map,4,650,PushAndSwap --no-compress,0,128835356,266562,270340,1102,6512
brc202d.map,4,660,PushAndSwap --no-compress,0,132870974,270729,274537,1102,27428
brc202d.map,4,670,PushAndSwap --no-compress,0,137102142,275449,279297,1102,8512
brc202d.map,4,680,PushAndSwap --no-compress,0,141280777,279340,283280,1102,6966
brc202d.map,5,490,HCA,1,219904,212054,1034,1034,9267
brc202d.map,5,500,HCA,1,223366,215801,1034,1034,7905
brc202d.map,5,510,HCA,1,228867,221160,1034,1034,12675
brc202d.map,5,520,HCA,1,232898,225042,1034,1034,10195
brc202d.map,4,890,PushAndSwap --no-compress,-1,-1,-1,-1,-1,-1
brc202d.map,4,900,PushAndSwap --no-compress,-1,-1,-1,-1,-1,-1
brc202d.map,4,910,PushAndSwap --no-compress,-1,-1,-1,-1,-1,-1
brc202d.map,4,920,PushAndSwap --no-compress,0,262599673,377851,385095,1102,8343
brc202d.map,4,650,PushAndSwap,0,26932,266562,2001,1102,23024
brc202d.map,4,660,PushAndSwap,0,26930,270729,2001,1102,22944
brc202d.map,4,670,PushAndSwap,0,29272,275449,2001,1102,213475
brc202d.map,4,680,PushAndSwap,0,29466,279340,2001,1102,78165
brc202d.map,4,690,PushAndSwap --no-compress,0,145132185,282322,286350,1102,5732
brc202d.map,4,700,PushAndSwap --no-compress,0,149517825,286236,290362,1102,6277
brc202d.map,4,710,PushAndSwap --no-compress,0,154114807,290819,295071,1102,6731
brc202d.map,4,720,PushAndSwap --no-compress,0,158314726,294511,298807,1102,6759
brc202d.map,5,530,HCA,1,239105,230055,1034,1034,21308
brc202d.map,5,540,HCA,1,242157,233729,1034,1034,6565
brc202d.map,5,550,HCA,1,247550,238338,1034,1034,14076
brc202d.map,5,560,HCA,1,250932,241928,1034,1034,6322
brc202d.map,5,610,HCA,1,272245,261839,1034,1034,14304
brc202d.map,5,620,HCA,1,277219,266314,1034,1034,11099
brc202d.map,5,630,HCA,1,279836,269128,1034,1034,21521
brc202d.map,5,640,HCA,1,283557,272229,1034,1034,17384
brc202d.map,5,570,HCA,1,257415,247431,1034,1034,17638
brc202d.map,5,580,HCA,1,262509,252142,1034,1034,8649
brc202d.map,5,590,HCA,1,266596,256327,1034,1034,25663
brc202d.map,5,600,HCA,1,269498,258575,1034,1034,14516
brc202d.map,5,10,PIBT_PLUS,1,5320,5308,995,995,33
brc202d.map,5,20,PIBT_PLUS,1,8736,8705,995,995,61
brc202d.map,5,30,PIBT_PLUS,1,12660,12604,1018,1018,95
brc202d.map,5,40,PIBT_PLUS,1,17477,17371,1018,1018,121
brc202d.map,5,50,PIBT_PLUS,1,20621,20497,1018,1018,152
brc202d.map,5,60,PIBT_PLUS,1,23581,22632,1018,1018,91
brc202d.map,5,70,PIBT_PLUS,1,28502,27525,1018,1018,177
brc202d.map,5,80,PIBT_PLUS,1,34886,33658,1034,1034,143
brc202d.map,5,90,PIBT_PLUS,1,40901,39142,1034,1034,166
brc202d.map,5,100,PIBT_PLUS,1,46737,44179,1034,1034,170
brc202d.map,5,110,PIBT_PLUS,1,51991,48606,1034,1034,170
brc202d.map,5,120,PIBT_PLUS,1,56855,52258,1034,1034,268
brc202d.map,5,130,PIBT_PLUS,1,60862,56210,1034,1034,292
brc202d.map,5,140,PIBT_PLUS,1,65313,59415,1034,1034,248
brc202d.map,5,150,PIBT_PLUS,1,69272,63458,1034,1034,266
brc202d.map,5,160,PIBT_PLUS,1,74352,68073,1034,1034,311
brc202d.map,5,650,HCA,1,286255,275503,1034,1034,10089
brc202d.map,5,660,HCA,1,289723,278674,1034,1034,23114
brc202d.map,5,670,HCA,1,295135,282975,1034,1034,10015
brc202d.map,5,680,HCA,1,300569,287435,1034,1034,21164
brc202d.map,5,170,PIBT_PLUS,1,78007,71295,1034,1034,317
brc202d.map,5,180,PIBT_PLUS,1,84042,76178,1034,1034,192
brc202d.map,5,190,PIBT_PLUS,1,88965,80564,1034,1034,299
brc202d.map,5,200,PIBT_PLUS,1,94452,84680,1034,1034,352
brc202d.map,5,210,PIBT_PLUS,1,99429,88285,1034,1034,311
brc202d.map,5,220,PIBT_PLUS,1,105512,93113,1034,1034,369
brc202d.map,5,230,PIBT_PLUS,1,109770,97041,1034,1034,478
brc202d.map,5,240,PIBT_PLUS,1,113495,100940,1034,1034,328
brc202d.map,5,250,PIBT_PLUS,1,116075,103394,1034,1034,472
brc202d.map,5,260,PIBT_PLUS,1,121628,108295,1034,1034,653
brc202d.map,5,270,PIBT_PLUS,1,125729,111900,1034,1034,338
brc202d.map,5,280,PIBT_PLUS,1,131821,117216,1034,1034,312
brc202d.map,4,730,PushAndSwap --no-compress,0,162985800,298760,303148,1102,7070
brc202d.map,4,740,PushAndSwap --no-compress,0,167483033,303007,307477,1102,8909
brc202d.map,4,750,PushAndSwap --no-compress,0,172115394,306639,311289,1102,7846
brc202d.map,4,760,PushAndSwap --no-compress,0,176901560,311193,315947,1102,5721
brc202d.map,5,290,PIBT_PLUS,1,139833,122094,1034,1034,319
brc202d.map,5,300,PIBT_PLUS,1,145419,126314,1034,1034,729
brc202d.map,5,310,PIBT_PLUS,1,151426,131991,1034,1034,785
brc202d.map,5,320,PIBT_PLUS,1,155021,135715,1034,1034,327
brc202d.map,5,330,PIBT_PLUS,1,162107,140619,1034,1034,812
brc202d.map,5,340,PIBT_PLUS,1,167030,145495,1034,1034,668
brc202d.map,5,350,PIBT_PLUS,1,170515,149179,1034,1034,375
brc202d.map,5,360,PIBT_PLUS,1,175788,152963,1034,1034,798
brc202d.map,5,370,PIBT_PLUS,1,180057,156396,1034,1034,1255
brc202d.map,5,380,PIBT_PLUS,1,184870,160190,1034,1034,923
brc202d.map,5,390,PIBT_PLUS,1,190915,165706,1034,1034,1493
brc202d.map,5,400,PIBT_PLUS,1,197595,171699,1034,1034,788
brc202d.map,5,410,PIBT_PLUS,1,201769,175604,1034,1034,1253
brc202d.map,5,420,PIBT_PLUS,1,207480,179957,1034,1034,858
brc202d.map,5,430,PIBT_PLUS,1,216378,185572,1034,1034,1460
brc202d.map,5,440,PIBT_PLUS,1,219325,189009,1034,1034,863
brc202d.map,5,450,PIBT_PLUS,1,226530,194337,1034,1034,835
brc202d.map,5,460,PIBT_PLUS,1,234544,200210,1034,1034,1519
brc202d.map,5,470,PIBT_PLUS,1,235904,202985,1034,1034,674
brc202d.map,5,480,PIBT_PLUS,1,244030,207287,1034,1034,14431
brc202d.map,5,530,PIBT_PLUS,1,269115,230055,1035,1034,15134
brc202d.map,5,540,PIBT_PLUS,1,272851,233729,1034,1034,1721
brc202d.map,5,550,PIBT_PLUS,1,278604,238338,1037,1034,1971
brc202d.map,5,560,PIBT_PLUS,1,285653,241928,1034,1034,1151
brc202d.map,5,490,PIBT_PLUS,1,247656,212054,1035,1034,15170
brc202d.map,5,500,PIBT_PLUS,1,251315,215801,1035,1034,2027
brc202d.map,5,510,PIBT_PLUS,1,257094,221160,1035,1034,2109
brc202d.map,5,520,PIBT_PLUS,1,264220,225042,1035,1034,1922
brc202d.map,5,570,PIBT_PLUS,1,289571,247431,1037,1034,2182
brc202d.map,5,580,PIBT_PLUS,1,298482,252142,1035,1034,2149
brc202d.map,5,590,PIBT_PLUS,1,300074,256327,1037,1034,2001
brc202d.map,5,600,PIBT_PLUS,1,304147,258575,1034,1034,980
brc202d.map,5,690,HCA,0,0,290577,-1,1034,30013
brc202d.map,5,700,HCA,1,309505,295370,1034,1034,9935
brc202d.map,5,710,HCA,1,315160,300461,1034,1034,14202
brc202d.map,5,720,HCA,0,0,305640,-1,1064,30006
brc202d.map,3,730,PushAndSwap,0,51249,301449,2001,1068,277192
brc202d.map,3,740,PushAndSwap,0,51329,305287,2001,1068,19873
brc202d.map,3,750,PushAndSwap,0,50207,308857,2001,1068,70211
brc202d.map,3,760,PushAndSwap,0,51593,312127,2001,1068,448870
brc202d.map,5,610,PIBT_PLUS,1,309007,261839,1035,1034,1688
brc202d.map,5,620,PIBT_PLUS,1,313334,266314,1035,1034,2293
brc202d.map,5,630,PIBT_PLUS,1,317944,269128,1034,1034,1985
brc202d.map,5,640,PIBT_PLUS,1,321091,272229,1034,1034,1930
brc202d.map,5,650,PIBT_PLUS,1,328274,275503,1034,1034,1333
brc202d.map,5,660,PIBT_PLUS,1,331694,278674,1037,1034,2550
brc202d.map,5,670,PIBT_PLUS,1,336687,282975,1034,1034,1968
brc202d.map,5,680,PIBT_PLUS,1,343632,287435,1035,1034,2538
brc202d.map,5,690,PIBT_PLUS,1,347667,290577,1034,1034,1643
brc202d.map,5,700,PIBT_PLUS,1,354351,295370,1034,1034,2124
brc202d.map,5,710,PIBT_PLUS,1,363171,300461,1035,1034,2731
brc202d.map,5,720,PIBT_PLUS,1,370095,305640,1064,1064,1889
brc202d.map,5,730,PIBT_PLUS,1,375731,310051,1064,1064,2203
brc202d.map,5,740,PIBT_PLUS,1,377960,313919,1064,1064,2044
brc202d.map,5,750,PIBT_PLUS,1,383937,317874,1064,1064,2098
brc202d.map,5,760,PIBT_PLUS,1,388232,321638,1064,1064,2392
brc202d.map,5,770,PIBT_PLUS,1,392974,325609,1064,1064,2158
brc202d.map,5,780,PIBT_PLUS,1,396620,329951,1064,1064,2121
brc202d.map,5,790,PIBT_PLUS,1,404126,334618,1064,1064,2127
brc202d.map,5,800,PIBT_PLUS,1,406715,339008,1064,1064,2466
brc202d.map,5,810,PIBT_PLUS,1,414219,343260,1064,1064,1998
brc202d.map,5,820,PIBT_PLUS,1,420717,348390,1064,1064,3199
brc202d.map,5,830,PIBT_PLUS,1,429523,352749,1064,1064,2002
brc202d.map,5,840,PIBT_PLUS,1,431574,356603,1064,1064,1588
brc202d.map,5,10,PushAndSwap,1,11429,5308,1728,995,158
brc202d.map,5,20,PushAndSwap,1,25718,8705,1869,995,305
brc202d.map,5,30,PushAndSwap,0,29583,12604,2001,1018,168
brc202d.map,5,40,PushAndSwap,0,19854,17371,2001,1018,315
brc202d.map,5,50,PushAndSwap,0,22297,20497,2001,1018,145
brc202d.map,5,60,PushAndSwap,0,17482,22632,2001,1018,278
brc202d.map,5,70,PushAndSwap,0,20472,27525,2001,1018,177
brc202d.map,5,80,PushAndSwap,0,35806,33658,2001,1034,273
brc202d.map,4,770,PushAndSwap --no-compress,0,182434576,315425,320535,1102,8439
brc202d.map,4,780,PushAndSwap --no-compress,0,186756987,319118,324326,1102,11557
brc202d.map,4,790,PushAndSwap --no-compress,0,191280740,322913,328247,1102,5361
brc202d.map,4,800,PushAndSwap --no-compress,0,196677268,328018,333456,1102,7029
brc202d.map,5,850,PIBT_PLUS,1,438148,360190,1064,1064,1967
brc202d.map,5,860,PIBT_PLUS,1,441459,364291,1064,1064,2230
brc202d.map,5,870,PIBT_PLUS,1,446413,369704,1064,1064,5634
brc202d.map,5,880,PIBT_PLUS,1,454906,374331,1064,1064,1497
brc202d.map,5,890,PIBT_PLUS,1,459196,376884,1064,1064,2524
brc202d.map,5,900,PIBT_PLUS,1,464006,380482,1064,1064,4467
brc202d.map,5,910,PIBT_PLUS,1,470354,383661,1064,1064,1586
brc202d.map,5,920,PIBT_PLUS,1,473721,387823,1064,1064,1325
brc202d.map,5,90,PushAndSwap,0,41569,39142,2001,1034,310
brc202d.map,5,100,PushAndSwap,0,44711,44179,2001,1034,320
brc202d.map,5,110,PushAndSwap,0,38039,48606,2001,1034,320
brc202d.map,5,120,PushAndSwap,0,41933,52258,2001,1034,330
brc202d.map,5,130,PushAndSwap,0,42069,56210,2001,1034,368
brc202d.map,5,140,PushAndSwap,0,46334,59415,2001,1034,575
brc202d.map,5,150,PushAndSwap,0,43629,63458,2001,1034,449
brc202d.map,5,160,PushAndSwap,0,49293,68073,2001,1034,621
brc202d.map,5,810,HCA,1,359524,343260,1064,1064,12958
brc202d.map,5,820,HCA,1,365649,348390,1064,1064,19184
brc202d.map,5,830,HCA,0,0,352749,-1,1064,30004
brc202d.map,5,840,HCA,0,0,356603,-1,1064,30784
brc202d.map,5,170,PushAndSwap,0,42231,71295,2001,1034,595
brc202d.map,5,180,PushAndSwap,0,36606,76178,2001,1034,638
brc202d.map,5,190,PushAndSwap,0,36163,80564,2001,1034,853
brc202d.map,5,200,PushAndSwap,0,36614,84680,2001,1034,1142
brc202d.map,5,970,PIBT_PLUS,1,503071,407104,1064,1064,4011
brc202d.map,5,980,PIBT_PLUS,1,510743,412049,1064,1064,1589
brc202d.map,5,990,PIBT_PLUS,1,515337,416851,1064,1064,1675
brc202d.map,5,1000,PIBT_PLUS,1,522021,421236,1064,1064,2520
brc202d.map,5,930,PIBT_PLUS,1,477799,392017,1064,1064,5368
brc202d.map,5,940,PIBT_PLUS,1,484659,396467,1064,1064,1608
brc202d.map,5,950,PIBT_PLUS,1,491597,399856,1064,1064,1422
brc202d.map,5,960,PIBT_PLUS,1,496883,403209,1064,1064,1896
brc202d.map,5,210,PushAndSwap,0,35264,88285,2001,1034,773
brc202d.map,5,220,PushAndSwap,0,36003,93113,2001,1034,1293
brc202d.map,5,230,PushAndSwap,0,35770,97041,2001,1034,1066
brc202d.map,5,240,PushAndSwap,0,36100,100940,2001,1034,1223
brc202d.map,5,250,PushAndSwap,0,35986,103394,2001,1034,1131
brc202d.map,5,260,PushAndSwap,0,36276,108295,2001,1034,1621
brc202d.map,5,270,PushAndSwap,0,38152,111900,2001,1034,1298
brc202d.map,5,280,PushAndSwap,0,38548,117216,2001,1034,1609
brc202d.map,5,290,PushAndSwap,0,42748,122094,2001,1034,1958
brc202d.map,5,300,PushAndSwap,0,42663,126314,2001,1034,1521
brc202d.map,5,310,PushAndSwap,0,41561,131991,2001,1034,1618
brc202d.map,5,320,PushAndSwap,0,40542,135715,2001,1034,2261
brc202d.map,4,850,PushAndSwap --no-compress,-1,-1,-1,-1,-1,-1
brc202d.map,4,860,PushAndSwap --no-compress,-1,-1,-1,-1,-1,-1
brc202d.map,4,870,PushAndSwap --no-compress,0,233286864,358074,364344,1102,9222
brc202d.map,4,880,PushAndSwap --no-compress,0,238544897,361286,367864,1102,8938
brc202d.map,5,330,PushAndSwap,0,37913,140619,2001,1034,2117
brc202d.map,5,340,PushAndSwap,0,47585,145495,2001,1034,2107
brc202d.map,5,350,PushAndSwap,0,41448,149179,2001,1034,2948
brc202d.map,5,360,PushAndSwap,0,42563,152963,2001,1034,2879
brc202d.map,5,370,PushAndSwap,0,45466,156396,2001,1034,2253
brc202d.map,5,380,PushAndSwap,0,45824,160190,2001,1034,2479
brc202d.map,5,390,PushAndSwap,0,47896,165706,2001,1034,2887
brc202d.map,5,400,PushAndSwap,0,51614,171699,2001,1034,2814
brc202d.map,5,410,PushAndSwap,0,51602,175604,2001,1034,2646
brc202d.map,5,420,PushAndSwap,0,51949,179957,2001,1034,3496
brc202d.map,5,430,PushAndSwap,0,52504,185572,2001,1034,4070
brc202d.map,5,440,PushAndSwap,0,50204,189009,2001,1034,3705
brc202d.map,5,450,PushAndSwap,0,45474,194337,2001,1034,3655
brc202d.map,5,460,PushAndSwap,0,45273,200210,2001,1034,4293
brc202d.map,5,470,PushAndSwap,0,45510,202985,2001,1034,3990
brc202d.map,5,480,PushAndSwap,0,50800,207287,2001,1034,7356
brc202d.map,5,850,HCA,0,0,360190,-1,1064,30007
brc202d.map,5,860,HCA,0,0,364291,-1,1064,30006
brc202d.map,5,870,HCA,1,389505,369704,1064,1064,25743
brc202d.map,5,880,HCA,1,395024,374331,1064,1064,27477
brc202d.map,5,770,HCA,0,0,325609,-1,1064,30010
brc202d.map,5,780,HCA,0,0,329951,-1,1064,30127
brc202d.map,5,790,HCA,0,0,334618,-1,1064,30920
brc202d.map,5,800,HCA,0,0,339008,-1,1064,30852
brc202d.map,5,730,HCA,1,325863,310051,1064,1064,29124
brc202d.map,5,740,HCA,0,0,313919,-1,1064,33554
brc202d.map,5,750,HCA,0,0,317874,-1,1064,30014
brc202d.map,5,760,HCA,0,0,321638,-1,1064,30520
brc202d.map,5,890,HCA,0,0,376884,-1,1064,30234
brc202d.map,5,900,HCA,0,0,380482,-1,1064,30003
brc202d.map,5,910,HCA,0,0,383661,-1,1064,30148
brc202d.map,5,920,HCA,0,0,387823,-1,1064,30015
brc202d.map,5,930,HCA,0,0,392017,-1,1064,30516
brc202d.map,5,940,HCA,0,0,396467,-1,1064,30015
brc202d.map,5,950,HCA,1,422635,399856,1064,1064,29367
brc202d.map,5,960,HCA,0,0,403209,-1,1064,32214
brc202d.map,5,970,HCA,0,0,407104,-1,1064,35684
brc202d.map,5,980,HCA,0,0,412049,-1,1064,30035
brc202d.map,5,990,HCA,0,0,416851,-1,1064,30008
brc202d.map,5,1000,HCA,0,0,421236,-1,1064,30004
brc202d.map,5,10,PushAndSwap --no-compress,0,36882,5308,5308,995,12
brc202d.map,5,20,PushAndSwap --no-compress,0,123494,8705,8711,995,22
brc202d.map,5,30,PushAndSwap --no-compress,0,267451,12604,12610,1018,38
brc202d.map,5,40,PushAndSwap --no-compress,0,485217,17371,17377,1018,53
brc202d.map,5,50,PushAndSwap --no-compress,0,721981,20497,20503,1018,79
brc202d.map,5,60,PushAndSwap --no-compress,0,967956,22632,22638,1018,76
brc202d.map,5,70,PushAndSwap --no-compress,0,1366467,27525,27531,1018,130
brc202d.map,5,80,PushAndSwap --no-compress,0,1914352,33658,33664,1034,321
brc202d.map,5,90,PushAndSwap --no-compress,0,2514338,39142,39160,1034,1009
brc202d.map,5,100,PushAndSwap --no-compress,0,3128256,44179,44197,1034,129
brc202d.map,5,110,PushAndSwap --no-compress,0,3783840,48606,48630,1034,108
brc202d.map,5,120,PushAndSwap --no-compress,0,4434088,52258,52282,1034,111
brc202d.map,5,130,PushAndSwap --no-compress,0,5180047,56210,56252,1034,138
brc202d.map,5,140,PushAndSwap --no-compress,0,5982934,59415,59471,1034,253
brc202d.map,5,150,PushAndSwap --no-compress,0,6874986,63458,63556,1034,652
brc202d.map,5,160,PushAndSwap --no-compress,0,7839667,68073,68171,1034,390
brc202d.map,5,170,PushAndSwap --no-compress,0,8730230,71295,71411,1034,207
brc202d.map,5,180,PushAndSwap --no-compress,0,9850980,76178,76294,1034,343
brc202d.map,5,190,PushAndSwap --no-compress,0,10991601,80564,80692,1034,1136
brc202d.map,5,200,PushAndSwap --no-compress,0,12172149,84680,84814,1034,383
brc202d.map,5,890,PushAndSwap,-1,-1,-1,-1,-1,-1
brc202d.map,5,900,PushAndSwap,-1,-1,-1,-1,-1,-1
brc202d.map,5,910,PushAndSwap,-1,-1,-1,-1,-1,-1
brc202d.map,5,920,PushAndSwap,-1,-1,-1,-1,-1,-1
brc202d.map,5,210,PushAndSwap --no-compress,0,13362609,88285,88433,1034,254
brc202d.map,5,220,PushAndSwap --no-compress,0,14787289,93113,93329,1034,539
brc202d.map,5,230,PushAndSwap --no-compress,0,16158457,97041,97295,1034,485
brc202d.map,5,240,PushAndSwap --no-compress,0,17537344,100940,101448,1034,915
brc202d.map,5,930,PushAndSwap,-1,-1,-1,-1,-1,-1
brc202d.map,5,940,PushAndSwap,-1,-1,-1,-1,-1,-1
brc202d.map,5,950,PushAndSwap,-1,-1,-1,-1,-1,-1
brc202d.map,5,960,PushAndSwap,-1,-1,-1,-1,-1,-1
brc202d.map,5,250,PushAndSwap --no-compress,0,18768348,103394,103932,1034,374
brc202d.map,5,260,PushAndSwap --no-compress,0,20386288,108295,108869,1034,741
brc202d.map,5,270,PushAndSwap --no-compress,0,21827484,111900,112506,1034,1165
brc202d.map,5,280,PushAndSwap --no-compress,0,23668605,117216,117834,1034,1260
brc202d.map,5,490,PushAndSwap,0,50900,212054,2001,1034,3759
brc202d.map,5,500,PushAndSwap,0,52933,215801,2001,1034,7601
brc202d.map,5,510,PushAndSwap,0,58415,221160,2001,1034,10899
brc202d.map,5,520,PushAndSwap,0,58610,225042,2001,1034,46950
brc202d.map,5,290,PushAndSwap --no-compress,0,25622401,122094,122754,1034,711
brc202d.map,5,300,PushAndSwap --no-compress,0,27358781,126314,126990,1034,496
brc202d.map,5,310,PushAndSwap --no-compress,0,29465142,131991,132683,1034,556
brc202d.map,5,320,PushAndSwap --no-compress,0,31231299,135715,136419,1034,631
brc202d.map,5,330,PushAndSwap --no-compress,0,33308696,140619,141361,1034,540
brc202d.map,5,340,PushAndSwap --no-compress,0,35514021,145495,146269,1034,663
brc202d.map,5,350,PushAndSwap --no-compress,0,37518696,149179,149717,1034,772
brc202d.map,5,360,PushAndSwap --no-compress,0,39590563,152963,153509,1034,1513
brc202d.map,5,370,PushAndSwap --no-compress,0,41705014,156396,157014,1034,628
brc202d.map,5,380,PushAndSwap --no-compress,0,44043359,160190,161036,1034,914
brc202d.map,5,390,PushAndSwap --no-compress,0,46811335,165706,166600,1034,1793
brc202d.map,5,400,PushAndSwap --no-compress,0,49805897,171699,172633,1034,2304
brc202d.map,5,410,PushAndSwap --no-compress,0,52196571,175604,176558,1034,938
brc202d.map,5,420,PushAndSwap --no-compress,0,55070949,179957,181101,1034,1806
brc202d.map,5,430,PushAndSwap --no-compress,0,58096393,185572,186788,1034,2892
brc202d.map,5,440,PushAndSwap --no-compress,0,60650738,189009,190245,1034,1569
brc202d.map,5,450,PushAndSwap --no-compress,0,63662022,194337,195609,1034,2107
brc202d.map,5,460,PushAndSwap --no-compress,0,67057316,200210,201548,1034,3670
brc202d.map,5,470,PushAndSwap --no-compress,0,69533267,202985,204373,1034,1878
brc202d.map,5,480,PushAndSwap --no-compress,0,72737401,207287,208843,1034,3335
brc202d.map,5,970,PushAndSwap,-1,-1,-1,-1,-1,-1
brc202d.map,5,980,PushAndSwap,-1,-1,-1,-1,-1,-1
brc202d.map,5,990,PushAndSwap,-1,-1,-1,-1,-1,-1
brc202d.map,5,1000,PushAndSwap,-1,-1,-1,-1,-1,-1
brc202d.map,5,490,PushAndSwap --no-compress,0,75898981,212054,213640,1034,3919
brc202d.map,5,500,PushAndSwap --no-compress,0,78878032,215801,217451,1034,2141
brc202d.map,5,510,PushAndSwap --no-compress,0,82659886,221160,222862,1034,3431
brc202d.map,5,520,PushAndSwap --no-compress,0,85760201,225042,226896,1034,3433
brc202d.map,5,530,PushAndSwap --no-compress,0,89168696,230055,232073,1034,3203
brc202d.map,5,540,PushAndSwap --no-compress,0,92379062,233729,235813,1034,3065
brc202d.map,5,550,PushAndSwap --no-compress,0,95716651,238338,240448,1034,3935
brc202d.map,5,560,PushAndSwap --no-compress,0,99129034,241928,244144,1034,1919
brc202d.map,5,570,PushAndSwap --no-compress,0,102947426,247431,249633,1034,2450
brc202d.map,5,580,PushAndSwap --no-compress,0,106782408,252142,254482,1034,4206
brc202d.map,5,590,PushAndSwap --no-compress,0,110471478,256327,258737,1034,2380
brc202d.map,5,600,PushAndSwap --no-compress,0,113608465,258575,261007,1034,4233
brc202d.map,5,610,PushAndSwap --no-compress,0,117101206,261839,264333,1034,3998
brc202d.map,5,620,PushAndSwap --no-compress,0,121005726,266314,268804,1034,3117
brc202d.map,5,630,PushAndSwap --no-compress,0,124294741,269128,271644,1034,4333
brc202d.map,5,640,PushAndSwap --no-compress,0,127708749,272229,274777,1034,3962
brc202d.map,5,650,PushAndSwap --no-compress,0,131355390,275503,278101,1034,2604
brc202d.map,5,660,PushAndSwap --no-compress,0,135443530,278674,281336,1034,4779
brc202d.map,5,670,PushAndSwap --no-compress,0,139470484,282975,285691,1034,3312
brc202d.map,5,680,PushAndSwap --no-compress,0,144064776,287435,290191,1034,3712
brc202d.map,3,810,PushAndSwap --no-compress,0,203939629,330864,337038,1068,9135
brc202d.map,3,820,PushAndSwap --no-compress,0,208824009,334249,340491,1068,6124
brc202d.map,3,830,PushAndSwap --no-compress,0,214220852,339018,345274,1068,6760
brc202d.map,3,840,PushAndSwap --no-compress,-1,-1,-1,-1,-1,-1
brc202d.map,5,850,PushAndSwap,-1,-1,-1,-1,-1,-1
brc202d.map,5,860,PushAndSwap,-1,-1,-1,-1,-1,-1
brc202d.map,5,870,PushAndSwap,-1,-1,-1,-1,-1,-1
brc202d.map,5,880,PushAndSwap,-1,-1,-1,-1,-1,-1
brc202d.map,3,810,PushAndSwap,0,42286,330864,2001,1068,401492
brc202d.map,3,820,PushAndSwap,0,36287,334249,2001,1068,378164
brc202d.map,3,830,PushAndSwap,-1,-1,-1,-1,-1,-1
brc202d.map,3,840,PushAndSwap,-1,-1,-1,-1,-1,-1
brc202d.map,4,690,PushAndSwap,0,37501,282322,2001,1102,38267
brc202d.map,4,700,PushAndSwap,0,37509,286236,2001,1102,8093
brc202d.map,4,710,PushAndSwap,0,38768,290819,2001,1102,397408
brc202d.map,4,720,PushAndSwap,0,38752,294511,2001,1102,118889
brc202d.map,6,10,PIBT,1,5074,5066,996,996,8
brc202d.map,6,20,PIBT,1,8774,8758,996,996,18
brc202d.map,6,30,PIBT,1,14070,14044,996,996,35
brc202d.map,6,40,PIBT,1,17849,17809,1003,1003,34
brc202d.map,6,50,PIBT,1,22967,22899,1003,1003,71
brc202d.map,6,60,PIBT,1,27140,26577,1003,1003,79
brc202d.map,6,70,PIBT,1,32089,31324,1003,1003,88
brc202d.map,6,80,PIBT,1,36977,36116,1003,1003,98
brc202d.map,6,90,PIBT,1,40649,39731,1003,1003,129
brc202d.map,6,100,PIBT,1,45360,44324,1003,1003,129
brc202d.map,6,110,PIBT,1,51373,49541,1003,1003,156
brc202d.map,6,120,PIBT,1,55299,53472,1010,1010,151
brc202d.map,6,130,PIBT,1,60710,58322,1010,1010,96
brc202d.map,6,140,PIBT,1,64088,61645,1010,1010,102
brc202d.map,6,150,PIBT,1,68108,65507,1010,1010,192
brc202d.map,6,160,PIBT,1,71985,68768,1010,1010,142
brc202d.map,6,170,PIBT,1,76811,73198,1010,1010,192
brc202d.map,6,180,PIBT,1,82052,77815,1010,1010,148
brc202d.map,6,190,PIBT,1,85668,81424,1010,1010,213
brc202d.map,6,200,PIBT,1,89019,83809,1010,1010,319
brc202d.map,6,210,PIBT,1,94626,88615,1010,1010,157
brc202d.map,6,220,PIBT,1,98723,92210,1010,1010,237
brc202d.map,6,230,PIBT,1,103350,95847,1010,1010,209
brc202d.map,6,240,PIBT,1,108741,99862,1010,1010,327
brc202d.map,6,250,PIBT,1,113760,103550,1010,1010,232
brc202d.map,6,260,PIBT,1,118117,107522,1010,1010,286
brc202d.map,6,270,PIBT,1,125047,112641,1010,1010,290
brc202d.map,6,280,PIBT,1,130980,116808,1010,1010,437
brc202d.map,6,290,PIBT,1,136097,121570,1010,1010,343
brc202d.map,6,300,PIBT,1,142626,126513,1010,1010,354
brc202d.map,6,310,PIBT,1,148164,131458,1010,1010,464
brc202d.map,6,320,PIBT,1,151466,133829,1010,1010,241
brc202d.map,6,330,PIBT,1,155042,136639,1010,1010,338
brc202d.map,6,340,PIBT,1,162098,141109,1010,1010,541
brc202d.map,6,350,PIBT,1,164842,146191,1010,1010,289
brc202d.map,6,360,PIBT,1,169351,150108,1010,1010,729
brc202d.map,5,850,PushAndSwap --no-compress,-1,-1,-1,-1,-1,-1
brc202d.map,5,860,PushAndSwap --no-compress,-1,-1,-1,-1,-1,-1
brc202d.map,5,870,PushAndSwap --no-compress,-1,-1,-1,-1,-1,-1
brc202d.map,5,880,PushAndSwap --no-compress,-1,-1,-1,-1,-1,-1
brc202d.map,6,370,PIBT,1,174207,154385,1010,1010,306
brc202d.map,6,380,PIBT,1,178940,158129,1010,1010,518
brc202d.map,6,390,PIBT,1,183116,160817,1010,1010,374
brc202d.map,6,400,PIBT,1,185888,163943,1010,1010,400
brc202d.map,6,450,PIBT,1,214310,185544,1010,1010,2476
brc202d.map,6,460,PIBT,1,221972,190084,1010,1010,6076
brc202d.map,6,470,PIBT,1,227294,195074,1053,1053,1947
brc202d.map,6,480,PIBT,1,234824,200103,1053,1053,935
brc202d.map,6,410,PIBT,1,193567,168363,1010,1010,450
brc202d.map,6,420,PIBT,1,196017,171094,1010,1010,3055
brc202d.map,6,430,PIBT,1,203011,176277,1010,1010,2554
brc202d.map,6,440,PIBT,1,208789,182022,1010,1010,289
brc202d.map,6,490,PIBT,1,241798,205329,1053,1053,393
brc202d.map,6,500,PIBT,1,247910,210546,1053,1053,525
brc202d.map,6,510,PIBT,1,252219,213980,1053,1053,713
brc202d.map,6,520,PIBT,1,256406,216802,1053,1053,430
brc202d.map,6,530,PIBT,1,260915,220432,1053,1053,432
brc202d.map,6,540,PIBT,1,266966,225362,1053,1053,744
brc202d.map,6,550,PIBT,1,271423,228193,1053,1053,718
brc202d.map,6,560,PIBT,1,276100,233318,1053,1053,674
brc202d.map,5,930,PushAndSwap --no-compress,-1,-1,-1,-1,-1,-1
brc202d.map,5,940,PushAndSwap --no-compress,-1,-1,-1,-1,-1,-1
brc202d.map,5,950,PushAndSwap --no-compress,-1,-1,-1,-1,-1,-1
brc202d.map,5,960,PushAndSwap --no-compress,-1,-1,-1,-1,-1,-1
brc202d.map,6,570,PIBT,1,283338,236806,1053,1053,789
brc202d.map,6,580,PIBT,1,288531,241311,1053,1053,1147
brc202d.map,6,590,PIBT,1,293750,245883,1053,1053,518
brc202d.map,6,600,PIBT,1,297021,249015,1053,1053,563
brc202d.map,6,610,PIBT,1,309682,254876,1053,1053,1088
brc202d.map,6,620,PIBT,1,314564,260122,1053,1053,891
brc202d.map,6,630,PIBT,1,318310,263239,1053,1053,502
brc202d.map,6,640,PIBT,1,321779,266126,1053,1053,710
brc202d.map,5,690,PushAndSwap --no-compress,0,147816604,290577,293333,1034,3685
brc202d.map,5,700,PushAndSwap --no-compress,0,153020914,295370,298220,1034,4898
brc202d.map,5,710,PushAndSwap --no-compress,0,158080461,300461,303931,1034,4823
brc202d.map,5,720,PushAndSwap --no-compress,0,162877201,305640,309128,1064,8072
brc202d.map,6,650,PIBT,1,331361,271183,1053,1053,729
brc202d.map,6,660,PIBT,1,336628,275167,1053,1053,597
brc202d.map,6,670,PIBT,1,341824,279996,1053,1053,862
brc202d.map,6,680,PIBT,1,346528,284603,1053,1053,792
brc202d.map,6,690,PIBT,1,354702,288861,1053,1053,589
brc202d.map,6,700,PIBT,1,360130,293331,1053,1053,693
brc202d.map,6,710,PIBT,1,364472,298427,1053,1053,831
brc202d.map,6,720,PIBT,1,371062,302389,1053,1053,835
brc202d.map,6,730,PIBT,1,373184,305372,1053,1053,970
brc202d.map,6,740,PIBT,1,379190,308232,1053,1053,790
brc202d.map,6,750,PIBT,1,382573,312870,1053,1053,895
brc202d.map,6,760,PIBT,1,389949,317013,1053,1053,1073
brc202d.map,6,770,PIBT,1,399905,322539,1053,1053,828
brc202d.map,6,780,PIBT,1,403582,326115,1053,1053,1189
brc202d.map,6,790,PIBT,1,409406,329715,1053,1053,1090
brc202d.map,6,800,PIBT,1,411345,333497,1053,1053,841
brc202d.map,6,810,PIBT,1,420871,337724,1053,1053,765
brc202d.map,6,820,PIBT,1,422511,340502,1053,1053,1172
brc202d.map,6,830,PIBT,1,427317,345308,1053,1053,892
brc202d.map,6,840,PIBT,1,432812,350296,1053,1053,779
brc202d.map,5,530,PushAndSwap,0,58763,230055,2001,1034,8459
brc202d.map,5,540,PushAndSwap,0,58784,233729,2001,1034,8795
brc202d.map,5,550,PushAndSwap,0,58923,238338,2001,1034,11734
brc202d.map,5,560,PushAndSwap,0,61296,241928,2001,1034,192710
brc202d.map,6,850,PIBT,1,438762,354956,1053,1053,843
brc202d.map,6,860,PIBT,1,444686,357986,1053,1053,967
brc202d.map,6,870,PIBT,1,448192,361742,1053,1053,1073
brc202d.map,6,880,PIBT,1,452946,366807,1053,1053,1048
brc202d.map,6,890,PIBT,1,462660,369926,1053,1053,894
brc202d.map,6,900,PIBT,1,466638,373332,1053,1053,1135
brc202d.map,6,910,PIBT,1,472605,377756,1053,1053,1201
brc202d.map,6,920,PIBT,1,476290,381197,1053,1053,1162
brc202d.map,6,10,HCA,1,5070,5066,996,996,1478
brc202d.map,6,20,HCA,1,8762,8758,996,996,291
brc202d.map,6,30,HCA,1,14054,14044,996,996,1192
brc202d.map,6,40,HCA,1,17821,17809,1003,1003,1149
brc202d.map,6,50,HCA,1,22915,22899,1003,1003,1359
brc202d.map,6,60,HCA,1,26804,26577,1003,1003,765
brc202d.map,6,70,HCA,1,31651,31324,1003,1003,933
brc202d.map,6,80,HCA,1,36451,36116,1003,1003,836
brc202d.map,6,930,PIBT,1,482312,384201,1053,1053,1214
brc202d.map,6,940,PIBT,1,489755,388384,1053,1053,1321
brc202d.map,6,950,PIBT,1,499010,393152,1053,1053,1258
brc202d.map,6,960,PIBT,1,497542,397017,1053,1053,1176
brc202d.map,6,970,PIBT,1,505931,400642,1053,1053,1459
brc202d.map,6,980,PIBT,1,511227,404714,1053,1053,1195
brc202d.map,6,990,PIBT,1,518574,409964,1053,1053,1302
brc202d.map,6,1000,PIBT,1,523814,414110,1053,1053,1300
brc202d.map,6,90,HCA,1,40074,39731,1003,1003,1419
brc202d.map,6,100,HCA,1,44686,44324,1003,1003,1860
brc202d.map,6,110,HCA,1,49913,49541,1003,1003,1844
brc202d.map,6,120,HCA,1,53854,53472,1010,1010,2739
brc202d.map,6,130,HCA,1,58720,58322,1010,1010,2536
brc202d.map,6,140,HCA,1,62054,61645,1010,1010,2756
brc202d.map,6,150,HCA,1,65926,65507,1010,1010,1906
brc202d.map,6,160,HCA,1,69194,68768,1010,1010,2223
brc202d.map,6,170,HCA,1,73746,73198,1010,1010,2433
brc202d.map,6,180,HCA,1,78376,77815,1010,1010,3832
brc202d.map,6,190,HCA,1,81994,81424,1010,1010,2519
brc202d.map,6,200,HCA,1,84388,83809,1010,1010,1989
brc202d.map,6,210,HCA,1,89205,88615,1010,1010,3997
brc202d.map,6,220,HCA,1,92868,92210,1010,1010,2699
brc202d.map,6,230,HCA,1,96728,95847,1010,1010,3232
brc202d.map,6,240,HCA,1,100810,99862,1010,1010,1348
brc202d.map,6,250,HCA,1,105062,103550,1010,1010,3994
brc202d.map,6,260,HCA,1,109038,107522,1010,1010,2908
brc202d.map,6,270,HCA,1,114265,112641,1010,1010,2928
brc202d.map,6,280,HCA,1,118331,116808,1010,1010,2640
brc202d.map,6,290,HCA,1,123112,121570,1010,1010,3535
brc202d.map,6,300,HCA,1,128201,126513,1010,1010,3671
brc202d.map,6,310,HCA,1,133853,131458,1010,1010,1963
brc202d.map,6,320,HCA,1,136348,133829,1010,1010,3683
brc202d.map,5,730,PushAndSwap --no-compress,0,167363566,310051,313575,1064,5577
brc202d.map,5,740,PushAndSwap --no-compress,0,172172005,313919,317557,1064,4973
brc202d.map,5,750,PushAndSwap --no-compress,0,176854419,317874,321690,1064,6129
brc202d.map,5,760,PushAndSwap --no-compress,0,181197503,321638,325452,1064,5653
brc202d.map,6,330,HCA,1,139171,136639,1010,1010,4077
brc202d.map,6,340,HCA,1,143718,141109,1010,1010,2230
brc202d.map,6,350,HCA,1,148944,146191,1010,1010,3391
brc202d.map,6,360,HCA,1,153313,150108,1010,1010,4880
brc202d.map,6,370,HCA,1,157819,154385,1010,1010,3505
brc202d.map,6,380,HCA,1,161599,158129,1010,1010,4333
brc202d.map,6,390,HCA,1,164251,160817,1010,1010,4807
brc202d.map,6,400,HCA,1,167934,163943,1010,1010,4607
brc202d.map,6,410,HCA,1,172371,168363,1010,1010,4333
brc202d.map,6,420,HCA,1,175150,171094,1010,1010,4703
brc202d.map,6,430,HCA,1,180018,176277,1010,1010,4695
brc202d.map,6,440,HCA,1,186169,182022,1010,1010,6558
brc202d.map,6,450,HCA,1,191155,185544,1010,1010,5803
brc202d.map,6,460,HCA,1,195844,190084,1010,1010,5308
brc202d.map,6,470,HCA,1,200699,195074,1053,1053,7612
brc202d.map,6,480,HCA,1,206113,200103,1053,1053,4989
brc202d.map,5,970,PushAndSwap --no-compress,-1,-1,-1,-1,-1,-1
brc202d.map,5,980,PushAndSwap --no-compress,-1,-1,-1,-1,-1,-1
brc202d.map,5,990,PushAndSwap --no-compress,-1,-1,-1,-1,-1,-1
brc202d.map,5,1000,PushAndSwap --no-compress,-1,-1,-1,-1,-1,-1
brc202d.map,6,490,HCA,1,211417,205329,1053,1053,9541
brc202d.map,6,500,HCA,1,216876,210546,1053,1053,8373
brc202d.map,6,510,HCA,1,220232,213980,1053,1053,11570
brc202d.map,6,520,HCA,1,223129,216802,1053,1053,12560
brc202d.map,6,530,HCA,1,226597,220432,1053,1053,7012
brc202d.map,6,540,HCA,1,231949,225362,1053,1053,13707
brc202d.map,6,550,HCA,1,235387,228193,1053,1053,10898
brc202d.map,6,560,HCA,1,241164,233318,1053,1053,12335
brc202d.map,6,570,HCA,1,244843,236806,1053,1053,17010
brc202d.map,6,580,HCA,1,249545,241311,1053,1053,9999
brc202d.map,6,590,HCA,1,254334,245883,1053,1053,14701
brc202d.map,6,600,HCA,1,258023,249015,1053,1053,7475
brc202d.map,6,650,HCA,1,283428,271183,1053,1053,11395
brc202d.map,6,660,HCA,1,288118,275167,1053,1053,13812
brc202d.map,6,670,HCA,1,293011,279996,1053,1053,16306
brc202d.map,6,680,HCA,0,0,284603,-1,1053,30017
brc202d.map,6,610,HCA,1,265388,254876,1053,1053,11184
brc202d.map,6,620,HCA,1,270915,260122,1053,1053,19935
brc202d.map,6,630,HCA,1,273891,263239,1053,1053,18915
brc202d.map,6,640,HCA,0,0,266126,-1,1053,30018
brc202d.map,5,570,PushAndSwap,0,58243,247431,2001,1034,10028
brc202d.map,5,580,PushAndSwap,0,57906,252142,2001,1034,8426
brc202d.map,5,590,PushAndSwap,0,60956,256327,2001,1034,318246
brc202d.map,5,600,PushAndSwap,0,61016,258575,2001,1034,9444
brc202d.map,6,690,HCA,1,301899,288861,1053,1053,17907
brc202d.map,6,700,HCA,1,306503,293331,1053,1053,17251
brc202d.map,6,710,HCA,0,0,298427,-1,1053,30005
brc202d.map,6,720,HCA,1,316513,302389,1053,1053,23760
brc202d.map,6,10,PIBT_PLUS,1,5074,5066,996,996,13
brc202d.map,6,20,PIBT_PLUS,1,8774,8758,996,996,43
brc202d.map,6,30,PIBT_PLUS,1,14070,14044,996,996,61
brc202d.map,6,40,PIBT_PLUS,1,17849,17809,1003,1003,81
brc202d.map,6,50,PIBT_PLUS,1,22967,22899,1003,1003,99
brc202d.map,6,60,PIBT_PLUS,1,27140,26577,1003,1003,149
brc202d.map,6,70,PIBT_PLUS,1,32089,31324,1003,1003,155
brc202d.map,6,80,PIBT_PLUS,1,36977,36116,1003,1003,165
brc202d.map,6,90,PIBT_PLUS,1,40649,39731,1003,1003,212
brc202d.map,6,100,PIBT_PLUS,1,45360,44324,1003,1003,206
brc202d.map,6,110,PIBT_PLUS,1,51373,49541,1003,1003,121
brc202d.map,6,120,PIBT_PLUS,1,55299,53472,1010,1010,311
brc202d.map,6,130,PIBT_PLUS,1,60710,58322,1010,1010,332
brc202d.map,6,140,PIBT_PLUS,1,64088,61645,1010,1010,392
brc202d.map,6,150,PIBT_PLUS,1,68108,65507,1010,1010,368
brc202d.map,6,160,PIBT_PLUS,1,71985,68768,1010,1010,274
brc202d.map,6,730,HCA,1,319613,305372,1053,1053,21211
brc202d.map,6,740,HCA,1,322890,308232,1053,1053,9549
brc202d.map,6,750,HCA,1,328165,312870,1053,1053,14012
brc202d.map,6,760,HCA,0,0,317013,-1,1053,30002
brc202d.map,6,170,PIBT_PLUS,1,76811,73198,1010,1010,388
brc202d.map,6,180,PIBT_PLUS,1,82052,77815,1010,1010,285
brc202d.map,6,190,PIBT_PLUS,1,85668,81424,1010,1010,649
brc202d.map,6,200,PIBT_PLUS,1,89019,83809,1010,1010,260
brc202d.map,6,210,PIBT_PLUS,1,94626,88615,1010,1010,567
brc202d.map,6,220,PIBT_PLUS,1,98723,92210,1010,1010,851
brc202d.map,6,230,PIBT_PLUS,1,103350,95847,1010,1010,306
brc202d.map,6,240,PIBT_PLUS,1,108741,99862,1010,1010,759
brc202d.map,6,250,PIBT_PLUS,1,113760,103550,1010,1010,813
brc202d.map,6,260,PIBT_PLUS,1,118117,107522,1010,1010,1340
brc202d.map,6,270,PIBT_PLUS,1,125047,112641,1010,1010,964
brc202d.map,6,280,PIBT_PLUS,1,130980,116808,1010,1010,1069
brc202d.map,6,290,PIBT_PLUS,1,136097,121570,1010,1010,1158
brc202d.map,6,300,PIBT_PLUS,1,142626,126513,1010,1010,670
brc202d.map,6,310,PIBT_PLUS,1,148164,131458,1010,1010,1073
brc202d.map,6,320,PIBT_PLUS,1,151466,133829,1010,1010,862
brc202d.map,6,330,PIBT_PLUS,1,155042,136639,1010,1010,375
brc202d.map,6,340,PIBT_PLUS,1,162098,141109,1010,1010,738
brc202d.map,6,350,PIBT_PLUS,1,164842,146191,1010,1010,673
brc202d.map,6,360,PIBT_PLUS,1,169351,150108,1010,1010,1080
brc202d.map,6,370,PIBT_PLUS,1,174207,154385,1010,1010,816
brc202d.map,6,380,PIBT_PLUS,1,178940,158129,1010,1010,731
brc202d.map,6,390,PIBT_PLUS,1,183116,160817,1010,1010,1012
brc202d.map,6,400,PIBT_PLUS,1,185888,163943,1010,1010,801
brc202d.map,6,410,PIBT_PLUS,1,193567,168363,1010,1010,846
brc202d.map,6,420,PIBT_PLUS,1,196017,171094,1010,1010,984
brc202d.map,6,430,PIBT_PLUS,1,203011,176277,1010,1010,919
brc202d.map,6,440,PIBT_PLUS,1,208789,182022,1010,1010,785
brc202d.map,6,450,PIBT_PLUS,1,214310,185544,1010,1010,1017
brc202d.map,6,460,PIBT_PLUS,1,221972,190084,1010,1010,929
brc202d.map,6,470,PIBT_PLUS,1,227294,195074,1053,1053,774
brc202d.map,6,480,PIBT_PLUS,1,234824,200103,1053,1053,948
brc202d.map,6,490,PIBT_PLUS,1,241798,205329,1053,1053,901
brc202d.map,6,500,PIBT_PLUS,1,247910,210546,1053,1053,1320
brc202d.map,6,510,PIBT_PLUS,1,252219,213980,1053,1053,1085
brc202d.map,6,520,PIBT_PLUS,1,256406,216802,1053,1053,993
brc202d.map,5,690,PushAndSwap,0,66178,290577,2001,1034,72065
brc202d.map,5,700,PushAndSwap,0,65976,295370,2001,1034,8060
brc202d.map,5,710,PushAndSwap,0,67362,300461,2001,1034,13961
brc202d.map,5,720,PushAndSwap,0,67070,305640,2001,1064,291108
brc202d.map,6,530,PIBT_PLUS,1,260915,220432,1053,1053,1339
brc202d.map,6,540,PIBT_PLUS,1,266966,225362,1053,1053,1244
brc202d.map,6,550,PIBT_PLUS,1,271423,228193,1053,1053,1033
brc202d.map,6,560,PIBT_PLUS,1,276100,233318,1053,1053,632
brc202d.map,6,810,HCA,1,355264,337724,1053,1053,14814
brc202d.map,6,820,HCA,0,0,340502,-1,1053,30017
brc202d.map,6,830,HCA,1,362312,345308,1053,1053,23476
brc202d.map,6,840,HCA,1,367623,350296,1053,1053,26711
brc202d.map,6,570,PIBT_PLUS,1,283338,236806,1053,1053,527
brc202d.map,6,580,PIBT_PLUS,1,288531,241311,1053,1053,564
brc202d.map,6,590,PIBT_PLUS,1,293750,245883,1053,1053,993
brc202d.map,6,600,PIBT_PLUS,1,297021,249015,1053,1053,1327
brc202d.map,6,610,PIBT_PLUS,1,309682,254876,1053,1053,631
brc202d.map,6,620,PIBT_PLUS,1,314564,260122,1053,1053,1173
brc202d.map,6,630,PIBT_PLUS,1,318310,263239,1053,1053,1448
brc202d.map,6,640,PIBT_PLUS,1,321779,266126,1053,1053,2144
brc202d.map,5,610,PushAndSwap,0,62940,261839,2001,1034,221997
brc202d.map,5,620,PushAndSwap,0,61704,266314,2001,1034,83192
brc202d.map,5,630,PushAndSwap,0,61508,269128,2001,1034,61945
brc202d.map,5,640,PushAndSwap,0,61341,272229,2001,1034,27479
brc202d.map,6,650,PIBT_PLUS,1,331361,271183,1053,1053,913
brc202d.map,6,660,PIBT_PLUS,1,336628,275167,1053,1053,1241
brc202d.map,6,670,PIBT_PLUS,1,341824,279996,1053,1053,2118
brc202d.map,6,680,PIBT_PLUS,1,346528,284603,1053,1053,949
brc202d.map,6,690,PIBT_PLUS,1,354702,288861,1053,1053,1277
brc202d.map,6,700,PIBT_PLUS,1,360130,293331,1053,1053,1525
brc202d.map,6,710,PIBT_PLUS,1,364472,298427,1053,1053,2091
brc202d.map,6,720,PIBT_PLUS,1,371062,302389,1053,1053,1733
brc202d.map,6,770,HCA,0,0,322539,-1,1053,30129
brc202d.map,6,780,HCA,1,342052,326115,1053,1053,16145
brc202d.map,6,790,HCA,1,347099,329715,1053,1053,29455
brc202d.map,6,800,HCA,1,350982,333497,1053,1053,29298
brc202d.map,6,730,PIBT_PLUS,1,373184,305372,1053,1053,2330
brc202d.map,6,740,PIBT_PLUS,1,379190,308232,1053,1053,1713
brc202d.map,6,750,PIBT_PLUS,1,382573,312870,1053,1053,4569
brc202d.map,6,760,PIBT_PLUS,1,389949,317013,1053,1053,1267
brc202d.map,6,770,PIBT_PLUS,1,399905,322539,1053,1053,1607
brc202d.map,6,780,PIBT_PLUS,1,403582,326115,1053,1053,6258
brc202d.map,6,790,PIBT_PLUS,1,409406,329715,1053,1053,921
brc202d.map,6,800,PIBT_PLUS,1,411345,333497,1053,1053,1192
brc202d.map,4,810,PushAndSwap --no-compress,0,201384058,331305,336837,1102,7612
brc202d.map,4,820,PushAndSwap --no-compress,0,206787605,336033,341627,1102,7140
brc202d.map,4,830,PushAndSwap --no-compress,0,211785105,340105,345909,1102,7883
brc202d.map,4,840,PushAndSwap --no-compress,0,216596722,343578,349466,1102,6486
brc202d.map,6,10,PushAndSwap,0,12705,5066,2001,996,86
brc202d.map,6,20,PushAndSwap,0,25385,8758,2001,996,101
brc202d.map,6,30,PushAndSwap,0,20456,14044,2001,996,107
brc202d.map,6,40,PushAndSwap,0,19294,17809,2001,1003,170
brc202d.map,6,810,PIBT_PLUS,1,420871,337724,1053,1053,1821
brc202d.map,6,820,PIBT_PLUS,1,422511,340502,1053,1053,5267
brc202d.map,6,830,PIBT_PLUS,1,427317,345308,1053,1053,1416
brc202d.map,6,840,PIBT_PLUS,1,432812,350296,1053,1053,923
brc202d.map,6,50,PushAndSwap,0,22671,22899,2001,1003,150
brc202d.map,6,60,PushAndSwap,0,20439,26577,2001,1003,225
brc202d.map,6,70,PushAndSwap,0,21537,31324,2001,1003,456
brc202d.map,6,80,PushAndSwap,0,17582,36116,2001,1003,330
brc202d.map,6,850,PIBT_PLUS,1,438762,354956,1053,1053,4820
brc202d.map,6,860,PIBT_PLUS,1,444686,357986,1053,1053,1760
brc202d.map,6,870,PIBT_PLUS,1,448192,361742,1053,1053,1854
brc202d.map,6,880,PIBT_PLUS,1,452946,366807,1053,1053,1424
brc202d.map,6,90,PushAndSwap,0,17804,39731,2001,1003,452
brc202d.map,6,100,PushAndSwap,0,23994,44324,2001,1003,365
brc202d.map,6,110,PushAndSwap,0,24770,49541,2001,1003,436
brc202d.map,6,120,PushAndSwap,0,30732,53472,2001,1010,408
brc202d.map,6,930,PIBT_PLUS,1,482312,384201,1053,1053,2154
brc202d.map,6,940,PIBT_PLUS,1,489755,388384,1053,1053,1843
brc202d.map,6,950,PIBT_PLUS,1,499010,393152,1053,1053,1205
brc202d.map,6,960,PIBT_PLUS,1,497542,397017,1053,1053,1426
brc202d.map,6,130,PushAndSwap,0,33979,58322,2001,1010,499
brc202d.map,6,140,PushAndSwap,0,35043,61645,2001,1010,503
brc202d.map,6,150,PushAndSwap,0,36522,65507,2001,1010,651
brc202d.map,6,160,PushAndSwap,0,35208,68768,2001,1010,886
brc202d.map,6,890,PIBT_PLUS,1,462660,369926,1053,1053,8482
brc202d.map,6,900,PIBT_PLUS,1,466638,373332,1053,1053,990
brc202d.map,6,910,PIBT_PLUS,1,472605,377756,1053,1053,1128
brc202d.map,6,920,PIBT_PLUS,1,476290,381197,1053,1053,1286
brc202d.map,6,170,PushAndSwap,0,36339,73198,2001,1010,694
brc202d.map,6,180,PushAndSwap,0,39153,77815,2001,1010,975
brc202d.map,6,190,PushAndSwap,0,39400,81424,2001,1010,1003
brc202d.map,6,200,PushAndSwap,0,43519,83809,2001,1010,909
brc202d.map,6,210,PushAndSwap,0,49842,88615,2001,1010,843
brc202d.map,6,220,PushAndSwap,0,49901,92210,2001,1010,1086
brc202d.map,6,230,PushAndSwap,0,53063,95847,2001,1010,1139
brc202d.map,6,240,PushAndSwap,0,53122,99862,2001,1010,1204
brc202d.map,6,970,PIBT_PLUS,1,505931,400642,1053,1053,1825
brc202d.map,6,980,PIBT_PLUS,1,511227,404714,1053,1053,1572
brc202d.map,6,990,PIBT_PLUS,1,518574,409964,1053,1053,1671
brc202d.map,6,1000,PIBT_PLUS,1,523814,414110,1053,1053,1301
brc202d.map,6,250,PushAndSwap,0,54352,103550,2001,1010,1236
brc202d.map,6,260,PushAndSwap,0,54548,107522,2001,1010,1130
brc202d.map,6,270,PushAndSwap,0,55357,112641,2001,1010,1523
brc202d.map,6,280,PushAndSwap,0,53039,116808,2001,1010,1949
brc202d.map,6,290,PushAndSwap,0,56461,121570,2001,1010,1556
brc202d.map,6,300,PushAndSwap,0,56128,126513,2001,1010,1841
brc202d.map,6,310,PushAndSwap,0,58120,131458,2001,1010,2319
brc202d.map,6,320,PushAndSwap,0,58171,133829,2001,1010,2556
brc202d.map,6,330,PushAndSwap,0,61282,136639,2001,1010,1980
brc202d.map,6,340,PushAndSwap,0,61362,141109,2001,1010,2487
brc202d.map,6,350,PushAndSwap,0,63430,146191,2001,1010,2803
brc202d.map,6,360,PushAndSwap,0,55038,150108,2001,1010,3052
brc202d.map,6,370,PushAndSwap,0,55109,154385,2001,1010,2663
brc202d.map,6,380,PushAndSwap,0,58596,158129,2001,1010,2893
brc202d.map,6,390,PushAndSwap,0,58720,160817,2001,1010,3524
brc202d.map,6,400,PushAndSwap,0,59711,163943,2001,1010,3149
brc202d.map,6,850,HCA,0,0,354956,-1,1053,30048
brc202d.map,6,860,HCA,0,0,357986,-1,1053,30070
brc202d.map,6,870,HCA,0,0,361742,-1,1053,30143
brc202d.map,6,880,HCA,0,0,366807,-1,1053,30001
brc202d.map,5,730,PushAndSwap,0,66254,310051,2001,1064,255639
brc202d.map,5,740,PushAndSwap,0,66209,313919,2001,1064,35954
brc202d.map,5,750,PushAndSwap,0,64290,317874,2001,1064,60981
brc202d.map,5,760,PushAndSwap,0,67176,321638,2001,1064,70982
brc202d.map,6,410,PushAndSwap,0,59694,168363,2001,1010,3572
brc202d.map,6,420,PushAndSwap,0,59984,171094,2001,1010,3750
brc202d.map,6,430,PushAndSwap,0,59573,176277,2001,1010,3426
brc202d.map,6,440,PushAndSwap,0,59730,182022,2001,1010,4319
brc202d.map,6,890,HCA,0,0,369926,-1,1053,30009
brc202d.map,6,900,HCA,0,0,373332,-1,1053,30006
brc202d.map,6,910,HCA,0,0,377756,-1,1053,30007
brc202d.map,6,920,HCA,0,0,381197,-1,1053,30209
brc202d.map,6,970,HCA,1,424555,400642,1053,1053,28812
brc202d.map,6,980,HCA,1,431423,404714,1053,1053,26077
brc202d.map,6,990,HCA,1,436647,409964,1053,1053,26805
brc202d.map,6,1000,HCA,0,0,414110,-1,1053,30173
brc202d.map,6,450,PushAndSwap,0,57593,185544,2001,1010,3906
brc202d.map,6,460,PushAndSwap,0,61591,190084,2001,1010,4852
brc202d.map,6,470,PushAndSwap,0,31340,195074,2001,1053,7839
brc202d.map,6,480,PushAndSwap,0,43229686,200103,185490,1053,30006
brc202d.map,5,890,PushAndSwap --no-compress,-1,-1,-1,-1,-1,-1
brc202d.map,5,900,PushAndSwap --no-compress,-1,-1,-1,-1,-1,-1
brc202d.map,5,910,PushAndSwap --no-compress,0,263115086,383661,390167,1064,27340
brc202d.map,5,920,PushAndSwap --no-compress,-1,-1,-1,-1,-1,-1
brc202d.map,4,810,PushAndSwap,0,41443,331305,2001,1102,422560
brc202d.map,4,820,PushAndSwap,-1,-1,-1,-1,-1,-1
brc202d.map,4,830,PushAndSwap,0,40742,340105,2001,1102,295774
brc202d.map,4,840,PushAndSwap,-1,-1,-1,-1,-1,-1
brc202d.map,5,650,PushAndSwap,0,64454,275503,2001,1034,222644
brc202d.map,5,660,PushAndSwap,0,62561,278674,2001,1034,137961
brc202d.map,5,670,PushAndSwap,0,64955,282975,2001,1034,106618
brc202d.map,5,680,PushAndSwap,0,63054,287435,2001,1034,17656
brc202d.map,6,10,PushAndSwap --no-compress,0,35363,5066,5066,996,10
brc202d.map,6,20,PushAndSwap --no-compress,0,119667,8758,8758,996,15
brc202d.map,6,30,PushAndSwap --no-compress,0,281421,14044,14044,996,23
brc202d.map,6,40,PushAndSwap --no-compress,0,491406,17809,17857,1003,53
brc202d.map,6,50,PushAndSwap --no-compress,0,780480,22899,22959,1003,79
brc202d.map,6,60,PushAndSwap --no-compress,0,1107330,26577,26753,1003,148
brc202d.map,6,70,PushAndSwap --no-compress,0,1516277,31324,31524,1003,189
brc202d.map,6,80,PushAndSwap --no-compress,0,1986401,36116,36328,1003,386
brc202d.map,6,90,PushAndSwap --no-compress,0,2449437,39731,39957,1003,258
brc202d.map,6,100,PushAndSwap --no-compress,0,3077402,44324,44580,1003,476
brc202d.map,6,110,PushAndSwap --no-compress,0,3756213,49541,49707,1003,554
brc202d.map,6,120,PushAndSwap --no-compress,0,4465550,53472,53662,1010,296
brc202d.map,6,490,PushAndSwap,0,30555,205329,2001,1053,5056
brc202d.map,6,500,PushAndSwap,0,31657,210546,2001,1053,8205
brc202d.map,6,510,PushAndSwap,0,31538,213980,2001,1053,57106
brc202d.map,6,520,PushAndSwap,0,31618,216802,2001,1053,6312
brc202d.map,6,130,PushAndSwap --no-compress,0,5329983,58322,58548,1010,257
brc202d.map,6,140,PushAndSwap --no-compress,0,6093940,61645,61883,1010,248
brc202d.map,6,150,PushAndSwap --no-compress,0,6982559,65507,65919,1010,302
brc202d.map,6,160,PushAndSwap --no-compress,0,7897478,68768,69200,1010,379
brc202d.map,6,170,PushAndSwap --no-compress,0,8916522,73198,73666,1010,391
brc202d.map,6,180,PushAndSwap --no-compress,0,10034649,77815,78311,1010,555
brc202d.map,6,190,PushAndSwap --no-compress,0,11108294,81424,81956,1010,750
brc202d.map,6,200,PushAndSwap --no-compress,0,12067880,83809,84341,1010,837
brc202d.map,6,930,HCA,1,407053,384201,1053,1053,25117
brc202d.map,6,940,HCA,0,0,388384,-1,1053,30006
brc202d.map,6,950,HCA,0,0,393152,-1,1053,61763
brc202d.map,6,960,HCA,0,0,397017,-1,1053,30007
brc202d.map,6,210,PushAndSwap --no-compress,0,13409929,88615,89173,1010,653
brc202d.map,6,220,PushAndSwap --no-compress,0,14663844,92210,92822,1010,851
brc202d.map,6,230,PushAndSwap --no-compress,0,15881088,95847,96477,1010,1323
brc202d.map,6,240,PushAndSwap --no-compress,0,17231698,99862,100504,1010,867
brc202d.map,4,730,PushAndSwap,0,39651,298760,2001,1102,39173
brc202d.map,4,740,PushAndSwap,0,40507,303007,2001,1102,379982
brc202d.map,4,750,PushAndSwap,0,40719,306639,2001,1102,18835
brc202d.map,4,760,PushAndSwap,0,40776,311193,2001,1102,503554
brc202d.map,6,250,PushAndSwap --no-compress,0,18628169,103550,104212,1010,1067
brc202d.map,6,260,PushAndSwap --no-compress,0,20104760,107522,108208,1010,998
brc202d.map,6,270,PushAndSwap --no-compress,0,21842435,112641,113397,1010,541
brc202d.map,6,280,PushAndSwap --no-compress,0,23533570,116808,117624,1010,948
brc202d.map,6,290,PushAndSwap --no-compress,0,25359982,121570,122416,1010,1102
brc202d.map,6,300,PushAndSwap --no-compress,0,27390808,126513,127509,1010,922
brc202d.map,6,310,PushAndSwap --no-compress,0,29497306,131458,132566,1010,1147
brc202d.map,6,320,PushAndSwap --no-compress,0,31247892,133829,134997,1010,1259
brc202d.map,6,330,PushAndSwap --no-compress,0,33078682,136639,137861,1010,1335
brc202d.map,6,340,PushAndSwap --no-compress,0,35123257,141109,142373,1010,1177
brc202d.map,6,350,PushAndSwap --no-compress,0,37364530,146191,147519,1010,1336
brc202d.map,6,360,PushAndSwap --no-compress,0,39418270,150108,151438,1010,2533
brc202d.map,6,370,PushAndSwap --no-compress,0,41647340,154385,155839,1010,1189
brc202d.map,6,380,PushAndSwap --no-compress,0,43839733,158129,159637,1010,1407
brc202d.map,6,390,PushAndSwap --no-compress,0,45938631,160817,162345,1010,3887
brc202d.map,6,400,PushAndSwap --no-compress,0,48041941,163943,165541,1010,24737
brc202d.map,6,410,PushAndSwap --no-compress,0,50478486,168363,169973,1010,2205
brc202d.map,6,420,PushAndSwap --no-compress,0,52601449,171094,172718,1010,12403
brc202d.map,6,430,PushAndSwap --no-compress,0,55509543,176277,178033,1010,16013
brc202d.map,6,440,PushAndSwap --no-compress,0,58524836,182022,183874,1010,4179
brc202d.map,6,450,PushAndSwap --no-compress,0,61168480,185544,187468,1010,4580
brc202d.map,6,460,PushAndSwap --no-compress,0,64157865,190084,192110,1010,24564
brc202d.map,6,470,PushAndSwap --no-compress,0,67264617,195074,197134,1053,4701
brc202d.map,6,480,PushAndSwap --no-compress,0,70539761,200103,202273,1053,4437
brc202d.map,6,490,PushAndSwap --no-compress,0,73866720,205329,207647,1053,25528
brc202d.map,6,500,PushAndSwap --no-compress,0,77495915,210546,212908,1053,4623
brc202d.map,6,510,PushAndSwap --no-compress,0,80564755,213980,216394,1053,4310
brc202d.map,6,520,PushAndSwap --no-compress,0,83175237,216802,219242,1053,3712
brc202d.map,6,530,PushAndSwap --no-compress,0,86162404,220432,222960,1053,4581
brc202d.map,6,540,PushAndSwap --no-compress,0,89632743,225362,227986,1053,4156
brc202d.map,6,550,PushAndSwap --no-compress,0,92597833,228193,230893,1053,4338
brc202d.map,6,560,PushAndSwap --no-compress,0,96336045,233318,236094,1053,3892
brc202d.map,6,970,PushAndSwap,-1,-1,-1,-1,-1,-1
brc202d.map,6,980,PushAndSwap,-1,-1,-1,-1,-1,-1
brc202d.map,6,990,PushAndSwap,-1,-1,-1,-1,-1,-1
brc202d.map,6,1000,PushAndSwap,-1,-1,-1,-1,-1,-1
brc202d.map,6,930,PushAndSwap,-1,-1,-1,-1,-1,-1
brc202d.map,6,940,PushAndSwap,-1,-1,-1,-1,-1,-1
brc202d.map,6,950,PushAndSwap,-1,-1,-1,-1,-1,-1
brc202d.map,6,960,PushAndSwap,-1,-1,-1,-1,-1,-1
brc202d.map,6,890,PushAndSwap,-1,-1,-1,-1,-1,-1
brc202d.map,6,900,PushAndSwap,-1,-1,-1,-1,-1,-1
brc202d.map,6,910,PushAndSwap,-1,-1,-1,-1,-1,-1
brc202d.map,6,920,PushAndSwap,-1,-1,-1,-1,-1,-1
brc202d.map,6,610,PushAndSwap --no-compress,0,114725576,254876,257876,1053,6064
brc202d.map,6,620,PushAndSwap --no-compress,0,118904791,260122,263182,1053,8758
brc202d.map,6,630,PushAndSwap --no-compress,0,122406774,263239,266439,1053,6019
brc202d.map,6,640,PushAndSwap --no-compress,0,126000601,266126,269420,1053,8067
brc202d.map,6,570,PushAndSwap,0,34106,236806,2001,1053,124972
brc202d.map,6,580,PushAndSwap,0,34457,241311,2001,1053,13362
brc202d.map,6,590,PushAndSwap,0,35383,245883,2001,1053,19854
brc202d.map,6,600,PushAndSwap,0,35431,249015,2001,1053,25533
brc202d.map,25,810,PushAndSwap,-1,-1,-1,-1,-1,-1
brc202d.map,25,820,PushAndSwap,-1,-1,-1,-1,-1,-1
brc202d.map,25,830,PushAndSwap,-1,-1,-1,-1,-1,-1
brc202d.map,25,840,PushAndSwap,-1,-1,-1,-1,-1,-1
brc202d.map,6,650,PushAndSwap --no-compress,0,130146774,271183,274449,1053,5002
brc202d.map,6,660,PushAndSwap --no-compress,0,134738500,275167,278547,1053,8153
brc202d.map,6,670,PushAndSwap --no-compress,0,139182473,279996,283518,1053,6241
brc202d.map,6,680,PushAndSwap --no-compress,0,143782658,284603,288459,1053,6634
brc202d.map,6,850,PushAndSwap,-1,-1,-1,-1,-1,-1
brc202d.map,6,860,PushAndSwap,-1,-1,-1,-1,-1,-1
brc202d.map,6,870,PushAndSwap,-1,-1,-1,-1,-1,-1
brc202d.map,6,880,PushAndSwap,-1,-1,-1,-1,-1,-1
brc202d.map,7,10,PIBT,1,3522,3511,571,571,7
brc202d.map,7,20,PIBT,1,8067,7834,927,927,14
brc202d.map,7,30,PIBT,1,12509,11572,927,927,20
brc202d.map,7,40,PIBT,1,17634,16656,927,927,28
brc202d.map,7,50,PIBT,1,24071,22459,964,964,36
brc202d.map,7,60,PIBT,1,28169,25908,964,964,42
brc202d.map,7,70,PIBT,1,32213,29699,964,964,50
brc202d.map,7,80,PIBT,1,35875,33347,964,964,53
brc202d.map,7,90,PIBT,1,38680,36735,964,964,70
brc202d.map,7,100,PIBT,1,43446,41239,964,964,107
brc202d.map,7,110,PIBT,1,49016,45766,964,964,111
brc202d.map,7,120,PIBT,1,53284,49900,964,964,132
brc202d.map,6,850,PushAndSwap --no-compress,-1,-1,-1,-1,-1,-1
brc202d.map,6,860,PushAndSwap --no-compress,-1,-1,-1,-1,-1,-1
brc202d.map,6,870,PushAndSwap --no-compress,-1,-1,-1,-1,-1,-1
brc202d.map,6,880,PushAndSwap --no-compress,-1,-1,-1,-1,-1,-1
brc202d.map,7,130,PIBT,1,58218,54617,964,964,229
brc202d.map,7,140,PIBT,1,61126,57274,964,964,100
brc202d.map,7,150,PIBT,1,65204,61077,964,964,103
brc202d.map,7,160,PIBT,1,70743,65703,964,964,117
brc202d.map,7,170,PIBT,1,74516,69195,964,964,112
brc202d.map,7,180,PIBT,1,78962,72507,964,964,125
brc202d.map,7,190,PIBT,1,84022,76195,965,964,122
brc202d.map,7,200,PIBT,1,88592,80697,964,964,145
brc202d.map,7,210,PIBT,1,92800,84651,967,964,137
brc202d.map,7,220,PIBT,1,98661,88664,965,964,166
brc202d.map,7,230,PIBT,1,102960,93111,970,964,169
brc202d.map,7,240,PIBT,1,106095,96176,965,964,188
brc202d.map,7,250,PIBT,1,109219,100014,964,964,192
brc202d.map,7,260,PIBT,1,114335,104144,964,964,205
brc202d.map,7,270,PIBT,1,120363,108537,983,983,254
brc202d.map,7,280,PIBT,1,123706,112194,983,983,213
brc202d.map,7,290,PIBT,1,128735,116732,983,983,277
brc202d.map,7,300,PIBT,1,133247,120117,983,983,255
brc202d.map,7,310,PIBT,1,138692,124395,983,983,294
brc202d.map,7,320,PIBT,1,145495,129053,989,989,357
brc202d.map,7,330,PIBT,1,153225,135105,1057,1057,1048
brc202d.map,7,340,PIBT,1,154523,138124,1057,1057,903
brc202d.map,7,350,PIBT,1,160434,143236,1057,1057,722
brc202d.map,7,360,PIBT,1,166896,147706,1057,1057,2102
brc202d.map,7,370,PIBT,1,174730,152229,1059,1057,2455
brc202d.map,7,380,PIBT,1,176423,154686,1057,1057,478
brc202d.map,7,390,PIBT,1,182533,159017,1057,1057,310
brc202d.map,7,400,PIBT,1,185486,163588,1057,1057,410
brc202d.map,7,410,PIBT,1,190382,167350,1057,1057,406
brc202d.map,7,420,PIBT,1,193858,170594,1057,1057,332
brc202d.map,7,430,PIBT,1,201089,175099,1057,1057,371
brc202d.map,7,440,PIBT,1,208820,178895,1059,1057,458
brc202d.map,6,930,PushAndSwap --no-compress,-1,-1,-1,-1,-1,-1
brc202d.map,6,940,PushAndSwap --no-compress,-1,-1,-1,-1,-1,-1
brc202d.map,6,950,PushAndSwap --no-compress,-1,-1,-1,-1,-1,-1
brc202d.map,6,960,PushAndSwap --no-compress,0,291347354,397017,405451,1053,17363
brc202d.map,7,450,PIBT,1,211286,183871,1057,1057,348
brc202d.map,7,460,PIBT,1,218535,188644,1057,1057,338
brc202d.map,7,470,PIBT,1,225820,194821,1057,1057,380
brc202d.map,7,480,PIBT,1,230073,199139,1057,1057,396
brc202d.map,7,490,PIBT,1,237374,204372,1059,1057,330
brc202d.map,7,500,PIBT,1,241230,207964,1057,1057,396
brc202d.map,7,510,PIBT,1,246537,211479,1057,1057,415
brc202d.map,7,520,PIBT,1,251032,215455,1057,1057,439
brc202d.map,7,530,PIBT,1,259828,219711,1059,1057,398
brc202d.map,7,540,PIBT,1,265942,224117,1057,1057,382
brc202d.map,7,550,PIBT,1,273579,228832,1059,1057,443
brc202d.map,7,560,PIBT,1,275833,233331,1057,1057,422
brc202d.map,7,570,PIBT,1,283631,237224,1057,1057,463
brc202d.map,7,580,PIBT,1,283753,240578,1057,1057,461
brc202d.map,7,590,PIBT,1,293938,245944,1057,1057,483
brc202d.map,7,600,PIBT,1,298970,248939,1057,1057,521
brc202d.map,7,610,PIBT,1,307241,253143,1057,1057,503
brc202d.map,7,620,PIBT,1,310861,257451,1057,1057,466
brc202d.map,7,630,PIBT,1,316878,261639,1057,1057,527
brc202d.map,7,640,PIBT,1,320243,265555,1057,1057,497
brc202d.map,7,650,PIBT,1,330654,271045,1059,1059,521
brc202d.map,7,660,PIBT,1,338399,275991,1059,1059,546
brc202d.map,7,670,PIBT,1,338327,279224,1059,1059,648
brc202d.map,7,680,PIBT,1,344697,282665,1059,1059,803
brc202d.map,7,690,PIBT,1,347634,286261,1059,1059,554
brc202d.map,7,700,PIBT,1,355213,291141,1059,1059,782
brc202d.map,7,710,PIBT,1,359485,295648,1059,1059,843
brc202d.map,7,720,PIBT,1,364834,298567,1059,1059,693
brc202d.map,7,730,PIBT,1,369694,302208,1061,1059,664
brc202d.map,7,740,PIBT,1,374866,307082,1059,1059,893
brc202d.map,7,750,PIBT,1,377519,310856,1059,1059,1176
brc202d.map,7,760,PIBT,1,387320,314782,1059,1059,1009
brc202d.map,7,770,PIBT,1,387967,318200,1059,1059,1044
brc202d.map,7,780,PIBT,1,395754,322423,1059,1059,837
brc202d.map,7,790,PIBT,1,405832,326618,1059,1059,1014
brc202d.map,7,800,PIBT,1,405178,330465,1059,1059,873
brc202d.map,6,570,PushAndSwap --no-compress,0,99684027,236806,239652,1053,5336
brc202d.map,6,580,PushAndSwap --no-compress,0,103533406,241311,244235,1053,5301
brc202d.map,6,590,PushAndSwap --no-compress,0,107169856,245883,248755,1053,6059
brc202d.map,6,600,PushAndSwap --no-compress,0,110439966,249015,251925,1053,6990
brc202d.map,7,810,PIBT,1,410958,334723,1059,1059,1049
brc202d.map,7,820,PIBT,1,419276,336840,1059,1059,1407
brc202d.map,7,830,PIBT,1,424033,340266,1059,1059,772
brc202d.map,7,840,PIBT,1,426152,344575,1059,1059,772
brc202d.map,7,850,PIBT,1,433933,349773,1059,1059,979
brc202d.map,7,860,PIBT,1,439313,355021,1059,1059,979
brc202d.map,7,870,PIBT,1,452367,360078,1059,1059,1169
brc202d.map,7,880,PIBT,1,458664,365154,1059,1059,1084
brc202d.map,7,890,PIBT,1,463496,369199,1059,1059,1787
brc202d.map,7,900,PIBT,1,466120,373538,1059,1059,789
brc202d.map,7,910,PIBT,1,474412,376736,1059,1059,838
brc202d.map,7,920,PIBT,1,476991,381537,1059,1059,904
brc202d.map,7,10,HCA,1,3511,3511,571,571,564
brc202d.map,7,20,HCA,1,7981,7834,927,927,1939
brc202d.map,7,30,HCA,1,11973,11572,927,927,709
brc202d.map,7,40,HCA,1,17069,16656,927,927,1908
brc202d.map,7,930,PIBT,1,480187,385089,1059,1059,1168
brc202d.map,7,940,PIBT,1,488776,388687,1059,1059,1006
brc202d.map,7,950,PIBT,1,495996,393279,1059,1059,900
brc202d.map,7,960,PIBT,1,502256,397133,1059,1059,1657
brc202d.map,7,970,PIBT,1,506943,400919,1059,1059,992
brc202d.map,7,980,PIBT,1,511045,403288,1059,1059,1636
brc202d.map,7,990,PIBT,1,513654,407676,1059,1059,1628
brc202d.map,7,1000,PIBT,1,519269,412184,1059,1059,1411
brc202d.map,7,50,HCA,1,23142,22459,964,964,1619
brc202d.map,7,60,HCA,1,26600,25908,964,964,2189
brc202d.map,7,70,HCA,1,30395,29699,964,964,2004
brc202d.map,7,80,HCA,1,34076,33347,964,964,1584
brc202d.map,7,90,HCA,1,37470,36735,964,964,2042
brc202d.map,7,100,HCA,1,42573,41239,964,964,1830
brc202d.map,7,110,HCA,1,47116,45766,964,964,1565
brc202d.map,7,120,HCA,1,51269,49900,964,964,497
brc202d.map,6,530,PushAndSwap,0,31839,220432,2001,1053,5763
brc202d.map,6,540,PushAndSwap,0,32944,225362,2001,1053,254072
brc202d.map,6,550,PushAndSwap,0,33058,228193,2001,1053,10881
brc202d.map,6,560,PushAndSwap,0,34099,233318,2001,1053,15551
brc202d.map,7,130,HCA,1,56001,54617,964,964,938
brc202d.map,7,140,HCA,1,58665,57274,964,964,991
brc202d.map,7,150,HCA,1,62480,61077,964,964,1627
brc202d.map,7,160,HCA,1,67118,65703,964,964,846
brc202d.map,7,170,HCA,1,70740,69195,964,964,2023
brc202d.map,7,180,HCA,1,74063,72507,964,964,1807
brc202d.map,7,190,HCA,1,77651,76195,964,964,895
brc202d.map,7,200,HCA,1,82326,80697,964,964,2109
brc202d.map,7,210,HCA,1,86284,84651,964,964,1251
brc202d.map,7,220,HCA,1,90310,88664,964,964,914
brc202d.map,7,230,HCA,1,94775,93111,964,964,2136
brc202d.map,7,240,HCA,1,97844,96176,964,964,3425
brc202d.map,7,250,HCA,1,101706,100014,964,964,2029
brc202d.map,7,260,HCA,1,105979,104144,964,964,2894
brc202d.map,7,270,HCA,1,110355,108537,983,983,3439
brc202d.map,7,280,HCA,1,114037,112194,983,983,5821
brc202d.map,7,290,HCA,1,118588,116732,983,983,2542
brc202d.map,7,300,HCA,1,122135,120117,983,983,5600
brc202d.map,7,310,HCA,1,126425,124395,983,983,6165
brc202d.map,7,320,HCA,1,131131,129053,989,989,4722
brc202d.map,6,610,PushAndSwap,0,37088,254876,2001,1053,253577
brc202d.map,6,620,PushAndSwap,0,37063,260122,2001,1053,13539
brc202d.map,6,630,PushAndSwap,0,36964,263239,2001,1053,13353
brc202d.map,6,640,PushAndSwap,0,37030,266126,2001,1053,22980
brc202d.map,6,970,PushAndSwap --no-compress,-1,-1,-1,-1,-1,-1
brc202d.map,6,980,PushAndSwap --no-compress,0,303969032,404714,414000,1053,5885
brc202d.map,6,990,PushAndSwap --no-compress,-1,-1,-1,-1,-1,-1
brc202d.map,6,1000,PushAndSwap --no-compress,-1,-1,-1,-1,-1,-1
brc202d.map,7,330,HCA,1,137260,135105,1057,1057,7451
brc202d.map,7,340,HCA,1,140561,138124,1057,1057,6408
brc202d.map,7,350,HCA,1,145875,143236,1057,1057,4993
brc202d.map,7,360,HCA,1,150997,147706,1057,1057,13535
brc202d.map,7,370,HCA,1,155955,152229,1057,1057,8500
brc202d.map,7,380,HCA,1,158522,154686,1057,1057,6581
brc202d.map,7,390,HCA,1,162859,159017,1057,1057,12778
brc202d.map,7,400,HCA,1,167616,163588,1057,1057,4913
brc202d.map,6,890,PushAndSwap --no-compress,-1,-1,-1,-1,-1,-1
brc202d.map,6,900,PushAndSwap --no-compress,-1,-1,-1,-1,-1,-1
brc202d.map,6,910,PushAndSwap --no-compress,-1,-1,-1,-1,-1,-1
brc202d.map,6,920,PushAndSwap --no-compress,-1,-1,-1,-1,-1,-1
brc202d.map,6,690,PushAndSwap --no-compress,0,148741946,288861,292925,1053,8516
brc202d.map,6,700,PushAndSwap --no-compress,0,153070318,293331,297449,1053,9111
brc202d.map,6,710,PushAndSwap --no-compress,0,158103923,298427,302625,1053,6240
brc202d.map,6,720,PushAndSwap --no-compress,0,162598193,302389,306665,1053,6992
brc202d.map,6,650,PushAndSwap,0,37118,271183,2001,1053,261660
brc202d.map,6,660,PushAndSwap,0,37154,275167,2001,1053,37007
brc202d.map,6,670,PushAndSwap,0,38274,279996,2001,1053,11739
brc202d.map,6,680,PushAndSwap,0,39663,284603,2001,1053,55681
brc202d.map,7,410,HCA,1,172122,167350,1057,1057,9190
brc202d.map,7,420,HCA,1,174886,170594,1057,1057,6668
brc202d.map,7,430,HCA,0,0,175099,-1,1057,30852
brc202d.map,7,440,HCA,0,0,178895,-1,1057,37500
brc202d.map,5,770,PushAndSwap --no-compress,0,185992543,325609,329549,1064,4467
brc202d.map,5,780,PushAndSwap --no-compress,0,191092202,329951,333987,1064,5957
brc202d.map,5,790,PushAndSwap --no-compress,0,196288673,334618,338822,1064,6981
brc202d.map,5,800,PushAndSwap --no-compress,0,142359656,339008,322797,1064,30031
brc202d.map,7,450,HCA,1,189056,183871,1057,1057,22793
brc202d.map,7,460,HCA,0,0,188644,-1,1057,33907
brc202d.map,7,470,HCA,0,0,194821,-1,1057,36256
brc202d.map,7,480,HCA,1,205370,199139,1057,1057,8720
brc202d.map,7,490,HCA,1,211082,204372,1057,1057,22130
brc202d.map,7,500,HCA,1,214597,207964,1057,1057,8630
brc202d.map,7,510,HCA,0,0,211479,-1,1057,32802
brc202d.map,7,520,HCA,0,0,215455,-1,1057,33626
brc202d.map,7,610,HCA,0,0,253143,-1,1057,35349
brc202d.map,7,620,HCA,0,0,257451,-1,1057,33918
brc202d.map,7,630,HCA,1,272777,261639,1057,1057,11285
brc202d.map,7,640,HCA,1,276755,265555,1057,1057,12558
brc202d.map,6,690,PushAndSwap,0,126237777,288861,288114,1053,30188
brc202d.map,6,700,PushAndSwap,0,39862,293331,2001,1053,97867
brc202d.map,6,710,PushAndSwap,0,40003,298427,2001,1053,25587
brc202d.map,6,720,PushAndSwap,0,41021,302389,2001,1053,15161
brc202d.map,7,10,PIBT_PLUS,1,3522,3511,571,571,13
brc202d.map,7,20,PIBT_PLUS,1,8067,7834,927,927,23
brc202d.map,7,30,PIBT_PLUS,1,12509,11572,927,927,35
brc202d.map,7,40,PIBT_PLUS,1,17634,16656,927,927,38
brc202d.map,7,50,PIBT_PLUS,1,24071,22459,964,964,47
brc202d.map,7,60,PIBT_PLUS,1,28169,25908,964,964,58
brc202d.map,7,70,PIBT_PLUS,1,32213,29699,964,964,68
brc202d.map,7,80,PIBT_PLUS,1,35875,33347,964,964,132
brc202d.map,7,90,PIBT_PLUS,1,38680,36735,964,964,131
brc202d.map,7,100,PIBT_PLUS,1,43446,41239,964,964,156
brc202d.map,7,110,PIBT_PLUS,1,49016,45766,964,964,154
brc202d.map,7,120,PIBT_PLUS,1,53284,49900,964,964,199
brc202d.map,7,130,PIBT_PLUS,1,58218,54617,964,964,237
brc202d.map,7,140,PIBT_PLUS,1,61126,57274,964,964,275
brc202d.map,7,150,PIBT_PLUS,1,65204,61077,964,964,264
brc202d.map,7,160,PIBT_PLUS,1,70743,65703,964,964,318
brc202d.map,7,170,PIBT_PLUS,1,74516,69195,964,964,576
brc202d.map,7,180,PIBT_PLUS,1,78962,72507,964,964,349
brc202d.map,7,190,PIBT_PLUS,1,84022,76195,965,964,693
brc202d.map,7,200,PIBT_PLUS,1,88592,80697,964,964,258
brc202d.map,3,770,PushAndSwap,0,51589,314896,2001,1068,335990
brc202d.map,3,780,PushAndSwap,0,50466,317210,2001,1068,1308370
brc202d.map,3,790,PushAndSwap,0,50564,322046,2001,1068,34989
brc202d.map,3,800,PushAndSwap,0,45548,326492,2001,1068,28090
brc202d.map,7,210,PIBT_PLUS,1,92801,84651,967,964,577
brc202d.map,7,220,PIBT_PLUS,1,98661,88664,965,964,1067
brc202d.map,7,230,PIBT_PLUS,1,102957,93111,967,964,703
brc202d.map,7,240,PIBT_PLUS,1,106095,96176,965,964,762
brc202d.map,7,650,HCA,0,0,271045,-1,1059,33396
brc202d.map,7,660,HCA,0,0,275991,-1,1059,36012
brc202d.map,7,670,HCA,1,291777,279224,1059,1059,26623
brc202d.map,7,680,HCA,1,294747,282665,1059,1059,12337
brc202d.map,7,250,PIBT_PLUS,1,109219,100014,964,964,514
brc202d.map,7,260,PIBT_PLUS,1,114335,104144,964,964,588
brc202d.map,7,270,PIBT_PLUS,1,120363,108537,983,983,559
brc202d.map,7,280,PIBT_PLUS,1,123706,112194,983,983,434
brc202d.map,7,290,PIBT_PLUS,1,128735,116732,983,983,533
brc202d.map,7,300,PIBT_PLUS,1,133247,120117,983,983,400
brc202d.map,7,310,PIBT_PLUS,1,138692,124395,983,983,444
brc202d.map,7,320,PIBT_PLUS,1,145495,129053,989,989,661
brc202d.map,7,570,HCA,1,245738,237224,1057,1057,12886
brc202d.map,7,580,HCA,0,0,240578,-1,1057,38388
brc202d.map,7,590,HCA,0,0,245944,-1,1057,33859
brc202d.map,7,600,HCA,0,0,248939,-1,1057,33712
brc202d.map,7,330,PIBT_PLUS,1,153225,135105,1057,1057,553
brc202d.map,7,340,PIBT_PLUS,1,154523,138124,1057,1057,620
brc202d.map,7,350,PIBT_PLUS,1,160434,143236,1057,1057,1006
brc202d.map,7,360,PIBT_PLUS,1,166896,147706,1057,1057,501
brc202d.map,7,370,PIBT_PLUS,1,174741,152229,1065,1057,786
brc202d.map,7,380,PIBT_PLUS,1,176423,154686,1057,1057,1081
brc202d.map,7,390,PIBT_PLUS,1,182533,159017,1057,1057,512
brc202d.map,7,400,PIBT_PLUS,1,185486,163588,1057,1057,602
brc202d.map,7,410,PIBT_PLUS,1,190382,167350,1057,1057,674
brc202d.map,7,420,PIBT_PLUS,1,193858,170594,1057,1057,618
brc202d.map,7,430,PIBT_PLUS,1,201089,175099,1057,1057,879
brc202d.map,7,440,PIBT_PLUS,1,208831,178895,1065,1057,2441
brc202d.map,7,450,PIBT_PLUS,1,211286,183871,1057,1057,676
brc202d.map,7,460,PIBT_PLUS,1,218535,188644,1057,1057,1015
brc202d.map,7,470,PIBT_PLUS,1,225820,194821,1057,1057,1748
brc202d.map,7,480,PIBT_PLUS,1,230073,199139,1057,1057,519
brc202d.map,7,530,HCA,0,0,219711,-1,1057,34166
brc202d.map,7,540,HCA,0,0,224117,-1,1057,30828
brc202d.map,7,550,HCA,0,0,228832,-1,1057,33239
brc202d.map,7,560,HCA,0,0,233331,-1,1057,34072
brc202d.map,7,490,PIBT_PLUS,1,237374,204372,1059,1057,1597
brc202d.map,7,500,PIBT_PLUS,1,241230,207964,1057,1057,1523
brc202d.map,7,510,PIBT_PLUS,1,246537,211479,1057,1057,952
brc202d.map,7,520,PIBT_PLUS,1,251032,215455,1057,1057,794
brc202d.map,7,530,PIBT_PLUS,1,259839,219711,1065,1057,2493
brc202d.map,7,540,PIBT_PLUS,1,265942,224117,1057,1057,861
brc202d.map,7,550,PIBT_PLUS,1,273590,228832,1065,1057,1199
brc202d.map,7,560,PIBT_PLUS,1,275833,233331,1057,1057,2488
brc202d.map,7,570,PIBT_PLUS,1,283631,237224,1057,1057,1100
brc202d.map,7,580,PIBT_PLUS,1,283753,240578,1057,1057,772
brc202d.map,7,590,PIBT_PLUS,1,293938,245944,1057,1057,1681
brc202d.map,7,600,PIBT_PLUS,1,298970,248939,1057,1057,1782
brc202d.map,7,610,PIBT_PLUS,1,307241,253143,1057,1057,1112
brc202d.map,7,620,PIBT_PLUS,1,310861,257451,1057,1057,2779
brc202d.map,7,630,PIBT_PLUS,1,316878,261639,1057,1057,2035
brc202d.map,7,640,PIBT_PLUS,1,320243,265555,1057,1057,1062
brc202d.map,6,730,PushAndSwap,0,22851678,305372,156322,1053,31028
brc202d.map,6,740,PushAndSwap,0,41376,308232,2001,1053,347654
brc202d.map,6,750,PushAndSwap,0,41509,312870,2001,1053,22005
brc202d.map,6,760,PushAndSwap,0,41493,317013,2001,1053,41691
brc202d.map,7,650,PIBT_PLUS,1,330654,271045,1059,1059,2763
brc202d.map,7,660,PIBT_PLUS,1,338399,275991,1059,1059,2070
brc202d.map,7,670,PIBT_PLUS,1,338327,279224,1059,1059,1863
brc202d.map,7,680,PIBT_PLUS,1,344697,282665,1059,1059,1186
brc202d.map,7,690,PIBT_PLUS,1,347634,286261,1059,1059,3218
brc202d.map,7,700,PIBT_PLUS,1,355213,291141,1059,1059,972
brc202d.map,7,710,PIBT_PLUS,1,359485,295648,1059,1059,1353
brc202d.map,7,720,PIBT_PLUS,1,364834,298567,1059,1059,968
brc202d.map,7,730,PIBT_PLUS,1,369694,302208,1061,1059,2402
brc202d.map,7,740,PIBT_PLUS,1,374866,307082,1059,1059,1783
brc202d.map,7,750,PIBT_PLUS,1,377519,310856,1059,1059,1117
brc202d.map,7,760,PIBT_PLUS,1,387320,314782,1059,1059,1852
brc202d.map,7,770,PIBT_PLUS,1,387967,318200,1059,1059,2114
brc202d.map,7,780,PIBT_PLUS,1,395754,322423,1059,1059,1145
brc202d.map,7,790,PIBT_PLUS,1,405832,326618,1059,1059,1847
brc202d.map,7,800,PIBT_PLUS,1,405178,330465,1059,1059,1364
brc202d.map,7,10,PushAndSwap,1,5881,3511,833,571,94
brc202d.map,7,20,PushAndSwap,1,19881,7834,1498,927,103
brc202d.map,7,30,PushAndSwap,0,26211,11572,2001,927,152
brc202d.map,7,40,PushAndSwap,0,26035,16656,2001,927,168
brc202d.map,7,810,PIBT_PLUS,1,410958,334723,1059,1059,997
brc202d.map,7,820,PIBT_PLUS,1,419276,336840,1059,1059,1892
brc202d.map,7,830,PIBT_PLUS,1,424033,340266,1059,1059,1309
brc202d.map,7,840,PIBT_PLUS,1,426152,344575,1059,1059,1239
brc202d.map,7,50,PushAndSwap,0,19377,22459,2001,964,207
brc202d.map,7,60,PushAndSwap,0,27539,25908,2001,964,400
brc202d.map,7,70,PushAndSwap,0,30238,29699,2001,964,206
brc202d.map,7,80,PushAndSwap,0,33080,33347,2001,964,263
brc202d.map,7,90,PushAndSwap,0,34662,36735,2001,964,302
brc202d.map,7,100,PushAndSwap,0,34960,41239,2001,964,321
brc202d.map,7,110,PushAndSwap,0,26981,45766,2001,964,650
brc202d.map,7,120,PushAndSwap,0,27889,49900,2001,964,386
brc202d.map,7,850,PIBT_PLUS,1,433933,349773,1059,1059,2302
brc202d.map,7,860,PIBT_PLUS,1,439313,355021,1059,1059,1696
brc202d.map,7,870,PIBT_PLUS,1,452367,360078,1059,1059,1058
brc202d.map,7,880,PIBT_PLUS,1,458664,365154,1059,1059,1806
brc202d.map,7,130,PushAndSwap,0,28437,54617,2001,964,410
brc202d.map,7,140,PushAndSwap,0,30069,57274,2001,964,652
brc202d.map,7,150,PushAndSwap,0,27621,61077,2001,964,776
brc202d.map,7,160,PushAndSwap,0,31722,65703,2001,964,974
brc202d.map,7,890,PIBT_PLUS,1,463496,369199,1059,1059,2176
brc202d.map,7,900,PIBT_PLUS,1,466120,373538,1059,1059,1759
brc202d.map,7,910,PIBT_PLUS,1,474412,376736,1059,1059,1097
brc202d.map,7,920,PIBT_PLUS,1,476991,381537,1059,1059,2026
brc202d.map,7,730,HCA,0,0,302208,-1,1059,36025
brc202d.map,7,740,HCA,0,0,307082,-1,1059,32434
brc202d.map,7,750,HCA,0,0,310856,-1,1059,34586
brc202d.map,7,760,HCA,1,331121,314782,1059,1059,15811
brc202d.map,7,930,PIBT_PLUS,1,480187,385089,1059,1059,1067
brc202d.map,7,940,PIBT_PLUS,1,488776,388687,1059,1059,1233
brc202d.map,7,950,PIBT_PLUS,1,495996,393279,1059,1059,1715
brc202d.map,7,960,PIBT_PLUS,1,502256,397133,1059,1059,1468
brc202d.map,7,170,PushAndSwap,0,32309,69195,2001,964,1036
brc202d.map,7,180,PushAndSwap,0,34323,72507,2001,964,897
brc202d.map,7,190,PushAndSwap,0,35159,76195,2001,964,834
brc202d.map,7,200,PushAndSwap,0,38945,80697,2001,964,755
brc202d.map,7,970,PIBT_PLUS,1,506943,400919,1059,1059,1888
brc202d.map,7,980,PIBT_PLUS,1,511045,403288,1059,1059,1481
brc202d.map,7,990,PIBT_PLUS,1,513654,407676,1059,1059,1843
brc202d.map,7,1000,PIBT_PLUS,1,519269,412184,1059,1059,1625
brc202d.map,7,810,HCA,0,0,334723,-1,1059,31718
brc202d.map,7,820,HCA,1,357847,336840,1059,1059,19536
brc202d.map,7,830,HCA,1,361961,340266,1059,1059,19862
brc202d.map,7,840,HCA,1,368402,344575,1059,1059,19119
brc202d.map,7,210,PushAndSwap,0,46163,84651,2001,964,1037
brc202d.map,7,220,PushAndSwap,0,52753,88664,2001,964,1093
brc202d.map,7,230,PushAndSwap,0,54704,93111,2001,964,1396
brc202d.map,7,240,PushAndSwap,0,54735,96176,2001,964,1344
brc202d.map,7,250,PushAndSwap,0,55798,100014,2001,964,1256
brc202d.map,7,260,PushAndSwap,0,57585,104144,2001,964,1278
brc202d.map,7,270,PushAndSwap,0,60419,108537,2001,983,1397
brc202d.map,7,280,PushAndSwap,0,62035,112194,2001,983,1815
brc202d.map,7,290,PushAndSwap,0,63524,116732,2001,983,1477
brc202d.map,7,300,PushAndSwap,0,63482,120117,2001,983,2157
brc202d.map,7,310,PushAndSwap,0,46394,124395,2001,983,1913
brc202d.map,7,320,PushAndSwap,0,53077,129053,2001,989,2961
brc202d.map,7,330,PushAndSwap,0,57192,135105,2001,1057,1987
brc202d.map,7,340,PushAndSwap,0,57717,138124,2001,1057,1950
brc202d.map,7,350,PushAndSwap,0,59784,143236,2001,1057,3168
brc202d.map,7,360,PushAndSwap,0,33972,147706,2001,1057,2903
brc202d.map,7,690,HCA,0,0,286261,-1,1059,32899
brc202d.map,7,700,HCA,0,0,291141,-1,1059,31812
brc202d.map,7,710,HCA,0,0,295648,-1,1059,34183
brc202d.map,7,720,HCA,0,0,298567,-1,1059,35090
brc202d.map,7,370,PushAndSwap,0,38733,152229,2001,1057,2777
brc202d.map,7,380,PushAndSwap,0,39815,154686,2001,1057,3330
brc202d.map,7,390,PushAndSwap,0,41746,159017,2001,1057,3224
brc202d.map,7,400,PushAndSwap,0,45625,163588,2001,1057,3207
brc202d.map,7,410,PushAndSwap,0,43083,167350,2001,1057,2751
brc202d.map,7,420,PushAndSwap,0,43179,170594,2001,1057,5149
brc202d.map,7,430,PushAndSwap,0,46846,175099,2001,1057,3590
brc202d.map,7,440,PushAndSwap,0,46561,178895,2001,1057,3752
brc202d.map,7,450,PushAndSwap,0,47544,183871,2001,1057,7416
brc202d.map,7,460,PushAndSwap,0,50014,188644,2001,1057,5388
brc202d.map,7,470,PushAndSwap,0,66355,194821,2001,1057,4251
brc202d.map,7,480,PushAndSwap,0,68343,199139,2001,1057,6495
brc202d.map,7,850,HCA,1,373154,349773,1059,1059,22714
brc202d.map,7,860,HCA,1,378429,355021,1059,1059,26434
brc202d.map,7,870,HCA,1,384645,360078,1059,1059,20217
brc202d.map,7,880,HCA,0,0,365154,-1,1059,34566
brc202d.map,7,770,HCA,0,0,318200,-1,1059,30034
brc202d.map,7,780,HCA,0,0,322423,-1,1059,32290
brc202d.map,7,790,HCA,0,0,326618,-1,1059,32864
brc202d.map,7,800,HCA,0,0,330465,-1,1059,30963
brc202d.map,7,490,PushAndSwap,0,37100,204372,2001,1057,13434
brc202d.map,7,500,PushAndSwap,0,33010,207964,2001,1057,11055
brc202d.map,7,510,PushAndSwap,0,33070,211479,2001,1057,6193
brc202d.map,7,520,PushAndSwap,0,34227,215455,2001,1057,5948
brc202d.map,7,930,HCA,1,411882,385089,1059,1059,23867
brc202d.map,7,940,HCA,1,416161,388687,1059,1059,23196
brc202d.map,7,950,HCA,1,421547,393279,1059,1059,25805
brc202d.map,7,960,HCA,0,0,397133,-1,1059,30053
brc202d.map,7,890,HCA,0,0,369199,-1,1059,30927
brc202d.map,7,900,HCA,1,399016,373538,1059,1059,23381
brc202d.map,7,910,HCA,1,402393,376736,1059,1059,25564
brc202d.map,7,920,HCA,0,0,381537,-1,1059,31684
brc202d.map,7,10,PushAndSwap --no-compress,0,23739,3511,3517,571,20
brc202d.map,7,20,PushAndSwap --no-compress,0,110369,7834,7846,927,39
brc202d.map,7,30,PushAndSwap --no-compress,0,234722,11572,11586,927,95
brc202d.map,7,40,PushAndSwap --no-compress,0,452815,16656,16682,927,71
brc202d.map,7,50,PushAndSwap --no-compress,0,758755,22459,22485,964,77
brc202d.map,7,60,PushAndSwap --no-compress,0,1090773,25908,25952,964,160
brc202d.map,7,70,PushAndSwap --no-compress,0,1470293,29699,29761,964,187
brc202d.map,7,80,PushAndSwap --no-compress,0,1893941,33347,33421,964,185
brc202d.map,7,90,PushAndSwap --no-compress,0,2335165,36735,36821,964,114
brc202d.map,7,100,PushAndSwap --no-compress,0,2905617,41239,41337,964,125
brc202d.map,7,110,PushAndSwap --no-compress,0,3537653,45766,45864,964,148
brc202d.map,7,120,PushAndSwap --no-compress,0,4211476,49900,50010,964,252
brc202d.map,7,130,PushAndSwap --no-compress,0,4955142,54617,54721,964,319
brc202d.map,7,140,PushAndSwap --no-compress,0,5619178,57274,57390,964,574
brc202d.map,7,150,PushAndSwap --no-compress,0,6409051,61077,61205,964,236
brc202d.map,7,160,PushAndSwap --no-compress,0,7400205,65703,65867,964,222
brc202d.map,7,170,PushAndSwap --no-compress,0,8291632,69195,69369,964,252
brc202d.map,7,180,PushAndSwap --no-compress,0,9231788,72507,72713,964,394
brc202d.map,7,190,PushAndSwap --no-compress,0,10279520,76195,76413,964,968
brc202d.map,7,200,PushAndSwap --no-compress,0,11476994,80697,80981,964,307
brc202d.map,7,210,PushAndSwap --no-compress,0,12677274,84651,85053,964,585
brc202d.map,7,220,PushAndSwap --no-compress,0,14019373,88664,89162,964,719
brc202d.map,7,230,PushAndSwap --no-compress,0,15335735,93111,93511,964,570
brc202d.map,7,240,PushAndSwap --no-compress,0,16557386,96176,96614,964,1704
brc202d.map,7,970,HCA,1,430756,400919,1059,1059,27952
brc202d.map,7,980,HCA,1,430964,403288,1059,1059,25449
brc202d.map,7,990,HCA,0,0,407676,-1,1059,30212
brc202d.map,7,1000,HCA,0,0,412184,-1,1059,30035
brc202d.map,7,250,PushAndSwap --no-compress,0,17926739,100014,100488,964,479
brc202d.map,7,260,PushAndSwap --no-compress,0,19433929,104144,104654,964,1131
brc202d.map,7,270,PushAndSwap --no-compress,0,21053309,108537,109077,983,1671
brc202d.map,7,280,PushAndSwap --no-compress,0,22521635,112194,112746,983,495
brc202d.map,7,290,PushAndSwap --no-compress,0,24237464,116732,117310,983,1088
brc202d.map,7,300,PushAndSwap --no-compress,0,25906313,120117,120719,983,2839
brc202d.map,7,310,PushAndSwap --no-compress,0,27749690,124395,125029,983,563
brc202d.map,7,320,PushAndSwap --no-compress,0,29820396,129053,129735,989,2170
brc202d.map,7,890,PushAndSwap,-1,-1,-1,-1,-1,-1
brc202d.map,7,900,PushAndSwap,-1,-1,-1,-1,-1,-1
brc202d.map,7,910,PushAndSwap,-1,-1,-1,-1,-1,-1
brc202d.map,7,920,PushAndSwap,-1,-1,-1,-1,-1,-1
brc202d.map,7,330,PushAndSwap --no-compress,0,32192973,135105,135829,1057,2198
brc202d.map,7,340,PushAndSwap --no-compress,0,33962152,138124,138880,1057,782
brc202d.map,7,350,PushAndSwap --no-compress,0,36306030,143236,144022,1057,1936
brc202d.map,7,360,PushAndSwap --no-compress,0,38585382,147706,148748,1057,2193
brc202d.map,7,930,PushAndSwap,-1,-1,-1,-1,-1,-1
brc202d.map,7,940,PushAndSwap,-1,-1,-1,-1,-1,-1
brc202d.map,7,950,PushAndSwap,-1,-1,-1,-1,-1,-1
brc202d.map,7,960,PushAndSwap,-1,-1,-1,-1,-1,-1
brc202d.map,7,370,PushAndSwap --no-compress,0,40916604,152229,153321,1057,1023
brc202d.map,7,380,PushAndSwap --no-compress,0,42864757,154686,155808,1057,1659
brc202d.map,7,390,PushAndSwap --no-compress,0,45268172,159017,160205,1057,2337
brc202d.map,7,400,PushAndSwap --no-compress,0,47875353,163588,164818,1057,1192
brc202d.map,7,410,PushAndSwap --no-compress,0,50224598,167350,168592,1057,2395
brc202d.map,7,420,PushAndSwap --no-compress,0,52449593,170594,171924,1057,2409
brc202d.map,7,430,PushAndSwap --no-compress,0,55297818,175099,176453,1057,1346
brc202d.map,7,440,PushAndSwap --no-compress,0,57766545,178895,180319,1057,1517
brc202d.map,7,450,PushAndSwap --no-compress,0,60738842,183871,185327,1057,2581
brc202d.map,7,460,PushAndSwap --no-compress,0,63625963,188644,190100,1057,1534
brc202d.map,7,470,PushAndSwap --no-compress,0,67186229,194821,196383,1057,1911
brc202d.map,7,480,PushAndSwap --no-compress,0,70360385,199139,200985,1057,2897
brc202d.map,7,490,PushAndSwap --no-compress,0,73738925,204372,206266,1057,1602
brc202d.map,7,500,PushAndSwap --no-compress,0,76539313,207964,209900,1057,1940
brc202d.map,7,510,PushAndSwap --no-compress,0,79333943,211479,213431,1057,3054
brc202d.map,7,520,PushAndSwap --no-compress,0,82528185,215455,217491,1057,4214
brc202d.map,7,530,PushAndSwap --no-compress,0,85943604,219711,221819,1057,2353
brc202d.map,7,540,PushAndSwap --no-compress,0,89202391,224117,226291,1057,2471
brc202d.map,7,550,PushAndSwap --no-compress,0,93067114,228832,231434,1057,3206
brc202d.map,7,560,PushAndSwap --no-compress,0,96448507,233331,235969,1057,3683
brc202d.map,7,970,PushAndSwap,-1,-1,-1,-1,-1,-1
brc202d.map,7,980,PushAndSwap,-1,-1,-1,-1,-1,-1
brc202d.map,7,990,PushAndSwap,-1,-1,-1,-1,-1,-1
brc202d.map,7,1000,PushAndSwap,-1,-1,-1,-1,-1,-1
brc202d.map,7,570,PushAndSwap --no-compress,0,99876908,237224,239936,1057,3007
brc202d.map,7,580,PushAndSwap --no-compress,0,103475339,240578,243432,1057,4452
brc202d.map,7,590,PushAndSwap --no-compress,0,107582369,245944,248912,1057,4030
brc202d.map,7,600,PushAndSwap --no-compress,0,110880063,248939,251985,1057,5040
brc202d.map,7,610,PushAndSwap --no-compress,0,114552460,253143,256301,1057,5357
brc202d.map,7,620,PushAndSwap --no-compress,0,118445144,257451,260673,1057,4121
brc202d.map,7,630,PushAndSwap --no-compress,0,122152601,261639,264973,1057,5059
brc202d.map,7,640,PushAndSwap --no-compress,0,126346768,265555,269189,1057,5107
brc202d.map,5,810,PushAndSwap --no-compress,0,206704000,343260,347646,1064,6494
brc202d.map,5,820,PushAndSwap --no-compress,0,212656153,348390,352970,1064,4469
brc202d.map,5,830,PushAndSwap --no-compress,0,218168545,352749,357689,1064,6469
brc202d.map,5,840,PushAndSwap --no-compress,-1,-1,-1,-1,-1,-1
brc202d.map,5,810,PushAndSwap,0,68915,343260,2001,1064,553241
brc202d.map,5,820,PushAndSwap,-1,-1,-1,-1,-1,-1
brc202d.map,5,830,PushAndSwap,-1,-1,-1,-1,-1,-1
brc202d.map,5,840,PushAndSwap,-1,-1,-1,-1,-1,-1
brc202d.map,7,850,PushAndSwap,-1,-1,-1,-1,-1,-1
brc202d.map,7,860,PushAndSwap,-1,-1,-1,-1,-1,-1
brc202d.map,7,870,PushAndSwap,-1,-1,-1,-1,-1,-1
brc202d.map,7,880,PushAndSwap,-1,-1,-1,-1,-1,-1
brc202d.map,7,850,PushAndSwap --no-compress,-1,-1,-1,-1,-1,-1
brc202d.map,7,860,PushAndSwap --no-compress,-1,-1,-1,-1,-1,-1
brc202d.map,7,870,PushAndSwap --no-compress,-1,-1,-1,-1,-1,-1
brc202d.map,7,880,PushAndSwap --no-compress,-1,-1,-1,-1,-1,-1
brc202d.map,7,890,PushAndSwap --no-compress,-1,-1,-1,-1,-1,-1
brc202d.map,7,900,PushAndSwap --no-compress,-1,-1,-1,-1,-1,-1
brc202d.map,7,910,PushAndSwap --no-compress,-1,-1,-1,-1,-1,-1
brc202d.map,7,920,PushAndSwap --no-compress,-1,-1,-1,-1,-1,-1
brc202d.map,8,10,PIBT,1,2657,2657,624,624,8
brc202d.map,8,20,PIBT,1,6722,6713,907,907,14
brc202d.map,8,30,PIBT,1,11156,11125,907,907,23
brc202d.map,8,40,PIBT,1,16116,15675,907,907,26
brc202d.map,8,50,PIBT,1,20678,20209,973,973,35
brc202d.map,8,60,PIBT,1,24881,24205,973,973,43
brc202d.map,8,70,PIBT,1,30544,29165,973,973,74
brc202d.map,8,80,PIBT,1,35745,34113,973,973,89
brc202d.map,8,90,PIBT,1,40195,37763,973,973,94
brc202d.map,8,100,PIBT,1,43862,41275,1005,1005,93
brc202d.map,8,110,PIBT,1,49731,46419,1005,1005,101
brc202d.map,8,120,PIBT,1,53657,50141,1005,1005,109
brc202d.map,8,130,PIBT,1,59980,55437,1005,1005,490
brc202d.map,8,140,PIBT,1,64155,59818,1005,1005,149
brc202d.map,8,150,PIBT,1,68632,63935,1005,1005,226
brc202d.map,8,160,PIBT,1,74125,67716,1005,1005,152
brc202d.map,8,170,PIBT,1,79041,72090,1005,1005,178
brc202d.map,8,180,PIBT,1,82871,75949,1005,1005,125
brc202d.map,8,190,PIBT,1,87720,80101,1005,1005,135
brc202d.map,8,200,PIBT,1,92008,84262,1007,1007,132
brc202d.map,8,210,PIBT,1,98261,89234,1007,1007,141
brc202d.map,8,220,PIBT,1,105857,94314,1007,1007,148
brc202d.map,8,230,PIBT,1,110315,98541,1007,1007,267
brc202d.map,8,240,PIBT,1,116520,102970,1007,1007,274
brc202d.map,8,250,PIBT,1,121174,106755,1007,1007,367
brc202d.map,8,260,PIBT,1,126522,111616,1007,1007,361
brc202d.map,8,270,PIBT,1,131923,117359,1007,1007,400
brc202d.map,8,280,PIBT,1,138856,123117,1007,1007,377
brc202d.map,7,650,PushAndSwap --no-compress,0,131327768,271045,274863,1059,4818
brc202d.map,7,660,PushAndSwap --no-compress,0,136074289,275991,279969,1059,6185
brc202d.map,7,670,PushAndSwap --no-compress,0,140076590,279224,283220,1059,6144
brc202d.map,7,680,PushAndSwap --no-compress,0,143875289,282665,286751,1059,9392
brc202d.map,8,290,PIBT,1,143039,127786,1007,1007,277
brc202d.map,8,300,PIBT,1,148173,132612,1007,1007,254
brc202d.map,8,310,PIBT,1,155337,136906,1007,1007,321
brc202d.map,8,320,PIBT,1,156959,139535,1007,1007,226
brc202d.map,8,330,PIBT,1,163827,144027,1007,1007,304
brc202d.map,8,340,PIBT,1,168900,148030,1007,1007,381
brc202d.map,8,350,PIBT,1,172840,152228,1007,1007,361
brc202d.map,8,360,PIBT,1,180144,155894,1007,1007,480
brc202d.map,8,370,PIBT,1,185578,160321,1007,1007,453
brc202d.map,8,380,PIBT,1,189566,163848,1007,1007,282
brc202d.map,8,390,PIBT,1,192996,168087,1007,1007,524
brc202d.map,8,400,PIBT,1,197044,171638,1007,1007,493
brc202d.map,8,410,PIBT,1,200108,175022,1007,1007,728
brc202d.map,8,420,PIBT,1,205286,178383,1007,1007,893
brc202d.map,8,430,PIBT,1,209322,182192,1007,1007,610
brc202d.map,8,440,PIBT,1,214663,185757,1007,1007,759
brc202d.map,8,450,PIBT,1,218404,189706,1007,1007,722
brc202d.map,8,460,PIBT,1,225060,192885,1007,1007,693
brc202d.map,8,470,PIBT,1,228220,197237,1007,1007,693
brc202d.map,8,480,PIBT,1,234490,200363,1007,1007,650
brc202d.map,8,490,PIBT,1,238862,204159,1007,1007,719
brc202d.map,8,500,PIBT,1,243214,207637,1007,1007,568
brc202d.map,8,510,PIBT,1,247241,211762,1007,1007,419
brc202d.map,8,520,PIBT,1,252599,215697,1007,1007,452
brc202d.map,8,530,PIBT,1,258424,220123,1007,1007,641
brc202d.map,8,540,PIBT,1,264636,223844,1007,1007,443
brc202d.map,8,550,PIBT,1,266917,227060,1007,1007,408
brc202d.map,8,560,PIBT,1,272024,229389,1007,1007,541
brc202d.map,8,570,PIBT,1,278089,233370,1007,1007,614
brc202d.map,8,580,PIBT,1,283161,239137,1007,1007,408
brc202d.map,8,590,PIBT,1,292432,243442,1007,1007,435
brc202d.map,8,600,PIBT,1,296441,246297,1007,1007,524
brc202d.map,8,610,PIBT,1,301191,248815,1007,1007,640
brc202d.map,8,620,PIBT,1,307903,252575,1007,1007,519
brc202d.map,8,630,PIBT,1,312908,256435,1007,1007,521
brc202d.map,8,640,PIBT,1,316404,260924,1007,1007,896
brc202d.map,8,650,PIBT,1,324174,266378,1007,1007,727
brc202d.map,8,660,PIBT,1,329217,269628,1007,1007,910
brc202d.map,8,670,PIBT,1,334335,272781,1007,1007,700
brc202d.map,8,680,PIBT,0,342362,276724,2000,1007,863
brc202d.map,8,690,PIBT,1,342931,279037,1007,1007,871
brc202d.map,8,700,PIBT,1,347253,283211,1007,1007,499
brc202d.map,8,710,PIBT,1,354094,286791,1007,1007,768
brc202d.map,8,720,PIBT,1,359411,291566,1007,1007,1062
brc202d.map,8,730,PIBT,1,365067,296502,1007,1007,889
brc202d.map,8,740,PIBT,1,370863,300817,1007,1007,805
brc202d.map,8,750,PIBT,1,374443,305814,1012,1012,1087
brc202d.map,8,760,PIBT,1,382388,310856,1012,1012,791
brc202d.map,8,770,PIBT,1,390319,314896,1012,1012,880
brc202d.map,8,780,PIBT,0,394774,317804,2000,1012,3008
brc202d.map,8,790,PIBT,1,398521,322057,1012,1012,1013
brc202d.map,8,800,PIBT,0,406960,326687,2000,1028,878
brc202d.map,8,810,PIBT,1,410734,330155,1028,1028,1216
brc202d.map,8,820,PIBT,1,416836,335410,1028,1028,1430
brc202d.map,8,830,PIBT,1,422301,340904,1028,1028,845
brc202d.map,8,840,PIBT,1,431661,345236,1028,1028,855
brc202d.map,8,850,PIBT,1,436872,349862,1028,1028,1437
brc202d.map,8,860,PIBT,1,440048,354145,1028,1028,1259
brc202d.map,8,870,PIBT,1,448392,358316,1028,1028,1003
brc202d.map,8,880,PIBT,1,453167,363002,1028,1028,1068
brc202d.map,7,970,PushAndSwap --no-compress,-1,-1,-1,-1,-1,-1
brc202d.map,7,980,PushAndSwap --no-compress,-1,-1,-1,-1,-1,-1
brc202d.map,7,990,PushAndSwap --no-compress,-1,-1,-1,-1,-1,-1
brc202d.map,7,1000,PushAndSwap --no-compress,-1,-1,-1,-1,-1,-1
brc202d.map,8,890,PIBT,1,458104,366302,1028,1028,1223
brc202d.map,8,900,PIBT,0,465236,372161,2000,1059,1817
brc202d.map,8,910,PIBT,1,467559,374832,1060,1059,855
brc202d.map,8,920,PIBT,1,471427,378507,1059,1059,858
brc202d.map,8,930,PIBT,1,475294,381606,1059,1059,1837
brc202d.map,8,940,PIBT,1,482182,386799,1059,1059,2073
brc202d.map,8,950,PIBT,1,486251,391289,1060,1059,879
brc202d.map,8,960,PIBT,0,495241,395453,2000,1059,958
brc202d.map,8,10,HCA,1,2657,2657,624,624,152
brc202d.map,8,20,HCA,1,6717,6713,907,907,399
brc202d.map,8,30,HCA,1,11141,11125,907,907,314
brc202d.map,8,40,HCA,1,15699,15675,907,907,2181
brc202d.map,8,50,HCA,1,20233,20209,973,973,533
brc202d.map,8,60,HCA,1,24231,24205,973,973,2333
brc202d.map,8,70,HCA,1,29193,29165,973,973,411
brc202d.map,8,80,HCA,1,34148,34113,973,973,560
brc202d.map,8,970,PIBT,0,498901,400776,2000,1108,1089
brc202d.map,8,980,PIBT,1,503893,403007,1108,1108,760
brc202d.map,8,990,PIBT,1,512488,406999,1108,1108,1774
brc202d.map,8,1000,PIBT,0,515872,411800,2000,1108,1027
brc202d.map,8,90,HCA,1,37816,37763,973,973,525
brc202d.map,8,100,HCA,1,41334,41275,1005,1005,728
brc202d.map,8,110,HCA,1,46487,46419,1005,1005,399
brc202d.map,8,120,HCA,1,50208,50141,1005,1005,364
brc202d.map,8,130,HCA,1,55527,55437,1005,1005,505
brc202d.map,8,140,HCA,1,59930,59818,1005,1005,503
brc202d.map,8,150,HCA,1,64151,63935,1005,1005,1923
brc202d.map,8,160,HCA,1,67953,67716,1005,1005,2523
brc202d.map,8,170,HCA,1,72338,72090,1005,1005,635
brc202d.map,8,180,HCA,1,76694,75949,1005,1005,2531
brc202d.map,8,190,HCA,1,80876,80101,1005,1005,2988
brc202d.map,8,200,HCA,1,85060,84262,1007,1007,3177
brc202d.map,7,690,PushAndSwap --no-compress,0,147760009,286261,290409,1059,7228
brc202d.map,7,700,PushAndSwap --no-compress,0,152503781,291141,295317,1059,9413
brc202d.map,7,710,PushAndSwap --no-compress,0,157002187,295648,299860,1059,5623
brc202d.map,7,720,PushAndSwap --no-compress,0,161199985,298567,302985,1059,9215
brc202d.map,8,210,HCA,1,90051,89234,1007,1007,3334
brc202d.map,8,220,HCA,1,95155,94314,1007,1007,3536
brc202d.map,8,230,HCA,1,99493,98541,1007,1007,3286
brc202d.map,8,240,HCA,1,104383,102970,1007,1007,3182
brc202d.map,7,530,PushAndSwap,0,34374,219711,2001,1057,10386
brc202d.map,7,540,PushAndSwap,0,33371,224117,2001,1057,14000
brc202d.map,7,550,PushAndSwap,0,33479,228832,2001,1057,5291
brc202d.map,7,560,PushAndSwap,0,35419,233331,2001,1057,238524
brc202d.map,8,250,HCA,1,108176,106755,1007,1007,4431
brc202d.map,8,260,HCA,1,113474,111616,1007,1007,2990
brc202d.map,8,270,HCA,1,119236,117359,1007,1007,2667
brc202d.map,8,280,HCA,1,125004,123117,1007,1007,2297
brc202d.map,8,290,HCA,1,129701,127786,1007,1007,3389
brc202d.map,8,300,HCA,1,134770,132612,1007,1007,3010
brc202d.map,8,310,HCA,1,139747,136906,1007,1007,4062
brc202d.map,8,320,HCA,1,142369,139535,1007,1007,2765
brc202d.map,7,570,PushAndSwap,0,35800,237224,2001,1057,260834
brc202d.map,7,580,PushAndSwap,0,35844,240578,2001,1057,5431
brc202d.map,7,590,PushAndSwap,0,34968,245944,2001,1057,5107
brc202d.map,7,600,PushAndSwap,0,34990,248939,2001,1057,5246
brc202d.map,8,330,HCA,1,146887,144027,1007,1007,3884
brc202d.map,8,340,HCA,1,150679,148030,1007,1007,2566
brc202d.map,8,350,HCA,1,155400,152228,1007,1007,5018
brc202d.map,8,360,HCA,1,159095,155894,1007,1007,2911
brc202d.map,8,370,HCA,1,163361,160321,1007,1007,2841
brc202d.map,8,380,HCA,1,166677,163848,1007,1007,4499
brc202d.map,8,390,HCA,1,171230,168087,1007,1007,3574
brc202d.map,8,400,HCA,1,175041,171638,1007,1007,12879
brc202d.map,7,650,PushAndSwap,0,40711,271045,2001,1059,74811
brc202d.map,7,660,PushAndSwap,0,40798,275991,2001,1059,11818
brc202d.map,7,670,PushAndSwap,0,42726,279224,2001,1059,186462
brc202d.map,7,680,PushAndSwap,0,42773,282665,2001,1059,13568
brc202d.map,8,450,HCA,1,193549,189706,1007,1007,5872
brc202d.map,8,460,HCA,1,197157,192885,1007,1007,7599
brc202d.map,8,470,HCA,1,201933,197237,1007,1007,8229
brc202d.map,8,480,HCA,1,205766,200363,1007,1007,7963
brc202d.map,8,410,HCA,1,178434,175022,1007,1007,5001
brc202d.map,8,420,HCA,1,181569,178383,1007,1007,3881
brc202d.map,8,430,HCA,1,185750,182192,1007,1007,11085
brc202d.map,8,440,HCA,1,189172,185757,1007,1007,12067
brc202d.map,8,490,HCA,1,209697,204159,1007,1007,10712
brc202d.map,8,500,HCA,1,212902,207637,1007,1007,10321
brc202d.map,8,510,HCA,1,217205,211762,1007,1007,9136
brc202d.map,8,520,HCA,1,222031,215697,1007,1007,10352
brc202d.map,8,570,HCA,1,241659,233370,1007,1007,14165
brc202d.map,8,580,HCA,1,247098,239137,1007,1007,10793
brc202d.map,8,590,HCA,1,251672,243442,1007,1007,9565
brc202d.map,8,600,HCA,1,254365,246297,1007,1007,8001
brc202d.map,8,530,HCA,1,226644,220123,1007,1007,12766
brc202d.map,8,540,HCA,1,230386,223844,1007,1007,8144
brc202d.map,8,550,HCA,1,233765,227060,1007,1007,13884
brc202d.map,8,560,HCA,1,237189,229389,1007,1007,14104
brc202d.map,5,770,PushAndSwap,0,67580,325609,2001,1064,413010
brc202d.map,5,780,PushAndSwap,0,65555,329951,2001,1064,467498
brc202d.map,5,790,PushAndSwap,0,68817,334618,2001,1064,278577
brc202d.map,5,800,PushAndSwap,0,68950,339008,2001,1064,79111
brc202d.map,8,610,HCA,1,257036,248815,1007,1007,12467
brc202d.map,8,620,HCA,1,260785,252575,1007,1007,21484
brc202d.map,8,630,HCA,1,266049,256435,1007,1007,22470
brc202d.map,8,640,HCA,1,271759,260924,1007,1007,16299
brc202d.map,8,650,HCA,1,276513,266378,1007,1007,17395
brc202d.map,8,660,HCA,1,280759,269628,1007,1007,28446
brc202d.map,8,670,HCA,1,284975,272781,1007,1007,19692
brc202d.map,8,680,HCA,1,288544,276724,1007,1007,15487
brc202d.map,8,690,HCA,1,291611,279037,1007,1007,29138
brc202d.map,8,700,HCA,1,296363,283211,1007,1007,8795
brc202d.map,8,710,HCA,1,299148,286791,1007,1007,20516
brc202d.map,8,720,HCA,1,304214,291566,1007,1007,21503
brc202d.map,8,10,PIBT_PLUS,1,2657,2657,624,624,32
brc202d.map,8,20,PIBT_PLUS,1,6722,6713,907,907,59
brc202d.map,8,30,PIBT_PLUS,1,11156,11125,907,907,80
brc202d.map,8,40,PIBT_PLUS,1,16116,15675,907,907,131
brc202d.map,8,50,PIBT_PLUS,1,20678,20209,973,973,216
brc202d.map,8,60,PIBT_PLUS,1,24881,24205,973,973,277
brc202d.map,8,70,PIBT_PLUS,1,30544,29165,973,973,176
brc202d.map,8,80,PIBT_PLUS,1,35745,34113,973,973,206
brc202d.map,8,90,PIBT_PLUS,1,40195,37763,973,973,381
brc202d.map,8,100,PIBT_PLUS,1,43862,41275,1005,1005,193
brc202d.map,8,110,PIBT_PLUS,1,49731,46419,1005,1005,223
brc202d.map,8,120,PIBT_PLUS,1,53657,50141,1005,1005,348
brc202d.map,8,130,PIBT_PLUS,1,59980,55437,1005,1005,529
brc202d.map,8,140,PIBT_PLUS,1,64155,59818,1005,1005,506
brc202d.map,8,150,PIBT_PLUS,1,68632,63935,1005,1005,525
brc202d.map,8,160,PIBT_PLUS,1,74125,67716,1005,1005,484
brc202d.map,8,170,PIBT_PLUS,1,79041,72090,1005,1005,279
brc202d.map,8,180,PIBT_PLUS,1,82871,75949,1005,1005,280
brc202d.map,8,190,PIBT_PLUS,1,87720,80101,1005,1005,313
brc202d.map,8,200,PIBT_PLUS,1,92008,84262,1007,1007,362
brc202d.map,8,210,PIBT_PLUS,1,98261,89234,1007,1007,425
brc202d.map,8,220,PIBT_PLUS,1,105857,94314,1007,1007,549
brc202d.map,8,230,PIBT_PLUS,1,110315,98541,1007,1007,499
brc202d.map,8,240,PIBT_PLUS,1,116520,102970,1007,1007,432
brc202d.map,8,250,PIBT_PLUS,1,121174,106755,1007,1007,405
brc202d.map,8,260,PIBT_PLUS,1,126522,111616,1007,1007,682
brc202d.map,8,270,PIBT_PLUS,1,131923,117359,1007,1007,242
brc202d.map,8,280,PIBT_PLUS,1,138856,123117,1007,1007,352
brc202d.map,8,290,PIBT_PLUS,1,143039,127786,1007,1007,440
brc202d.map,8,300,PIBT_PLUS,1,148173,132612,1007,1007,263
brc202d.map,8,310,PIBT_PLUS,1,155337,136906,1007,1007,678
brc202d.map,8,320,PIBT_PLUS,1,156959,139535,1007,1007,644
brc202d.map,8,730,HCA,1,309084,296502,1007,1007,20562
brc202d.map,8,740,HCA,0,0,300817,-1,1007,30022
brc202d.map,8,750,HCA,1,322584,305814,1012,1012,23122
brc202d.map,8,760,HCA,1,327055,310856,1012,1012,23601
brc202d.map,8,770,HCA,1,332496,314896,1012,1012,14416
brc202d.map,8,780,HCA,1,334749,317804,1012,1012,26109
brc202d.map,8,790,HCA,0,0,322057,-1,1012,30046
brc202d.map,8,800,HCA,1,343302,326687,1028,1028,11308
brc202d.map,8,330,PIBT_PLUS,1,163827,144027,1007,1007,965
brc202d.map,8,340,PIBT_PLUS,1,168900,148030,1007,1007,326
brc202d.map,8,350,PIBT_PLUS,1,172840,152228,1007,1007,330
brc202d.map,8,360,PIBT_PLUS,1,180144,155894,1007,1007,384
brc202d.map,8,370,PIBT_PLUS,1,185578,160321,1007,1007,353
brc202d.map,8,380,PIBT_PLUS,1,189566,163848,1007,1007,771
brc202d.map,8,390,PIBT_PLUS,1,192996,168087,1007,1007,1126
brc202d.map,8,400,PIBT_PLUS,1,197044,171638,1007,1007,864
brc202d.map,8,410,PIBT_PLUS,1,200108,175022,1007,1007,741
brc202d.map,8,420,PIBT_PLUS,1,205286,178383,1007,1007,996
brc202d.map,8,430,PIBT_PLUS,1,209322,182192,1007,1007,837
brc202d.map,8,440,PIBT_PLUS,1,214663,185757,1007,1007,1509
brc202d.map,8,450,PIBT_PLUS,1,218404,189706,1007,1007,1184
brc202d.map,8,460,PIBT_PLUS,1,225060,192885,1007,1007,1034
brc202d.map,8,470,PIBT_PLUS,1,228220,197237,1007,1007,1079
brc202d.map,8,480,PIBT_PLUS,1,234490,200363,1007,1007,1411
brc202d.map,8,490,PIBT_PLUS,1,238862,204159,1007,1007,1799
brc202d.map,8,500,PIBT_PLUS,1,243214,207637,1007,1007,1979
brc202d.map,8,510,PIBT_PLUS,1,247241,211762,1007,1007,1443
brc202d.map,8,520,PIBT_PLUS,1,252599,215697,1007,1007,2260
brc202d.map,8,530,PIBT_PLUS,1,258424,220123,1007,1007,1990
brc202d.map,8,540,PIBT_PLUS,1,264636,223844,1007,1007,1561
brc202d.map,8,550,PIBT_PLUS,1,266917,227060,1007,1007,2328
brc202d.map,8,560,PIBT_PLUS,1,272024,229389,1007,1007,1299
brc202d.map,8,570,PIBT_PLUS,1,278089,233370,1007,1007,1111
brc202d.map,8,580,PIBT_PLUS,1,283161,239137,1007,1007,1783
brc202d.map,8,590,PIBT_PLUS,1,292432,243442,1007,1007,1320
brc202d.map,8,600,PIBT_PLUS,1,296441,246297,1007,1007,2334
brc202d.map,7,690,PushAndSwap,0,42823,286261,2001,1059,207091
brc202d.map,7,700,PushAndSwap,0,42933,291141,2001,1059,81869
brc202d.map,7,710,PushAndSwap,0,42894,295648,2001,1059,47674
brc202d.map,7,720,PushAndSwap,0,42900,298567,2001,1059,77217
brc202d.map,8,610,PIBT_PLUS,1,301191,248815,1007,1007,1303
brc202d.map,8,620,PIBT_PLUS,1,307903,252575,1007,1007,2262
brc202d.map,8,630,PIBT_PLUS,1,312908,256435,1007,1007,953
brc202d.map,8,640,PIBT_PLUS,1,316404,260924,1007,1007,824
brc202d.map,8,650,PIBT_PLUS,1,324174,266378,1007,1007,2432
brc202d.map,8,660,PIBT_PLUS,1,329217,269628,1007,1007,806
brc202d.map,8,670,PIBT_PLUS,1,334335,272781,1007,1007,1162
brc202d.map,8,680,PIBT_PLUS,1,343522,276724,1017,1007,3456
brc202d.map,8,690,PIBT_PLUS,1,342931,279037,1007,1007,854
brc202d.map,8,700,PIBT_PLUS,1,347253,283211,1007,1007,1063
brc202d.map,8,710,PIBT_PLUS,1,354094,286791,1007,1007,3228
brc202d.map,8,720,PIBT_PLUS,1,359411,291566,1007,1007,3126
brc202d.map,8,730,PIBT_PLUS,1,365067,296502,1007,1007,1051
brc202d.map,8,740,PIBT_PLUS,1,370863,300817,1007,1007,3342
brc202d.map,8,750,PIBT_PLUS,1,374443,305814,1012,1012,3226
brc202d.map,8,760,PIBT_PLUS,1,382388,310856,1012,1012,4638
brc202d.map,8,810,HCA,0,0,330155,-1,1028,30007
brc202d.map,8,820,HCA,1,353178,335410,1028,1028,27732
brc202d.map,8,830,HCA,1,360218,340904,1028,1028,22064
brc202d.map,8,840,HCA,0,0,345236,-1,1028,30009
brc202d.map,8,770,PIBT_PLUS,1,390319,314896,1012,1012,3234
brc202d.map,8,780,PIBT_PLUS,1,395932,317804,1022,1012,3692
brc202d.map,8,790,PIBT_PLUS,1,398521,322057,1012,1012,4666
brc202d.map,8,800,PIBT_PLUS,1,408150,326687,1038,1028,1802
brc202d.map,7,730,PushAndSwap --no-compress,0,165616099,302208,306722,1059,11919
brc202d.map,7,740,PushAndSwap --no-compress,0,170735453,307082,311698,1059,9854
brc202d.map,7,750,PushAndSwap --no-compress,0,175184254,310856,315582,1059,6254
brc202d.map,7,760,PushAndSwap --no-compress,0,179662898,314782,319558,1059,5637
brc202d.map,8,850,HCA,1,370895,349862,1028,1028,20036
brc202d.map,8,860,HCA,0,0,354145,-1,1028,30042
brc202d.map,8,870,HCA,1,379156,358316,1028,1028,24809
brc202d.map,8,880,HCA,0,0,363002,-1,1028,30006
brc202d.map,8,10,PushAndSwap,1,4962,2657,748,624,78
brc202d.map,8,20,PushAndSwap,1,19279,6713,1526,907,146
brc202d.map,8,30,PushAndSwap,0,40970,11125,2001,907,295
brc202d.map,8,40,PushAndSwap,0,19494,15675,2001,907,170
brc202d.map,8,810,PIBT_PLUS,1,410734,330155,1028,1028,3123
brc202d.map,8,820,PIBT_PLUS,1,416836,335410,1028,1028,4707
brc202d.map,8,830,PIBT_PLUS,1,422301,340904,1028,1028,1298
brc202d.map,8,840,PIBT_PLUS,1,431661,345236,1028,1028,1512
brc202d.map,8,50,PushAndSwap,0,22877,20209,2001,973,262
brc202d.map,8,60,PushAndSwap,0,14711,24205,2001,973,174
brc202d.map,8,70,PushAndSwap,0,24836,29165,2001,973,181
brc202d.map,8,80,PushAndSwap,0,20535,34113,2001,973,217
brc202d.map,8,90,PushAndSwap,0,22149,37763,2001,973,313
brc202d.map,8,100,PushAndSwap,0,23896,41275,2001,1005,275
brc202d.map,8,110,PushAndSwap,0,29451,46419,2001,1005,293
brc202d.map,8,120,PushAndSwap,0,29605,50141,2001,1005,376
brc202d.map,8,850,PIBT_PLUS,1,436872,349862,1028,1028,4947
brc202d.map,8,860,PIBT_PLUS,1,440048,354145,1028,1028,1264
brc202d.map,8,870,PIBT_PLUS,1,448392,358316,1028,1028,1371
brc202d.map,8,880,PIBT_PLUS,1,453167,363002,1028,1028,1121
brc202d.map,8,130,PushAndSwap,0,28466,55437,2001,1005,365
brc202d.map,8,140,PushAndSwap,0,26411,59818,2001,1005,432
brc202d.map,8,150,PushAndSwap,0,34392,63935,2001,1005,517
brc202d.map,8,160,PushAndSwap,0,28542,67716,2001,1005,504
brc202d.map,8,170,PushAndSwap,0,29654,72090,2001,1005,654
brc202d.map,8,180,PushAndSwap,0,36145,75949,2001,1005,577
brc202d.map,8,190,PushAndSwap,0,41987,80101,2001,1005,635
brc202d.map,8,200,PushAndSwap,0,39775,84262,2001,1007,1032
brc202d.map,8,890,PIBT_PLUS,1,458104,366302,1028,1028,823
brc202d.map,8,900,PIBT_PLUS,1,466468,372161,1069,1059,1815
brc202d.map,8,910,PIBT_PLUS,1,467559,374832,1060,1059,1509
brc202d.map,8,920,PIBT_PLUS,1,471427,378507,1059,1059,1857
brc202d.map,8,210,PushAndSwap,0,43600,89234,2001,1007,758
brc202d.map,8,220,PushAndSwap,0,42474,94314,2001,1007,785
brc202d.map,8,230,PushAndSwap,0,52227,98541,2001,1007,1552
brc202d.map,8,240,PushAndSwap,0,51599,102970,2001,1007,1631
brc202d.map,7,610,PushAndSwap,0,35078,253143,2001,1057,14181
brc202d.map,7,620,PushAndSwap,0,37244,257451,2001,1057,33723
brc202d.map,7,630,PushAndSwap,0,37280,261639,2001,1057,388260
brc202d.map,7,640,PushAndSwap,0,37558,265555,2001,1057,8249
brc202d.map,8,930,PIBT_PLUS,1,475294,381606,1059,1059,1131
brc202d.map,8,940,PIBT_PLUS,1,482182,386799,1059,1059,1038
brc202d.map,8,950,PIBT_PLUS,1,486251,391289,1060,1059,1282
brc202d.map,8,960,PIBT_PLUS,1,496501,395453,1069,1059,2738
brc202d.map,8,250,PushAndSwap,0,38701,106755,2001,1007,1028
brc202d.map,8,260,PushAndSwap,0,40725,111616,2001,1007,1951
brc202d.map,8,270,PushAndSwap,0,42728,117359,2001,1007,1903
brc202d.map,8,280,PushAndSwap,0,37369,123117,2001,1007,2051
brc202d.map,8,970,PIBT_PLUS,1,500261,400776,1118,1108,1798
brc202d.map,8,980,PIBT_PLUS,1,503893,403007,1108,1108,1029
brc202d.map,8,990,PIBT_PLUS,1,512488,406999,1108,1108,1920
brc202d.map,8,1000,PIBT_PLUS,1,517214,411800,1118,1108,1826
brc202d.map,8,290,PushAndSwap,0,37542,127786,2001,1007,1725
brc202d.map,8,300,PushAndSwap,0,43301,132612,2001,1007,2275
brc202d.map,8,310,PushAndSwap,0,43566,136906,2001,1007,2115
brc202d.map,8,320,PushAndSwap,0,47952,139535,2001,1007,2450
brc202d.map,6,730,PushAndSwap --no-compress,0,166446730,305372,309708,1053,8326
brc202d.map,6,740,PushAndSwap --no-compress,0,170567078,308232,312704,1053,6008
brc202d.map,6,750,PushAndSwap --no-compress,0,175461548,312870,317460,1053,5612
brc202d.map,6,760,PushAndSwap --no-compress,0,180327483,317013,321699,1053,8382
brc202d.map,8,330,PushAndSwap,0,39460,144027,2001,1007,2611
brc202d.map,8,340,PushAndSwap,0,39018,148030,2001,1007,2250
brc202d.map,8,350,PushAndSwap,0,46420,152228,2001,1007,3025
brc202d.map,8,360,PushAndSwap,0,46473,155894,2001,1007,3380
brc202d.map,8,370,PushAndSwap,0,46580,160321,2001,1007,3158
brc202d.map,8,380,PushAndSwap,0,49962,163848,2001,1007,2655
brc202d.map,8,390,PushAndSwap,0,50291,168087,2001,1007,3423
brc202d.map,8,400,PushAndSwap,0,52964,171638,2001,1007,4276
brc202d.map,8,410,PushAndSwap,0,50780,175022,2001,1007,3295
brc202d.map,8,420,PushAndSwap,0,51638,178383,2001,1007,4052
brc202d.map,8,430,PushAndSwap,0,53580,182192,2001,1007,4373
brc202d.map,8,440,PushAndSwap,0,54453,185757,2001,1007,4975
brc202d.map,8,450,PushAndSwap,0,61491,189706,2001,1007,4036
brc202d.map,8,460,PushAndSwap,0,61634,192885,2001,1007,4970
brc202d.map,8,470,PushAndSwap,0,61177,197237,2001,1007,4496
brc202d.map,8,480,PushAndSwap,0,59685,200363,2001,1007,4878
brc202d.map,8,890,HCA,0,0,366302,-1,1028,30036
brc202d.map,8,900,HCA,0,0,372161,-1,1059,30002
brc202d.map,8,910,HCA,1,394619,374832,1059,1059,24017
brc202d.map,8,920,HCA,0,0,378507,-1,1059,30007
brc202d.map,8,490,PushAndSwap,0,53429,204159,2001,1007,4374
brc202d.map,8,500,PushAndSwap,0,53700,207637,2001,1007,9537
brc202d.map,8,510,PushAndSwap,0,55652,211762,2001,1007,5440
brc202d.map,8,520,PushAndSwap,0,62117,215697,2001,1007,5716
brc202d.map,7,930,PushAndSwap --no-compress,-1,-1,-1,-1,-1,-1
brc202d.map,7,940,PushAndSwap --no-compress,-1,-1,-1,-1,-1,-1
brc202d.map,7,950,PushAndSwap --no-compress,-1,-1,-1,-1,-1,-1
brc202d.map,7,960,PushAndSwap --no-compress,-1,-1,-1,-1,-1,-1
brc202d.map,6,810,PushAndSwap,0,36900,337724,2001,1053,420972
brc202d.map,6,820,PushAndSwap,-1,-1,-1,-1,-1,-1
brc202d.map,6,830,PushAndSwap,-1,-1,-1,-1,-1,-1
brc202d.map,6,840,PushAndSwap,-1,-1,-1,-1,-1,-1
brc202d.map,25,770,PushAndSwap,0,33058,317649,2001,1095,753411
brc202d.map,25,780,PushAndSwap,0,33030,321961,2001,1095,919460
brc202d.map,25,790,PushAndSwap,0,62481297,326984,233524,1095,30005
brc202d.map,25,800,PushAndSwap,0,33514,330267,2001,1095,830650
brc202d.map,8,930,HCA,0,0,381606,-1,1059,30014
brc202d.map,8,940,HCA,1,408575,386799,1059,1059,29794
brc202d.map,8,950,HCA,1,413535,391289,1059,1059,23802
brc202d.map,8,960,HCA,0,0,395453,-1,1059,30021
brc202d.map,8,10,PushAndSwap --no-compress,0,19587,2657,2657,624,11
brc202d.map,8,20,PushAndSwap --no-compress,0,92548,6713,6713,907,20
brc202d.map,8,30,PushAndSwap --no-compress,0,234711,11125,11143,907,50
brc202d.map,8,40,PushAndSwap --no-compress,0,445118,15675,15705,907,61
brc202d.map,8,50,PushAndSwap --no-compress,0,710339,20209,20245,973,115
brc202d.map,8,60,PushAndSwap --no-compress,0,1016750,24205,24247,973,136
brc202d.map,8,70,PushAndSwap --no-compress,0,1426953,29165,29231,973,164
brc202d.map,8,80,PushAndSwap --no-compress,0,1955834,34113,34209,973,216
brc202d.map,8,90,PushAndSwap --no-compress,0,2454543,37763,37865,973,263
brc202d.map,8,100,PushAndSwap --no-compress,0,3003454,41275,41383,1005,292
brc202d.map,8,110,PushAndSwap --no-compress,0,3700488,46419,46551,1005,376
brc202d.map,8,120,PushAndSwap --no-compress,0,4385603,50141,50291,1005,521
brc202d.map,8,130,PushAndSwap --no-compress,0,5217985,55437,55607,1005,458
brc202d.map,8,140,PushAndSwap --no-compress,0,6075698,59818,60006,1005,237
brc202d.map,8,150,PushAndSwap --no-compress,0,6978594,63935,64253,1005,410
brc202d.map,8,160,PushAndSwap --no-compress,0,7900238,67716,68076,1005,705
brc202d.map,8,170,PushAndSwap --no-compress,0,8908279,72090,72474,1005,536
brc202d.map,8,180,PushAndSwap --no-compress,0,9997973,75949,76399,1005,930
brc202d.map,8,190,PushAndSwap --no-compress,0,11191033,80101,80569,1005,594
brc202d.map,8,200,PushAndSwap --no-compress,0,12403725,84262,84942,1007,642
brc202d.map,8,210,PushAndSwap --no-compress,0,13785022,89234,90072,1007,641
brc202d.map,8,220,PushAndSwap --no-compress,0,15254441,94314,95170,1007,647
brc202d.map,8,230,PushAndSwap --no-compress,0,16705348,98541,99439,1007,448
brc202d.map,8,240,PushAndSwap --no-compress,0,18155666,102970,103900,1007,1103
brc202d.map,8,250,PushAndSwap --no-compress,0,19588938,106755,107801,1007,499
brc202d.map,8,260,PushAndSwap --no-compress,0,21383762,111616,112806,1007,1146
brc202d.map,8,270,PushAndSwap --no-compress,0,23328484,117359,118625,1007,935
brc202d.map,8,280,PushAndSwap --no-compress,0,25446441,123117,124467,1007,658
brc202d.map,8,290,PushAndSwap --no-compress,0,27454776,127786,129142,1007,1063
brc202d.map,8,300,PushAndSwap --no-compress,0,29457484,132612,134010,1007,741
brc202d.map,8,310,PushAndSwap --no-compress,0,31450574,136906,138334,1007,2355
brc202d.map,8,320,PushAndSwap --no-compress,0,33100262,139535,141015,1007,2135
brc202d.map,8,610,PushAndSwap,0,42119,248815,2001,1007,20856
brc202d.map,8,620,PushAndSwap,0,42280,252575,2001,1007,11524
brc202d.map,8,630,PushAndSwap,0,44011,256435,2001,1007,7405
brc202d.map,8,640,PushAndSwap,0,44089,260924,2001,1007,11160
brc202d.map,8,970,HCA,0,0,400776,-1,1108,30071
brc202d.map,8,980,HCA,0,0,403007,-1,1108,30005
brc202d.map,8,990,HCA,0,0,406999,-1,1108,30042
brc202d.map,8,1000,HCA,0,0,411800,-1,1108,30011
brc202d.map,8,330,PushAndSwap --no-compress,0,35180389,144027,145531,1007,2420
brc202d.map,8,340,PushAndSwap --no-compress,0,37347331,148030,149552,1007,2374
brc202d.map,8,350,PushAndSwap --no-compress,0,39492667,152228,153712,1007,2147
brc202d.map,8,360,PushAndSwap --no-compress,0,41605304,155894,157390,1007,1932
brc202d.map,8,570,PushAndSwap,0,64377,233370,2001,1007,19645
brc202d.map,8,580,PushAndSwap,0,40563,239137,2001,1007,6951
brc202d.map,8,590,PushAndSwap,0,40801,243442,2001,1007,23961
brc202d.map,8,600,PushAndSwap,0,42066,246297,2001,1007,7142
brc202d.map,8,370,PushAndSwap --no-compress,0,43853813,160321,161829,1007,2195
brc202d.map,8,380,PushAndSwap --no-compress,0,46000769,163848,165418,1007,1833
brc202d.map,8,390,PushAndSwap --no-compress,0,48596092,168087,169833,1007,2765
brc202d.map,8,400,PushAndSwap --no-compress,0,50844234,171638,173462,1007,1365
brc202d.map,8,410,PushAndSwap --no-compress,0,53238148,175022,176900,1007,2098
brc202d.map,8,420,PushAndSwap --no-compress,0,55610577,178383,180299,1007,3033
brc202d.map,8,430,PushAndSwap --no-compress,0,58325991,182192,184172,1007,1629
brc202d.map,8,440,PushAndSwap --no-compress,0,60905197,185757,187811,1007,2480
brc202d.map,8,450,PushAndSwap --no-compress,0,63755046,189706,191814,1007,2807
brc202d.map,8,460,PushAndSwap --no-compress,0,66196752,192885,195029,1007,2528
brc202d.map,8,470,PushAndSwap --no-compress,0,69222676,197237,199641,1007,2965
brc202d.map,8,480,PushAndSwap --no-compress,0,71965385,200363,202825,1007,3301
brc202d.map,8,490,PushAndSwap --no-compress,0,74777188,204159,206687,1007,3532
brc202d.map,8,500,PushAndSwap --no-compress,0,77809428,207637,210267,1007,3028
brc202d.map,8,510,PushAndSwap --no-compress,0,81176891,211762,214432,1007,3547
brc202d.map,8,520,PushAndSwap --no-compress,0,84424504,215697,218477,1007,3543
brc202d.map,8,530,PushAndSwap --no-compress,0,87807694,220123,222963,1007,2353
brc202d.map,8,540,PushAndSwap --no-compress,0,90931840,223844,226768,1007,4288
brc202d.map,8,550,PushAndSwap --no-compress,0,94063986,227060,230036,1007,3585
brc202d.map,8,560,PushAndSwap --no-compress,0,96856737,229389,232427,1007,5402
brc202d.map,8,570,PushAndSwap --no-compress,0,100411633,233370,236532,1007,4485
brc202d.map,8,580,PushAndSwap --no-compress,0,104937917,239137,242255,1007,3832
brc202d.map,8,590,PushAndSwap --no-compress,0,108728723,243442,246646,1007,5704
brc202d.map,8,600,PushAndSwap --no-compress,0,112195481,246297,249589,1007,4521
brc202d.map,8,970,PushAndSwap,-1,-1,-1,-1,-1,-1
brc202d.map,8,980,PushAndSwap,-1,-1,-1,-1,-1,-1
brc202d.map,8,990,PushAndSwap,-1,-1,-1,-1,-1,-1
brc202d.map,8,1000,PushAndSwap,-1,-1,-1,-1,-1,-1
brc202d.map,7,770,PushAndSwap --no-compress,0,183925550,318200,322874,1059,9935
brc202d.map,7,780,PushAndSwap --no-compress,0,189260056,322423,327205,1059,8487
brc202d.map,7,790,PushAndSwap --no-compress,0,194590785,326618,331584,1059,11686
brc202d.map,7,800,PushAndSwap --no-compress,0,199511598,330465,335515,1059,6111
brc202d.map,8,930,PushAndSwap,-1,-1,-1,-1,-1,-1
brc202d.map,8,940,PushAndSwap,-1,-1,-1,-1,-1,-1
brc202d.map,8,950,PushAndSwap,-1,-1,-1,-1,-1,-1
brc202d.map,8,960,PushAndSwap,-1,-1,-1,-1,-1,-1
brc202d.map,8,890,PushAndSwap,-1,-1,-1,-1,-1,-1
brc202d.map,8,900,PushAndSwap,-1,-1,-1,-1,-1,-1
brc202d.map,8,910,PushAndSwap,-1,-1,-1,-1,-1,-1
brc202d.map,8,920,PushAndSwap,-1,-1,-1,-1,-1,-1
brc202d.map,6,810,PushAndSwap --no-compress,0,205357923,337724,343120,1053,12153
brc202d.map,6,820,PushAndSwap --no-compress,0,210131411,340502,346272,1053,8672
brc202d.map,6,830,PushAndSwap --no-compress,-1,-1,-1,-1,-1,-1
brc202d.map,6,840,PushAndSwap --no-compress,-1,-1,-1,-1,-1,-1
brc202d.map,8,850,PushAndSwap,-1,-1,-1,-1,-1,-1
brc202d.map,8,860,PushAndSwap,-1,-1,-1,-1,-1,-1
brc202d.map,8,870,PushAndSwap,-1,-1,-1,-1,-1,-1
brc202d.map,8,880,PushAndSwap,-1,-1,-1,-1,-1,-1
brc202d.map,9,10,PIBT,1,5401,5346,989,989,8
brc202d.map,9,20,PIBT,1,10328,10255,989,989,16
brc202d.map,9,30,PIBT,1,15109,15003,989,989,38
brc202d.map,9,40,PIBT,1,18086,17975,989,989,51
brc202d.map,9,50,PIBT,1,20956,20308,989,989,70
brc202d.map,9,60,PIBT,1,24849,23795,989,989,66
brc202d.map,9,70,PIBT,1,31033,29437,1026,1026,53
brc202d.map,9,80,PIBT,1,35791,34097,1026,1026,118
brc202d.map,9,90,PIBT,1,39522,38247,1026,1026,136
brc202d.map,9,100,PIBT,1,46299,43628,1026,1026,72
brc202d.map,9,110,PIBT,1,50765,48014,1054,1054,89
brc202d.map,9,120,PIBT,1,55411,52068,1054,1054,92
brc202d.map,9,130,PIBT,1,60513,57014,1054,1054,142
brc202d.map,9,140,PIBT,1,65967,62334,1054,1054,172
brc202d.map,9,150,PIBT,1,69990,66170,1054,1054,229
brc202d.map,9,160,PIBT,1,74768,71049,1054,1054,195
brc202d.map,9,170,PIBT,1,80722,75777,1054,1054,165
brc202d.map,9,180,PIBT,1,86065,80241,1054,1054,127
brc202d.map,9,190,PIBT,1,91610,84693,1054,1054,163
brc202d.map,9,200,PIBT,1,96141,90262,1054,1054,469
brc202d.map,9,210,PIBT,1,103834,95473,1054,1054,261
brc202d.map,9,220,PIBT,1,109418,100442,1054,1054,372
brc202d.map,9,230,PIBT,1,114680,104827,1054,1054,265
brc202d.map,9,240,PIBT,1,120239,110560,1054,1054,283
brc202d.map,8,530,PushAndSwap,0,62101,220123,2001,1007,7867
brc202d.map,8,540,PushAndSwap,0,62506,223844,2001,1007,17369
brc202d.map,8,550,PushAndSwap,0,64419,227060,2001,1007,94233
brc202d.map,8,560,PushAndSwap,0,64168,229389,2001,1007,29039
brc202d.map,9,250,PIBT,1,125380,114342,1054,1054,190
brc202d.map,9,260,PIBT,1,129645,118748,1054,1054,257
brc202d.map,9,270,PIBT,1,132375,121955,1054,1054,327
brc202d.map,9,280,PIBT,1,140662,126481,1054,1054,234
brc202d.map,9,290,PIBT,1,145555,130919,1054,1054,489
brc202d.map,9,300,PIBT,1,150108,134861,1054,1054,477
brc202d.map,9,310,PIBT,1,154268,138228,1054,1054,523
brc202d.map,9,320,PIBT,1,158666,141739,1054,1054,244
brc202d.map,9,330,PIBT,1,162449,145410,1054,1054,481
brc202d.map,9,340,PIBT,1,170266,150332,1054,1054,522
brc202d.map,9,350,PIBT,1,173111,153652,1054,1054,253
brc202d.map,9,360,PIBT,1,179664,157304,1054,1054,352
brc202d.map,9,370,PIBT,1,184479,161410,1054,1054,316
brc202d.map,9,380,PIBT,1,188167,164966,1054,1054,552
brc202d.map,9,390,PIBT,1,195116,170212,1054,1054,336
brc202d.map,9,400,PIBT,1,200817,174764,1054,1054,658
brc202d.map,9,410,PIBT,1,204449,178799,1054,1054,454
brc202d.map,9,420,PIBT,1,208739,183437,1054,1054,764
brc202d.map,9,430,PIBT,1,214693,187143,1054,1054,539
brc202d.map,9,440,PIBT,1,218031,191178,1054,1054,679
brc202d.map,9,450,PIBT,1,221468,194647,1054,1054,443
brc202d.map,9,460,PIBT,1,226717,197745,1054,1054,439
brc202d.map,9,470,PIBT,1,231150,201507,1054,1054,711
brc202d.map,9,480,PIBT,1,238064,206602,1054,1054,780
brc202d.map,9,490,PIBT,1,240198,210768,1054,1054,478
brc202d.map,9,500,PIBT,1,245721,213865,1054,1054,536
brc202d.map,9,510,PIBT,1,251488,218775,1054,1054,925
brc202d.map,9,520,PIBT,1,255416,222806,1054,1054,493
brc202d.map,9,530,PIBT,1,261076,227253,1054,1054,938
brc202d.map,9,540,PIBT,1,268059,233180,1054,1054,496
brc202d.map,9,550,PIBT,0,271917,236317,2000,1054,596
brc202d.map,9,560,PIBT,1,278027,241024,1054,1054,738
brc202d.map,9,570,PIBT,1,283744,244552,1054,1054,1905
brc202d.map,9,580,PIBT,1,290112,249015,1054,1054,670
brc202d.map,9,590,PIBT,1,295306,253642,1054,1054,564
brc202d.map,9,600,PIBT,0,299240,257548,2000,1054,1517
brc202d.map,9,610,PIBT,1,305633,262266,1054,1054,1095
brc202d.map,9,620,PIBT,1,312532,266580,1065,1065,737
brc202d.map,9,630,PIBT,1,316725,270829,1065,1065,918
brc202d.map,9,640,PIBT,1,323851,275291,1065,1065,1058
brc202d.map,8,610,PushAndSwap --no-compress,0,115712047,248815,252209,1007,4369
brc202d.map,8,620,PushAndSwap --no-compress,0,119444858,252575,256071,1007,5519
brc202d.map,8,630,PushAndSwap --no-compress,0,123506296,256435,260067,1007,5086
brc202d.map,8,640,PushAndSwap --no-compress,0,127525106,260924,264730,1007,7776
brc202d.map,9,650,PIBT,1,327473,278534,1065,1065,806
brc202d.map,9,660,PIBT,0,332083,282425,2000,1065,1099
brc202d.map,9,670,PIBT,1,337776,287565,1065,1065,486
brc202d.map,9,680,PIBT,1,344229,292923,1065,1065,484
brc202d.map,8,970,PushAndSwap --no-compress,-1,-1,-1,-1,-1,-1
brc202d.map,8,980,PushAndSwap --no-compress,-1,-1,-1,-1,-1,-1
brc202d.map,8,990,PushAndSwap --no-compress,-1,-1,-1,-1,-1,-1
brc202d.map,8,1000,PushAndSwap --no-compress,-1,-1,-1,-1,-1,-1
brc202d.map,9,690,PIBT,1,351792,296888,1065,1065,963
brc202d.map,9,700,PIBT,1,358372,300549,1065,1065,1191
brc202d.map,9,710,PIBT,1,362123,305332,1065,1065,719
brc202d.map,9,720,PIBT,1,366919,308699,1065,1065,771
brc202d.map,9,730,PIBT,1,372448,314021,1097,1097,1138
brc202d.map,9,740,PIBT,1,381192,319194,1097,1097,748
brc202d.map,9,750,PIBT,0,383959,322485,2000,1097,893
brc202d.map,9,760,PIBT,1,392475,326070,1097,1097,693
brc202d.map,8,650,PushAndSwap --no-compress,0,132487274,266378,270276,1007,4811
brc202d.map,8,660,PushAndSwap --no-compress,0,136391926,269628,274034,1007,7443
brc202d.map,8,670,PushAndSwap --no-compress,0,140098025,272781,277465,1007,7505
brc202d.map,8,680,PushAndSwap --no-compress,0,144116256,276724,281454,1007,5062
brc202d.map,9,770,PIBT,1,400468,331602,1097,1097,833
brc202d.map,9,780,PIBT,1,405654,335844,1097,1097,824
brc202d.map,9,790,PIBT,1,407596,339145,1097,1097,677
brc202d.map,9,800,PIBT,1,415393,344593,1097,1097,764
brc202d.map,9,810,PIBT,1,423003,349497,1097,1097,776
brc202d.map,9,820,PIBT,1,426487,353916,1097,1097,936
brc202d.map,9,830,PIBT,1,436423,357686,1097,1097,984
brc202d.map,9,840,PIBT,1,440047,361988,1097,1097,1028
brc202d.map,9,10,HCA,1,5350,5346,989,989,274
brc202d.map,9,20,HCA,1,10264,10255,989,989,818
brc202d.map,9,30,HCA,1,15022,15003,989,989,677
brc202d.map,9,40,HCA,1,17995,17975,989,989,345
brc202d.map,9,850,PIBT,1,449255,367018,1097,1097,805
brc202d.map,9,860,PIBT,1,449800,370354,1097,1097,693
brc202d.map,9,870,PIBT,1,459033,374104,1097,1097,1029
brc202d.map,9,880,PIBT,1,461452,378548,1097,1097,812
brc202d.map,9,890,PIBT,1,469172,382792,1097,1097,954
brc202d.map,9,900,PIBT,1,472216,386704,1097,1097,1062
brc202d.map,9,910,PIBT,1,482317,392476,1097,1097,905
brc202d.map,9,920,PIBT,1,485779,396721,1097,1097,999
brc202d.map,9,930,PIBT,1,490860,399922,1097,1097,977
brc202d.map,9,940,PIBT,1,499849,403984,1097,1097,857
brc202d.map,9,950,PIBT,1,506974,408775,1097,1097,736
brc202d.map,9,960,PIBT,1,511014,413133,1097,1097,963
brc202d.map,8,930,PushAndSwap --no-compress,-1,-1,-1,-1,-1,-1
brc202d.map,8,940,PushAndSwap --no-compress,-1,-1,-1,-1,-1,-1
brc202d.map,8,950,PushAndSwap --no-compress,-1,-1,-1,-1,-1,-1
brc202d.map,8,960,PushAndSwap --no-compress,0,294276607,395453,403389,1059,10605
brc202d.map,9,970,PIBT,0,518217,417085,2000,1097,1085
brc202d.map,9,980,PIBT,1,522596,420021,1097,1097,827
brc202d.map,9,990,PIBT,1,524588,422285,1097,1097,971
brc202d.map,9,1000,PIBT,1,533626,426787,1097,1097,976
brc202d.map,9,50,HCA,1,20332,20308,989,989,675
brc202d.map,9,60,HCA,1,23829,23795,989,989,593
brc202d.map,9,70,HCA,1,29474,29437,1026,1026,1249
brc202d.map,9,80,HCA,1,34140,34097,1026,1026,444
brc202d.map,9,90,HCA,1,38300,38247,1026,1026,707
brc202d.map,9,100,HCA,1,44087,43628,1026,1026,1167
brc202d.map,9,110,HCA,1,48816,48014,1054,1054,613
brc202d.map,9,120,HCA,1,52885,52068,1054,1054,2381
brc202d.map,9,130,HCA,1,57857,57014,1054,1054,1404
brc202d.map,9,140,HCA,1,63211,62334,1054,1054,722
brc202d.map,9,150,HCA,1,67139,66170,1054,1054,2762
brc202d.map,9,160,HCA,1,72032,71049,1054,1054,1421
brc202d.map,9,170,HCA,1,76770,75777,1054,1054,1001
brc202d.map,9,180,HCA,1,80950,80241,1054,1054,2967
brc202d.map,9,190,HCA,1,86063,84693,1054,1054,2044
brc202d.map,9,200,HCA,1,91668,90262,1054,1054,2887
brc202d.map,9,210,HCA,1,96881,95473,1054,1054,3026
brc202d.map,9,220,HCA,1,101863,100442,1054,1054,1929
brc202d.map,9,230,HCA,1,106267,104827,1054,1054,3213
brc202d.map,9,240,HCA,1,112014,110560,1054,1054,4249
brc202d.map,9,250,HCA,1,115816,114342,1054,1054,3739
brc202d.map,9,260,HCA,1,120497,118748,1054,1054,3723
brc202d.map,9,270,HCA,1,123716,121955,1054,1054,3741
brc202d.map,9,280,HCA,1,128379,126481,1054,1054,6222
brc202d.map,9,330,HCA,1,147406,145410,1054,1054,4529
brc202d.map,9,340,HCA,1,152364,150332,1054,1054,5842
brc202d.map,9,350,HCA,1,155709,153652,1054,1054,6078
brc202d.map,9,360,HCA,1,159412,157304,1054,1054,6613
brc202d.map,9,290,HCA,1,132830,130919,1054,1054,4242
brc202d.map,9,300,HCA,1,136807,134861,1054,1054,7667
brc202d.map,9,310,HCA,1,140183,138228,1054,1054,13241
brc202d.map,9,320,HCA,1,143703,141739,1054,1054,4247
brc202d.map,9,370,HCA,1,164071,161410,1054,1054,8737
brc202d.map,9,380,HCA,1,167625,164966,1054,1054,6778
brc202d.map,9,390,HCA,1,172905,170212,1054,1054,7073
brc202d.map,9,400,HCA,1,177610,174764,1054,1054,8904
brc202d.map,9,410,HCA,1,181683,178799,1054,1054,10375
brc202d.map,9,420,HCA,1,186338,183437,1054,1054,10969
brc202d.map,9,430,HCA,1,190061,187143,1054,1054,11747
brc202d.map,9,440,HCA,1,194332,191178,1054,1054,5647
brc202d.map,9,450,HCA,1,197875,194647,1054,1054,12122
brc202d.map,9,460,HCA,1,201092,197745,1054,1054,10898
brc202d.map,9,470,HCA,1,204859,201507,1054,1054,7023
brc202d.map,9,480,HCA,1,209907,206602,1054,1054,6613
brc202d.map,9,490,HCA,1,214337,210768,1054,1054,18832
brc202d.map,9,500,HCA,1,218410,213865,1054,1054,6246
brc202d.map,9,510,HCA,1,223230,218775,1054,1054,4717
brc202d.map,9,520,HCA,1,228090,222806,1054,1054,10569
brc202d.map,8,890,PushAndSwap --no-compress,-1,-1,-1,-1,-1,-1
brc202d.map,8,900,PushAndSwap --no-compress,-1,-1,-1,-1,-1,-1
brc202d.map,8,910,PushAndSwap --no-compress,-1,-1,-1,-1,-1,-1
brc202d.map,8,920,PushAndSwap --no-compress,-1,-1,-1,-1,-1,-1
brc202d.map,8,730,PushAndSwap --no-compress,0,167410295,296502,301756,1007,6533
brc202d.map,8,740,PushAndSwap --no-compress,0,172094777,300817,306203,1007,8116
brc202d.map,8,750,PushAndSwap --no-compress,0,177131845,305814,311260,1012,10140
brc202d.map,8,760,PushAndSwap --no-compress,0,182243256,310856,316390,1012,7426
brc202d.map,8,690,PushAndSwap,0,46171,279037,2001,1007,150448
brc202d.map,8,700,PushAndSwap,0,46368,283211,2001,1007,37316
brc202d.map,8,710,PushAndSwap,0,46523,286791,2001,1007,65329
brc202d.map,8,720,PushAndSwap,0,28369,291566,2001,1007,10525
brc202d.map,8,650,PushAndSwap,0,42467,266378,2001,1007,21856
brc202d.map,8,660,PushAndSwap,0,44067,269628,2001,1007,168466
brc202d.map,8,670,PushAndSwap,0,44221,272781,2001,1007,21517
brc202d.map,8,680,PushAndSwap,0,46132,276724,2001,1007,65919
brc202d.map,4,770,PushAndSwap,0,40838,315425,2001,1102,398171
brc202d.map,4,780,PushAndSwap,0,40978,319118,2001,1102,31269
brc202d.map,4,790,PushAndSwap,0,40829,322913,2001,1102,923844
brc202d.map,4,800,PushAndSwap,0,40511,328018,2001,1102,733018
brc202d.map,9,530,HCA,1,232710,227253,1054,1054,17000
brc202d.map,9,540,HCA,1,238803,233180,1054,1054,13426
brc202d.map,9,550,HCA,1,243109,236317,1054,1054,25525
brc202d.map,9,560,HCA,1,248179,241024,1054,1054,21526
brc202d.map,8,690,PushAndSwap --no-compress,0,148277733,279037,283861,1007,8375
brc202d.map,8,700,PushAndSwap --no-compress,0,152769859,283211,288151,1007,6105
brc202d.map,8,710,PushAndSwap --no-compress,0,157181978,286791,291791,1007,5101
brc202d.map,8,720,PushAndSwap --no-compress,0,161945009,291566,296662,1007,6435
brc202d.map,9,10,PIBT_PLUS,1,5401,5346,989,989,13
brc202d.map,9,20,PIBT_PLUS,1,10328,10255,989,989,26
brc202d.map,9,30,PIBT_PLUS,1,15109,15003,989,989,36
brc202d.map,9,40,PIBT_PLUS,1,18086,17975,989,989,40
brc202d.map,9,50,PIBT_PLUS,1,20956,20308,989,989,45
brc202d.map,9,60,PIBT_PLUS,1,24849,23795,989,989,67
brc202d.map,9,70,PIBT_PLUS,1,31033,29437,1026,1026,136
brc202d.map,9,80,PIBT_PLUS,1,35791,34097,1026,1026,146
brc202d.map,9,90,PIBT_PLUS,1,39522,38247,1026,1026,102
brc202d.map,9,100,PIBT_PLUS,1,46299,43628,1026,1026,199
brc202d.map,9,110,PIBT_PLUS,1,50765,48014,1054,1054,155
brc202d.map,9,120,PIBT_PLUS,1,55411,52068,1054,1054,245
brc202d.map,9,610,HCA,1,269096,262266,1054,1054,15485
brc202d.map,9,620,HCA,1,273553,266580,1065,1065,22220
brc202d.map,9,630,HCA,1,277623,270829,1065,1065,19300
brc202d.map,9,640,HCA,1,282283,275291,1065,1065,27621
brc202d.map,9,130,PIBT_PLUS,1,60513,57014,1054,1054,155
brc202d.map,9,140,PIBT_PLUS,1,65967,62334,1054,1054,340
brc202d.map,9,150,PIBT_PLUS,1,69990,66170,1054,1054,251
brc202d.map,9,160,PIBT_PLUS,1,74768,71049,1054,1054,359
brc202d.map,9,170,PIBT_PLUS,1,80722,75777,1054,1054,361
brc202d.map,9,180,PIBT_PLUS,1,86065,80241,1054,1054,287
brc202d.map,9,190,PIBT_PLUS,1,91610,84693,1054,1054,319
brc202d.map,9,200,PIBT_PLUS,1,96141,90262,1054,1054,375
brc202d.map,9,570,HCA,1,250855,244552,1054,1054,28680
brc202d.map,9,580,HCA,1,255298,249015,1054,1054,24542
brc202d.map,9,590,HCA,1,259964,253642,1054,1054,23580
brc202d.map,9,600,HCA,1,264374,257548,1054,1054,18670
brc202d.map,9,210,PIBT_PLUS,1,103834,95473,1054,1054,245
brc202d.map,9,220,PIBT_PLUS,1,109418,100442,1054,1054,619
brc202d.map,9,230,PIBT_PLUS,1,114680,104827,1054,1054,502
brc202d.map,9,240,PIBT_PLUS,1,120239,110560,1054,1054,258
brc202d.map,9,250,PIBT_PLUS,1,125380,114342,1054,1054,569
brc202d.map,9,260,PIBT_PLUS,1,129645,118748,1054,1054,291
brc202d.map,9,270,PIBT_PLUS,1,132375,121955,1054,1054,294
brc202d.map,9,280,PIBT_PLUS,1,140662,126481,1054,1054,609
brc202d.map,9,290,PIBT_PLUS,1,145555,130919,1054,1054,316
brc202d.map,9,300,PIBT_PLUS,1,150108,134861,1054,1054,342
brc202d.map,9,310,PIBT_PLUS,1,154268,138228,1054,1054,595
brc202d.map,9,320,PIBT_PLUS,1,158666,141739,1054,1054,773
brc202d.map,9,330,PIBT_PLUS,1,162449,145410,1054,1054,363
brc202d.map,9,340,PIBT_PLUS,1,170266,150332,1054,1054,1002
brc202d.map,9,350,PIBT_PLUS,1,173111,153652,1054,1054,868
brc202d.map,9,360,PIBT_PLUS,1,179664,157304,1054,1054,658
brc202d.map,9,370,PIBT_PLUS,1,184479,161410,1054,1054,485
brc202d.map,9,380,PIBT_PLUS,1,188167,164966,1054,1054,805
brc202d.map,9,390,PIBT_PLUS,1,195116,170212,1054,1054,1111
brc202d.map,9,400,PIBT_PLUS,1,200817,174764,1054,1054,912
brc202d.map,9,410,PIBT_PLUS,1,204449,178799,1054,1054,1125
brc202d.map,9,420,PIBT_PLUS,1,208739,183437,1054,1054,1022
brc202d.map,9,430,PIBT_PLUS,1,214693,187143,1054,1054,1073
brc202d.map,9,440,PIBT_PLUS,1,218031,191178,1054,1054,850
brc202d.map,9,450,PIBT_PLUS,1,221468,194647,1054,1054,1105
brc202d.map,9,460,PIBT_PLUS,1,226717,197745,1054,1054,876
brc202d.map,9,470,PIBT_PLUS,1,231150,201507,1054,1054,586
brc202d.map,9,480,PIBT_PLUS,1,238064,206602,1054,1054,879
brc202d.map,9,490,PIBT_PLUS,1,240198,210768,1054,1054,785
brc202d.map,9,500,PIBT_PLUS,1,245721,213865,1054,1054,1007
brc202d.map,9,510,PIBT_PLUS,1,251488,218775,1054,1054,1585
brc202d.map,9,520,PIBT_PLUS,1,255416,222806,1054,1054,1177
brc202d.map,9,530,PIBT_PLUS,1,261076,227253,1054,1054,757
brc202d.map,9,540,PIBT_PLUS,1,268059,233180,1054,1054,1638
brc202d.map,9,550,PIBT_PLUS,1,272537,236317,1060,1054,1473
brc202d.map,9,560,PIBT_PLUS,1,278027,241024,1054,1054,1640
brc202d.map,9,570,PIBT_PLUS,1,283744,244552,1054,1054,1041
brc202d.map,9,580,PIBT_PLUS,1,290112,249015,1054,1054,971
brc202d.map,9,590,PIBT_PLUS,1,295306,253642,1054,1054,1839
brc202d.map,9,600,PIBT_PLUS,1,299858,257548,1060,1054,2291
brc202d.map,9,730,HCA,1,325119,314021,1097,1097,27747
brc202d.map,9,740,HCA,1,331118,319194,1097,1097,15913
brc202d.map,9,750,HCA,1,334683,322485,1097,1097,18698
brc202d.map,9,760,HCA,1,337979,326070,1097,1097,25635
brc202d.map,9,610,PIBT_PLUS,1,305633,262266,1054,1054,1836
brc202d.map,9,620,PIBT_PLUS,1,312532,266580,1065,1065,1671
brc202d.map,9,630,PIBT_PLUS,1,316725,270829,1065,1065,1538
brc202d.map,9,640,PIBT_PLUS,1,323851,275291,1065,1065,826
brc202d.map,9,650,PIBT_PLUS,1,327473,278534,1065,1065,1609
brc202d.map,9,660,PIBT_PLUS,1,332723,282425,1071,1065,2542
brc202d.map,9,670,PIBT_PLUS,1,337776,287565,1065,1065,1539
brc202d.map,9,680,PIBT_PLUS,1,344229,292923,1065,1065,2008
brc202d.map,9,650,HCA,1,285867,278534,1065,1065,24567
brc202d.map,9,660,HCA,0,0,282425,-1,1065,30206
brc202d.map,9,670,HCA,1,296229,287565,1065,1065,22126
brc202d.map,9,680,HCA,0,0,292923,-1,1065,32269
brc202d.map,9,690,PIBT_PLUS,1,351792,296888,1065,1065,1488
brc202d.map,9,700,PIBT_PLUS,1,358372,300549,1065,1065,1697
brc202d.map,9,710,PIBT_PLUS,1,362123,305332,1065,1065,1997
brc202d.map,9,720,PIBT_PLUS,1,366919,308699,1065,1065,1637
brc202d.map,9,730,PIBT_PLUS,1,372448,314021,1097,1097,1115
brc202d.map,9,740,PIBT_PLUS,1,381192,319194,1097,1097,1875
brc202d.map,9,750,PIBT_PLUS,1,384667,322485,1103,1097,2843
brc202d.map,9,760,PIBT_PLUS,1,392475,326070,1097,1097,2287
brc202d.map,9,770,PIBT_PLUS,1,400468,331602,1097,1097,1322
brc202d.map,9,780,PIBT_PLUS,1,405654,335844,1097,1097,1301
brc202d.map,9,790,PIBT_PLUS,1,407596,339145,1097,1097,1365
brc202d.map,9,800,PIBT_PLUS,1,415393,344593,1097,1097,2204
brc202d.map,9,690,HCA,1,306541,296888,1065,1065,24806
brc202d.map,9,700,HCA,0,0,300549,-1,1065,30031
brc202d.map,9,710,HCA,1,314762,305332,1065,1065,26799
brc202d.map,9,720,HCA,1,318147,308699,1065,1065,28207
brc202d.map,9,10,PushAndSwap,1,14159,5346,1849,989,87
brc202d.map,9,20,PushAndSwap,0,14644,10255,2001,989,93
brc202d.map,9,30,PushAndSwap,0,24636,15003,2001,989,93
brc202d.map,9,40,PushAndSwap,0,26803,17975,2001,989,110
brc202d.map,9,50,PushAndSwap,0,30066,20308,2001,989,157
brc202d.map,9,60,PushAndSwap,0,28354,23795,2001,989,594
brc202d.map,9,70,PushAndSwap,0,20847,29437,2001,1026,458
brc202d.map,9,80,PushAndSwap,0,23215,34097,2001,1026,393
brc202d.map,9,810,PIBT_PLUS,1,423003,349497,1097,1097,1813
brc202d.map,9,820,PIBT_PLUS,1,426487,353916,1097,1097,2479
brc202d.map,9,830,PIBT_PLUS,1,436423,357686,1097,1097,1630
brc202d.map,9,840,PIBT_PLUS,1,440047,361988,1097,1097,1394
brc202d.map,9,90,PushAndSwap,0,24122,38247,2001,1026,396
brc202d.map,9,100,PushAndSwap,0,18603,43628,2001,1026,314
brc202d.map,9,110,PushAndSwap,0,20821,48014,2001,1054,500
brc202d.map,9,120,PushAndSwap,0,20866,52068,2001,1054,539
brc202d.map,9,850,PIBT_PLUS,1,449255,367018,1097,1097,2555
brc202d.map,9,860,PIBT_PLUS,1,449800,370354,1097,1097,2053
brc202d.map,9,870,PIBT_PLUS,1,459033,374104,1097,1097,1367
brc202d.map,9,880,PIBT_PLUS,1,461452,378548,1097,1097,1988
brc202d.map,9,130,PushAndSwap,0,20978,57014,2001,1054,421
brc202d.map,9,140,PushAndSwap,0,24294,62334,2001,1054,539
brc202d.map,9,150,PushAndSwap,0,28595,66170,2001,1054,1104
brc202d.map,9,160,PushAndSwap,0,30241,71049,2001,1054,879
brc202d.map,9,890,PIBT_PLUS,1,469172,382792,1097,1097,2725
brc202d.map,9,900,PIBT_PLUS,1,472216,386704,1097,1097,2301
brc202d.map,9,910,PIBT_PLUS,1,482317,392476,1097,1097,1460
brc202d.map,9,920,PIBT_PLUS,1,485779,396721,1097,1097,1822
brc202d.map,7,730,PushAndSwap,0,42986,302208,2001,1059,241779
brc202d.map,7,740,PushAndSwap,0,44114,307082,2001,1059,119422
brc202d.map,7,750,PushAndSwap,0,44420,310856,2001,1059,33010
brc202d.map,7,760,PushAndSwap,0,44288,314782,2001,1059,419891
brc202d.map,9,170,PushAndSwap,0,32101,75777,2001,1054,677
brc202d.map,9,180,PushAndSwap,0,33734,80241,2001,1054,1194
brc202d.map,9,190,PushAndSwap,0,36472,84693,2001,1054,992
brc202d.map,9,200,PushAndSwap,0,32885,90262,2001,1054,996
brc202d.map,9,770,HCA,1,343516,331602,1097,1097,18815
brc202d.map,9,780,HCA,0,0,335844,-1,1097,30018
brc202d.map,9,790,HCA,1,351568,339145,1097,1097,22933
brc202d.map,9,800,HCA,1,357504,344593,1097,1097,26248
brc202d.map,6,770,PushAndSwap --no-compress,0,186052247,322539,327513,1053,7700
brc202d.map,6,780,PushAndSwap --no-compress,0,190492118,326115,331181,1053,7486
brc202d.map,6,790,PushAndSwap --no-compress,0,195473108,329715,334909,1053,6980
brc202d.map,6,800,PushAndSwap --no-compress,0,200263949,333497,338747,1053,7837
brc202d.map,9,930,PIBT_PLUS,1,490860,399922,1097,1097,2409
brc202d.map,9,940,PIBT_PLUS,1,499849,403984,1097,1097,1554
brc202d.map,9,950,PIBT_PLUS,1,506974,408775,1097,1097,1351
brc202d.map,9,960,PIBT_PLUS,1,511014,413133,1097,1097,1406
brc202d.map,9,970,PIBT_PLUS,1,518905,417085,1103,1097,2929
brc202d.map,9,980,PIBT_PLUS,1,522596,420021,1097,1097,1634
brc202d.map,9,990,PIBT_PLUS,1,524588,422285,1097,1097,1454
brc202d.map,9,1000,PIBT_PLUS,1,533626,426787,1097,1097,1873
brc202d.map,9,210,PushAndSwap,0,27843,95473,2001,1054,907
brc202d.map,9,220,PushAndSwap,0,29106,100442,2001,1054,1120
brc202d.map,9,230,PushAndSwap,0,29596,104827,2001,1054,1472
brc202d.map,9,240,PushAndSwap,0,30753,110560,2001,1054,1427
brc202d.map,7,810,PushAndSwap --no-compress,0,204256942,334723,339879,1059,10290
brc202d.map,7,820,PushAndSwap --no-compress,0,208699940,336840,342050,1059,7819
brc202d.map,7,830,PushAndSwap --no-compress,0,213587564,340266,345546,1059,6573
brc202d.map,7,840,PushAndSwap --no-compress,0,219091159,344575,350123,1059,7903
brc202d.map,9,250,PushAndSwap,0,27042,114342,2001,1054,1322
brc202d.map,9,260,PushAndSwap,0,27870,118748,2001,1054,1629
brc202d.map,9,270,PushAndSwap,0,27975,121955,2001,1054,1713
brc202d.map,9,280,PushAndSwap,0,27742,126481,2001,1054,1649
brc202d.map,9,290,PushAndSwap,0,28068,130919,2001,1054,1715
brc202d.map,9,300,PushAndSwap,0,28362,134861,2001,1054,2099
brc202d.map,9,310,PushAndSwap,0,29809,138228,2001,1054,2236
brc202d.map,9,320,PushAndSwap,0,29934,141739,2001,1054,2487
brc202d.map,9,810,HCA,1,361858,349497,1097,1097,23945
brc202d.map,9,820,HCA,1,366874,353916,1097,1097,24846
brc202d.map,9,830,HCA,1,371199,357686,1097,1097,26754
brc202d.map,9,840,HCA,0,0,361988,-1,1097,30002
brc202d.map,9,330,PushAndSwap,0,31320,145410,2001,1054,2171
brc202d.map,9,340,PushAndSwap,0,33231,150332,2001,1054,2861
brc202d.map,9,350,PushAndSwap,0,33409,153652,2001,1054,2398
brc202d.map,9,360,PushAndSwap,0,33672,157304,2001,1054,3131
brc202d.map,9,850,HCA,1,381363,367018,1097,1097,22062
brc202d.map,9,860,HCA,1,384456,370354,1097,1097,26490
brc202d.map,9,870,HCA,1,388291,374104,1097,1097,27865
brc202d.map,9,880,HCA,0,0,378548,-1,1097,30260
brc202d.map,9,370,PushAndSwap,0,34173,161410,2001,1054,3147
brc202d.map,9,380,PushAndSwap,0,34090,164966,2001,1054,3273
brc202d.map,9,390,PushAndSwap,0,35578,170212,2001,1054,3229
brc202d.map,9,400,PushAndSwap,0,38852,174764,2001,1054,3608
brc202d.map,9,410,PushAndSwap,0,40206,178799,2001,1054,3043
brc202d.map,9,420,PushAndSwap,0,40925,183437,2001,1054,3937
brc202d.map,9,430,PushAndSwap,0,41088,187143,2001,1054,4838
brc202d.map,9,440,PushAndSwap,0,46761,191178,2001,1054,17087
brc202d.map,9,450,PushAndSwap,0,47764,194647,2001,1054,6186
brc202d.map,9,460,PushAndSwap,0,47932,197745,2001,1054,5381
brc202d.map,9,470,PushAndSwap,0,48047,201507,2001,1054,11043
brc202d.map,9,480,PushAndSwap,0,46989,206602,2001,1054,4995
brc202d.map,9,890,HCA,1,397933,382792,1097,1097,28031
brc202d.map,9,900,HCA,0,0,386704,-1,1097,30120
brc202d.map,9,910,HCA,0,0,392476,-1,1097,30000
brc202d.map,9,920,HCA,0,0,396721,-1,1097,30085
brc202d.map,8,850,PushAndSwap --no-compress,-1,-1,-1,-1,-1,-1
brc202d.map,8,860,PushAndSwap --no-compress,-1,-1,-1,-1,-1,-1
brc202d.map,8,870,PushAndSwap --no-compress,0,241472054,358316,365246,1028,10134
brc202d.map,8,880,PushAndSwap --no-compress,-1,-1,-1,-1,-1,-1
brc202d.map,9,10,PushAndSwap --no-compress,0,39159,5346,5352,989,9
brc202d.map,9,20,PushAndSwap --no-compress,0,145978,10255,10263,989,18
brc202d.map,9,30,PushAndSwap --no-compress,0,307928,15003,15017,989,29
brc202d.map,9,40,PushAndSwap --no-compress,0,498404,17975,17989,989,47
brc202d.map,9,50,PushAndSwap --no-compress,0,711823,20308,20322,989,58
brc202d.map,9,60,PushAndSwap --no-compress,0,1003140,23795,23913,989,72
brc202d.map,9,70,PushAndSwap --no-compress,0,1453385,29437,29573,1026,90
brc202d.map,9,80,PushAndSwap --no-compress,0,1924139,34097,34257,1026,84
brc202d.map,9,90,PushAndSwap --no-compress,0,2413821,38247,38413,1026,97
brc202d.map,9,100,PushAndSwap --no-compress,0,3057707,43628,43820,1026,120
brc202d.map,9,110,PushAndSwap --no-compress,0,3735447,48014,48212,1054,181
brc202d.map,9,120,PushAndSwap --no-compress,0,4407160,52068,52278,1054,255
brc202d.map,9,130,PushAndSwap --no-compress,0,5236881,57014,57248,1054,264
brc202d.map,9,140,PushAndSwap --no-compress,0,6164093,62334,62664,1054,601
brc202d.map,9,150,PushAndSwap --no-compress,0,7059354,66170,66548,1054,409
brc202d.map,9,160,PushAndSwap --no-compress,0,8059943,71049,71439,1054,539
brc202d.map,9,490,PushAndSwap,0,46925,210768,2001,1054,7931
brc202d.map,9,500,PushAndSwap,0,43809,213865,2001,1054,20254
brc202d.map,9,510,PushAndSwap,0,47961,218775,2001,1054,6744
brc202d.map,9,520,PushAndSwap,0,49189,222806,2001,1054,5107
brc202d.map,9,170,PushAndSwap --no-compress,0,9079247,75777,76191,1054,489
brc202d.map,9,180,PushAndSwap --no-compress,0,10198251,80241,80661,1054,301
brc202d.map,9,190,PushAndSwap --no-compress,0,11365803,84693,85143,1054,327
brc202d.map,9,200,PushAndSwap --no-compress,0,12878792,90262,90778,1054,530
brc202d.map,9,210,PushAndSwap --no-compress,0,14257503,95473,96021,1054,546
brc202d.map,9,220,PushAndSwap --no-compress,0,15680814,100442,101002,1054,671
brc202d.map,9,230,PushAndSwap --no-compress,0,17044354,104827,105393,1054,642
brc202d.map,9,240,PushAndSwap --no-compress,0,18691989,110560,111148,1054,1225
brc202d.map,9,250,PushAndSwap --no-compress,0,20195397,114342,114960,1054,897
brc202d.map,9,260,PushAndSwap --no-compress,0,21872341,118748,119406,1054,819
brc202d.map,9,270,PushAndSwap --no-compress,0,23387336,121955,122667,1054,1309
brc202d.map,9,280,PushAndSwap --no-compress,0,25248728,126481,127223,1054,1308
brc202d.map,9,290,PushAndSwap --no-compress,0,27074870,130919,131719,1054,1374
brc202d.map,9,300,PushAndSwap --no-compress,0,28921636,134861,135697,1054,1058
brc202d.map,9,310,PushAndSwap --no-compress,0,30716159,138228,139090,1054,655
brc202d.map,9,320,PushAndSwap --no-compress,0,32660074,141739,142655,1054,1795
brc202d.map,9,930,HCA,1,415868,399922,1097,1097,28709
brc202d.map,9,940,HCA,0,0,403984,-1,1097,31143
brc202d.map,9,950,HCA,0,0,408775,-1,1097,30670
brc202d.map,9,960,HCA,0,0,413133,-1,1097,30084
brc202d.map,9,330,PushAndSwap --no-compress,0,34517490,145410,146384,1054,1159
brc202d.map,9,340,PushAndSwap --no-compress,0,36729276,150332,151374,1054,745
brc202d.map,9,350,PushAndSwap --no-compress,0,38919564,153652,154736,1054,2106
brc202d.map,9,360,PushAndSwap --no-compress,0,41011731,157304,158406,1054,2053
brc202d.map,9,970,HCA,0,0,417085,-1,1097,30054
brc202d.map,9,980,HCA,0,0,420021,-1,1097,31420
brc202d.map,9,990,HCA,0,0,422285,-1,1097,30087
brc202d.map,9,1000,HCA,0,0,426787,-1,1097,30002
brc202d.map,9,370,PushAndSwap --no-compress,0,43394781,161410,162636,1054,1966
brc202d.map,9,380,PushAndSwap --no-compress,0,45484193,164966,166218,1054,1822
brc202d.map,9,390,PushAndSwap --no-compress,0,48250771,170212,171542,1054,2065
brc202d.map,9,400,PushAndSwap --no-compress,0,50948875,174764,176110,1054,2414
brc202d.map,8,730,PushAndSwap,0,32054,296502,2001,1007,295736
brc202d.map,8,740,PushAndSwap,0,30350,300817,2001,1007,36306
brc202d.map,8,750,PushAndSwap,0,42266,305814,2001,1012,33834
brc202d.map,8,760,PushAndSwap,0,45316,310856,2001,1012,61808
brc202d.map,9,410,PushAndSwap --no-compress,0,53543502,178799,180469,1054,2111
brc202d.map,9,420,PushAndSwap --no-compress,0,56222645,183437,185103,1054,2409
brc202d.map,9,430,PushAndSwap --no-compress,0,58718569,187143,188857,1054,3447
brc202d.map,9,440,PushAndSwap --no-compress,0,61444448,191178,192940,1054,1988
brc202d.map,9,450,PushAndSwap --no-compress,0,64042424,194647,196421,1054,2729
brc202d.map,9,460,PushAndSwap --no-compress,0,66501366,197745,199543,1054,2716
brc202d.map,9,470,PushAndSwap --no-compress,0,69614495,201507,203887,1054,3748
brc202d.map,9,480,PushAndSwap --no-compress,0,73142833,206602,209286,1054,2029
brc202d.map,9,490,PushAndSwap --no-compress,0,76150843,210768,213500,1054,4722
brc202d.map,9,500,PushAndSwap --no-compress,0,79162534,213865,216669,1054,2210
brc202d.map,9,510,PushAndSwap --no-compress,0,82607216,218775,221639,1054,3547
brc202d.map,9,520,PushAndSwap --no-compress,0,86395294,222806,225932,1054,3356
brc202d.map,9,530,PushAndSwap --no-compress,0,89750920,227253,230473,1054,4163
brc202d.map,9,540,PushAndSwap --no-compress,0,94062647,233180,236430,1054,3847
brc202d.map,9,550,PushAndSwap --no-compress,0,97195365,236317,239669,1054,2964
brc202d.map,9,560,PushAndSwap --no-compress,0,101181240,241024,244474,1054,6383
brc202d.map,9,970,PushAndSwap,-1,-1,-1,-1,-1,-1
brc202d.map,9,980,PushAndSwap,-1,-1,-1,-1,-1,-1
brc202d.map,9,990,PushAndSwap,-1,-1,-1,-1,-1,-1
brc202d.map,9,1000,PushAndSwap,-1,-1,-1,-1,-1,-1
brc202d.map,9,570,PushAndSwap --no-compress,0,104522685,244552,248154,1054,3770
brc202d.map,9,580,PushAndSwap --no-compress,0,108107945,249015,252845,1054,3482
brc202d.map,9,590,PushAndSwap --no-compress,0,111951402,253642,257350,1054,6710
brc202d.map,9,600,PushAndSwap --no-compress,0,115830023,257548,261284,1054,6308
brc202d.map,7,810,PushAndSwap,0,48111,334723,2001,1059,427008
brc202d.map,7,820,PushAndSwap,0,48153,336840,2001,1059,368003
brc202d.map,7,830,PushAndSwap,-1,-1,-1,-1,-1,-1
brc202d.map,7,840,PushAndSwap,-1,-1,-1,-1,-1,-1
brc202d.map,9,930,PushAndSwap,-1,-1,-1,-1,-1,-1
brc202d.map,9,940,PushAndSwap,-1,-1,-1,-1,-1,-1
brc202d.map,9,950,PushAndSwap,-1,-1,-1,-1,-1,-1
brc202d.map,9,960,PushAndSwap,-1,-1,-1,-1,-1,-1
brc202d.map,9,890,PushAndSwap,-1,-1,-1,-1,-1,-1
brc202d.map,9,900,PushAndSwap,-1,-1,-1,-1,-1,-1
brc202d.map,9,910,PushAndSwap,-1,-1,-1,-1,-1,-1
brc202d.map,9,920,PushAndSwap,-1,-1,-1,-1,-1,-1
brc202d.map,9,850,PushAndSwap,-1,-1,-1,-1,-1,-1
brc202d.map,9,860,PushAndSwap,-1,-1,-1,-1,-1,-1
brc202d.map,9,870,PushAndSwap,-1,-1,-1,-1,-1,-1
brc202d.map,9,880,PushAndSwap,-1,-1,-1,-1,-1,-1
brc202d.map,9,890,PushAndSwap --no-compress,-1,-1,-1,-1,-1,-1
brc202d.map,9,900,PushAndSwap --no-compress,-1,-1,-1,-1,-1,-1
brc202d.map,9,910,PushAndSwap --no-compress,-1,-1,-1,-1,-1,-1
brc202d.map,9,920,PushAndSwap --no-compress,-1,-1,-1,-1,-1,-1
brc202d.map,9,850,PushAndSwap --no-compress,-1,-1,-1,-1,-1,-1
brc202d.map,9,860,PushAndSwap --no-compress,-1,-1,-1,-1,-1,-1
brc202d.map,9,870,PushAndSwap --no-compress,-1,-1,-1,-1,-1,-1
brc202d.map,9,880,PushAndSwap --no-compress,-1,-1,-1,-1,-1,-1
brc202d.map,9,610,PushAndSwap --no-compress,0,120482012,262266,266162,1054,4616
brc202d.map,9,620,PushAndSwap --no-compress,0,124321631,266580,270502,1065,4352
brc202d.map,9,630,PushAndSwap --no-compress,0,128209316,270829,274939,1065,5992
brc202d.map,9,640,PushAndSwap --no-compress,0,132084432,275291,279299,1065,6334
brc202d.map,9,530,PushAndSwap,0,45779,227253,2001,1054,10476
brc202d.map,9,540,PushAndSwap,0,46940,233180,2001,1054,67903
brc202d.map,9,550,PushAndSwap,0,46980,236317,2001,1054,90506
brc202d.map,9,560,PushAndSwap,0,47989,241024,2001,1054,20090
brc202d.map,9,650,PushAndSwap --no-compress,0,136023971,278534,282766,1065,4791
brc202d.map,9,660,PushAndSwap --no-compress,0,139870582,282425,286695,1065,7006
brc202d.map,9,670,PushAndSwap --no-compress,0,145091169,287565,292107,1065,7329
brc202d.map,9,680,PushAndSwap --no-compress,0,150177890,292923,297295,1065,6078
brc202d.map,9,570,PushAndSwap,0,49583,244552,2001,1054,12082
brc202d.map,9,580,PushAndSwap,0,38411,249015,2001,1054,150348
brc202d.map,9,590,PushAndSwap,0,40685,253642,2001,1054,10373
brc202d.map,9,600,PushAndSwap,0,40877,257548,2001,1054,21898
brc202d.map,8,770,PushAndSwap --no-compress,0,186923209,314896,320538,1012,10382
brc202d.map,8,780,PushAndSwap --no-compress,0,191308540,317804,323628,1012,6873
brc202d.map,8,790,PushAndSwap --no-compress,0,196252536,322057,327623,1012,6227
brc202d.map,8,800,PushAndSwap --no-compress,0,201940201,326687,332507,1028,7526
brc202d.map,9,610,PushAndSwap,0,41092,262266,2001,1054,14886
brc202d.map,9,620,PushAndSwap,0,41972,266580,2001,1065,158004
brc202d.map,9,630,PushAndSwap,0,43138,270829,2001,1065,32873
brc202d.map,9,640,PushAndSwap,0,44257,275291,2001,1065,13117
brc202d.map,6,770,PushAndSwap,0,11358247,322539,116813,1053,30473
brc202d.map,6,780,PushAndSwap,0,37557,326115,2001,1053,400651
brc202d.map,6,790,PushAndSwap,0,37919,329715,2001,1053,25574
brc202d.map,6,800,PushAndSwap,0,38001,333497,2001,1053,1065184
brc202d.map,8,770,PushAndSwap,0,43535,314896,2001,1012,310714
brc202d.map,8,780,PushAndSwap,0,43375,317804,2001,1012,243162
brc202d.map,8,790,PushAndSwap,0,42333,322057,2001,1012,13197
brc202d.map,8,800,PushAndSwap,0,58478,326687,2001,1028,23216
brc202d.map,9,930,PushAndSwap --no-compress,-1,-1,-1,-1,-1,-1
brc202d.map,9,940,PushAndSwap --no-compress,-1,-1,-1,-1,-1,-1
brc202d.map,9,950,PushAndSwap --no-compress,0,298085622,408775,416991,1097,10897
brc202d.map,9,960,PushAndSwap --no-compress,0,305349817,413133,422271,1097,13629
brc202d.map,9,650,PushAndSwap,0,44403,278534,2001,1065,154426
brc202d.map,9,660,PushAndSwap,0,44405,282425,2001,1065,14402
brc202d.map,9,670,PushAndSwap,0,44448,287565,2001,1065,53844
brc202d.map,9,680,PushAndSwap,0,47336,292923,2001,1065,13494
brc202d.map,8,810,PushAndSwap --no-compress,0,206951124,330155,336381,1028,10151
brc202d.map,8,820,PushAndSwap --no-compress,0,212547048,335410,341760,1028,8231
brc202d.map,8,830,PushAndSwap --no-compress,0,218684048,340904,347256,1028,11583
brc202d.map,8,840,PushAndSwap --no-compress,0,224293620,345236,351698,1028,7219
brc202d.map,9,730,PushAndSwap --no-compress,0,173219336,314021,319467,1097,8392
brc202d.map,9,740,PushAndSwap --no-compress,0,178357152,319194,324848,1097,6013
brc202d.map,9,750,PushAndSwap --no-compress,0,183097327,322485,328209,1097,8336
brc202d.map,9,760,PushAndSwap --no-compress,0,187701706,326070,331820,1097,5908
brc202d.map,9,970,PushAndSwap --no-compress,-1,-1,-1,-1,-1,-1
brc202d.map,9,980,PushAndSwap --no-compress,-1,-1,-1,-1,-1,-1
brc202d.map,9,990,PushAndSwap --no-compress,0,322676131,422285,431607,1097,10678
brc202d.map,9,1000,PushAndSwap --no-compress,0,329919466,426787,436371,1097,12343
brc202d.map,9,690,PushAndSwap,0,47356,296888,2001,1065,168772
brc202d.map,9,700,PushAndSwap,0,47284,300549,2001,1065,40812
brc202d.map,9,710,PushAndSwap,0,48284,305332,2001,1065,18509
brc202d.map,9,720,PushAndSwap,0,48434,308699,2001,1065,9224
brc202d.map,7,770,PushAndSwap,0,44231,318200,2001,1059,238068
brc202d.map,7,780,PushAndSwap,0,44413,322423,2001,1059,539734
brc202d.map,7,790,PushAndSwap,0,47467,326618,2001,1059,273270
brc202d.map,7,800,PushAndSwap,0,44442,330465,2001,1059,10669
brc202d.map,9,690,PushAndSwap --no-compress,0,154619494,296888,301576,1065,7485
brc202d.map,9,700,PushAndSwap --no-compress,0,158722820,300549,305143,1065,4413
brc202d.map,9,710,PushAndSwap --no-compress,0,163575589,305332,310246,1065,5985
brc202d.map,9,720,PushAndSwap --no-compress,0,167674444,308699,313645,1065,3772
brc202d.map,9,770,PushAndSwap --no-compress,0,193544421,331602,337362,1097,8992
brc202d.map,9,780,PushAndSwap --no-compress,0,198594430,335844,341674,1097,5773
brc202d.map,9,790,PushAndSwap --no-compress,0,203827872,339145,345259,1097,4716
brc202d.map,9,800,PushAndSwap --no-compress,0,209979038,344593,350879,1097,4619
brc202d.map,9,730,PushAndSwap,0,50046,314021,2001,1097,204242
brc202d.map,9,740,PushAndSwap,0,51285,319194,2001,1097,21605
brc202d.map,9,750,PushAndSwap,0,51558,322485,2001,1097,9620
brc202d.map,9,760,PushAndSwap,0,51510,326070,2001,1097,8540
brc202d.map,9,810,PushAndSwap --no-compress,0,215826325,349497,355967,1097,9166
brc202d.map,9,820,PushAndSwap --no-compress,0,221072337,353916,360252,1097,6821
brc202d.map,9,830,PushAndSwap --no-compress,0,226838653,357686,364328,1097,4970
brc202d.map,9,840,PushAndSwap --no-compress,0,232317770,361988,368548,1097,5176
brc202d.map,9,770,PushAndSwap,0,51502,331602,2001,1097,231980
brc202d.map,9,780,PushAndSwap,0,51569,335844,2001,1097,8361
brc202d.map,9,790,PushAndSwap,0,51665,339145,2001,1097,8566
brc202d.map,9,800,PushAndSwap,0,50084,344593,2001,1097,7372
brc202d.map,9,810,PushAndSwap,0,50027,349497,2001,1097,224687
brc202d.map,9,820,PushAndSwap,0,49741,353916,2001,1097,12419
brc202d.map,9,830,PushAndSwap,0,50067,357686,2001,1097,9219
brc202d.map,9,840,PushAndSwap,0,50289,361988,2001,1097,8339
brc202d.map,8,810,PushAndSwap,0,57791,330155,2001,1028,603545
brc202d.map,8,820,PushAndSwap,0,54758,335410,2001,1028,8998
brc202d.map,8,830,PushAndSwap,0,56870,340904,2001,1028,7424
brc202d.map,8,840,PushAndSwap,0,56791,345236,2001,1028,7007
