map_name,seed,num_agents,solver,task_frequency,task_num,solved,service_time,makespan,comp_time
warehouse.map,4,10,PIBT,0.2,500,1,32.712,2306,5
warehouse.map,5,10,PIBT,0.2,500,1,29.974,2566,5
warehouse.map,6,10,PIBT,0.2,500,1,30.11,2551,5
warehouse.map,7,10,PIBT,0.2,500,1,30.23,2335,5
warehouse.map,64,10,PIBT,0.2,500,1,29.512,2536,5
warehouse.map,65,10,PIBT,0.2,500,1,30.258,2454,5
warehouse.map,66,10,PIBT,0.2,500,1,30.578,2586,5
warehouse.map,67,10,PIBT,0.2,500,1,30.03,2444,5
warehouse.map,12,10,PIBT,0.2,500,1,29.82,2549,5
warehouse.map,13,10,PIBT,0.2,500,1,29.112,2635,6
warehouse.map,14,10,PIBT,0.2,500,1,30.322,2543,5
warehouse.map,15,10,PIBT,0.2,500,1,28.16,2385,5
warehouse.map,24,10,PIBT,0.2,500,1,29.338,2539,5
warehouse.map,25,10,PIBT,0.2,500,1,29.34,2520,5
warehouse.map,26,10,PIBT,0.2,500,1,31.104,2441,5
warehouse.map,27,10,PIBT,0.2,500,1,29.864,2371,5
warehouse.map,36,10,PIBT,0.2,500,1,29.912,2569,6
warehouse.map,37,10,PIBT,0.2,500,1,30.898,2549,5
warehouse.map,38,10,PIBT,0.2,500,1,29.436,2538,5
warehouse.map,39,10,PIBT,0.2,500,1,31.058,2584,6
warehouse.map,56,10,PIBT,0.2,500,1,29.79,2278,4
warehouse.map,57,10,PIBT,0.2,500,1,28.342,2631,5
warehouse.map,58,10,PIBT,0.2,500,1,29.876,2405,5
warehouse.map,59,10,PIBT,0.2,500,1,29.412,2463,5
warehouse.map,48,10,PIBT,0.2,500,1,29.55,2779,5
warehouse.map,49,10,PIBT,0.2,500,1,30.38,2401,5
warehouse.map,50,10,PIBT,0.2,500,1,29.364,2541,5
warehouse.map,51,10,PIBT,0.2,500,1,29.254,2410,4
warehouse.map,60,10,PIBT,0.2,500,1,29.844,2660,5
warehouse.map,61,10,PIBT,0.2,500,1,30.55,2422,5
warehouse.map,62,10,PIBT,0.2,500,1,30.052,2573,5
warehouse.map,63,10,PIBT,0.2,500,1,29.21,2435,5
warehouse.map,8,10,PIBT,0.2,500,1,29.374,2622,5
warehouse.map,9,10,PIBT,0.2,500,1,30.496,2677,5
warehouse.map,10,10,PIBT,0.2,500,1,30.674,2506,5
warehouse.map,11,10,PIBT,0.2,500,1,30.956,2559,5
warehouse.map,72,10,PIBT,0.2,500,1,29.912,2509,5
warehouse.map,73,10,PIBT,0.2,500,1,31.474,2475,5
warehouse.map,74,10,PIBT,0.2,500,1,30.876,2520,5
warehouse.map,75,10,PIBT,0.2,500,1,30.692,2637,5
warehouse.map,16,10,PIBT,0.2,500,1,29.576,2561,5
warehouse.map,17,10,PIBT,0.2,500,1,30.792,2490,5
warehouse.map,18,10,PIBT,0.2,500,1,29.24,2547,5
warehouse.map,19,10,PIBT,0.2,500,1,30.352,2429,5
warehouse.map,28,10,PIBT,0.2,500,1,29.902,2614,5
warehouse.map,29,10,PIBT,0.2,500,1,29.182,2636,5
warehouse.map,30,10,PIBT,0.2,500,1,31.426,2470,5
warehouse.map,31,10,PIBT,0.2,500,1,29.706,2560,5
warehouse.map,88,10,PIBT,0.2,500,1,30.326,2520,5
warehouse.map,89,10,PIBT,0.2,500,1,30.208,2454,5
warehouse.map,90,10,PIBT,0.2,500,1,30.156,2556,5
warehouse.map,91,10,PIBT,0.2,500,1,29.566,2516,5
warehouse.map,32,10,PIBT,0.2,500,1,28.412,2560,6
warehouse.map,33,10,PIBT,0.2,500,1,29.554,2402,5
warehouse.map,34,10,PIBT,0.2,500,1,30.954,2527,5
warehouse.map,35,10,PIBT,0.2,500,1,30.026,2646,5
warehouse.map,52,10,PIBT,0.2,500,1,28.896,2453,5
warehouse.map,53,10,PIBT,0.2,500,1,29.568,2504,5
warehouse.map,54,10,PIBT,0.2,500,1,29.862,2440,5
warehouse.map,55,10,PIBT,0.2,500,1,30.262,2332,5
warehouse.map,0,10,PIBT,0.2,500,1,31.196,2619,6
warehouse.map,1,10,PIBT,0.2,500,1,29.796,2765,6
warehouse.map,2,10,PIBT,0.2,500,1,30.108,2525,5
warehouse.map,3,10,PIBT,0.2,500,1,29.57,2525,5
warehouse.map,20,10,PIBT,0.2,500,1,31.09,2456,5
warehouse.map,21,10,PIBT,0.2,500,1,29.27,2664,6
warehouse.map,22,10,PIBT,0.2,500,1,29.688,2503,5
warehouse.map,23,10,PIBT,0.2,500,1,31.352,2460,5
warehouse.map,76,10,PIBT,0.2,500,1,28.636,2753,5
warehouse.map,77,10,PIBT,0.2,500,1,31.652,2412,5
warehouse.map,78,10,PIBT,0.2,500,1,31.254,2506,5
warehouse.map,79,10,PIBT,0.2,500,1,28.01,2634,5
warehouse.map,68,10,PIBT,0.2,500,1,29.796,2490,6
warehouse.map,69,10,PIBT,0.2,500,1,30.766,2660,5
warehouse.map,70,10,PIBT,0.2,500,1,31.108,2543,5
warehouse.map,71,10,PIBT,0.2,500,1,28.846,2614,5
warehouse.map,84,10,PIBT,0.2,500,1,30.182,2539,5
warehouse.map,85,10,PIBT,0.2,500,1,31.546,2628,5
warehouse.map,86,10,PIBT,0.2,500,1,30.688,2549,5
warehouse.map,87,10,PIBT,0.2,500,1,31.216,2397,5
warehouse.map,40,10,PIBT,0.2,500,1,29.166,2483,5
warehouse.map,41,10,PIBT,0.2,500,1,30.742,2518,5
warehouse.map,42,10,PIBT,0.2,500,1,31.194,2598,5
warehouse.map,43,10,PIBT,0.2,500,1,29.804,2622,5
warehouse.map,80,10,PIBT,0.2,500,1,31.472,2517,5
warehouse.map,81,10,PIBT,0.2,500,1,30.444,2548,6
warehouse.map,82,10,PIBT,0.2,500,1,30.098,2616,5
warehouse.map,83,10,PIBT,0.2,500,1,29.41,2534,5
warehouse.map,92,10,PIBT,0.2,500,1,29.836,2615,5
warehouse.map,93,10,PIBT,0.2,500,1,31.12,2557,5
warehouse.map,94,10,PIBT,0.2,500,1,30.604,2649,6
warehouse.map,95,10,PIBT,0.2,500,1,32.008,2545,6
warehouse.map,44,10,PIBT,0.2,500,1,30.602,2627,5
warehouse.map,45,10,PIBT,0.2,500,1,30.918,2429,6
warehouse.map,46,10,PIBT,0.2,500,1,30.644,2502,5
warehouse.map,47,10,PIBT,0.2,500,1,29.806,2670,6
warehouse.map,96,10,PIBT,0.2,500,1,30.626,2559,5
warehouse.map,97,10,PIBT,0.2,500,1,30.314,2725,6
warehouse.map,98,10,PIBT,0.2,500,1,29.224,2549,5
warehouse.map,99,10,PIBT,0.2,500,1,31.174,2553,5
warehouse.map,28,20,PIBT,0.2,500,1,25.868,2453,10
warehouse.map,29,20,PIBT,0.2,500,1,25.59,2600,10
warehouse.map,30,20,PIBT,0.2,500,1,25.36,2600,10
warehouse.map,31,20,PIBT,0.2,500,1,26.002,2627,10
warehouse.map,16,20,PIBT,0.2,500,1,25.962,2542,9
warehouse.map,17,20,PIBT,0.2,500,1,26.302,2492,9
warehouse.map,18,20,PIBT,0.2,500,1,25.738,2439,9
warehouse.map,19,20,PIBT,0.2,500,1,26.668,2549,10
warehouse.map,12,20,PIBT,0.2,500,1,25.57,2589,10
warehouse.map,13,20,PIBT,0.2,500,1,25.234,2436,9
warehouse.map,14,20,PIBT,0.2,500,1,26.626,2538,10
warehouse.map,15,20,PIBT,0.2,500,1,26.796,2562,9
warehouse.map,20,20,PIBT,0.2,500,1,25.092,2530,9
warehouse.map,21,20,PIBT,0.2,500,1,25.724,2569,9
warehouse.map,22,20,PIBT,0.2,500,1,25.388,2598,9
warehouse.map,23,20,PIBT,0.2,500,1,25.202,2580,9
warehouse.map,36,20,PIBT,0.2,500,1,25.946,2544,9
warehouse.map,37,20,PIBT,0.2,500,1,25.736,2535,9
warehouse.map,38,20,PIBT,0.2,500,1,25.312,2479,9
warehouse.map,39,20,PIBT,0.2,500,1,25.2,2625,10
warehouse.map,0,20,PIBT,0.2,500,1,25.618,2386,9
warehouse.map,1,20,PIBT,0.2,500,1,26.296,2634,10
warehouse.map,2,20,PIBT,0.2,500,1,26.278,2704,10
warehouse.map,3,20,PIBT,0.2,500,1,26.506,2558,10
warehouse.map,40,20,PIBT,0.2,500,1,26.044,2470,9
warehouse.map,41,20,PIBT,0.2,500,1,25.57,2509,10
warehouse.map,42,20,PIBT,0.2,500,1,26.806,2420,9
warehouse.map,43,20,PIBT,0.2,500,1,26.05,2600,10
warehouse.map,4,20,PIBT,0.2,500,1,26.566,2498,9
warehouse.map,5,20,PIBT,0.2,500,1,26.12,2569,9
warehouse.map,6,20,PIBT,0.2,500,1,25.698,2549,10
warehouse.map,7,20,PIBT,0.2,500,1,25.368,2507,10
warehouse.map,52,20,PIBT,0.2,500,1,25.152,2425,9
warehouse.map,53,20,PIBT,0.2,500,1,26.038,2480,9
warehouse.map,54,20,PIBT,0.2,500,1,25.448,2645,9
warehouse.map,55,20,PIBT,0.2,500,1,26.316,2599,10
warehouse.map,80,20,PIBT,0.2,500,1,26.092,2402,9
warehouse.map,81,20,PIBT,0.2,500,1,25.838,2471,8
warehouse.map,82,20,PIBT,0.2,500,1,26.26,2525,9
warehouse.map,83,20,PIBT,0.2,500,1,25.936,2453,9
warehouse.map,32,20,PIBT,0.2,500,1,25.81,2411,9
warehouse.map,33,20,PIBT,0.2,500,1,25.736,2585,10
warehouse.map,34,20,PIBT,0.2,500,1,25.92,2526,10
warehouse.map,35,20,PIBT,0.2,500,1,26.178,2697,10
warehouse.map,24,20,PIBT,0.2,500,1,26.004,2519,9
warehouse.map,25,20,PIBT,0.2,500,1,25.578,2738,9
warehouse.map,26,20,PIBT,0.2,500,1,26.582,2593,10
warehouse.map,27,20,PIBT,0.2,500,1,26.158,2430,9
warehouse.map,60,20,PIBT,0.2,500,1,25.756,2502,9
warehouse.map,61,20,PIBT,0.2,500,1,25.942,2482,9
warehouse.map,62,20,PIBT,0.2,500,1,25.12,2523,9
warehouse.map,63,20,PIBT,0.2,500,1,25.186,2341,8
warehouse.map,64,20,PIBT,0.2,500,1,26.428,2433,9
warehouse.map,65,20,PIBT,0.2,500,1,25.13,2577,9
warehouse.map,66,20,PIBT,0.2,500,1,26.552,2549,9
warehouse.map,67,20,PIBT,0.2,500,1,25.436,2507,9
warehouse.map,56,20,PIBT,0.2,500,1,26.738,2524,10
warehouse.map,57,20,PIBT,0.2,500,1,26.672,2411,9
warehouse.map,58,20,PIBT,0.2,500,1,25.442,2575,9
warehouse.map,59,20,PIBT,0.2,500,1,25.712,2477,9
warehouse.map,44,20,PIBT,0.2,500,1,26.294,2534,9
warehouse.map,45,20,PIBT,0.2,500,1,26.296,2752,10
warehouse.map,46,20,PIBT,0.2,500,1,26.266,2730,10
warehouse.map,47,20,PIBT,0.2,500,1,26.348,2611,9
warehouse.map,8,20,PIBT,0.2,500,1,26.11,2488,9
warehouse.map,9,20,PIBT,0.2,500,1,25.726,2458,9
warehouse.map,10,20,PIBT,0.2,500,1,26.42,2588,9
warehouse.map,11,20,PIBT,0.2,500,1,27.072,2560,9
warehouse.map,84,20,PIBT,0.2,500,1,25.968,2730,10
warehouse.map,85,20,PIBT,0.2,500,1,25.374,2674,10
warehouse.map,86,20,PIBT,0.2,500,1,25.886,2479,9
warehouse.map,87,20,PIBT,0.2,500,1,24.972,2536,10
warehouse.map,76,20,PIBT,0.2,500,1,24.962,2553,9
warehouse.map,77,20,PIBT,0.2,500,1,26.532,2403,9
warehouse.map,78,20,PIBT,0.2,500,1,25.716,2426,9
warehouse.map,79,20,PIBT,0.2,500,1,25.776,2389,9
warehouse.map,88,20,PIBT,0.2,500,1,26.986,2521,10
warehouse.map,89,20,PIBT,0.2,500,1,25.238,2266,9
warehouse.map,90,20,PIBT,0.2,500,1,25.5,2607,11
warehouse.map,91,20,PIBT,0.2,500,1,26.272,2512,10
warehouse.map,48,20,PIBT,0.2,500,1,25.346,2640,9
warehouse.map,49,20,PIBT,0.2,500,1,26.626,2552,9
warehouse.map,50,20,PIBT,0.2,500,1,25.644,2235,8
warehouse.map,51,20,PIBT,0.2,500,1,26.154,2641,9
warehouse.map,72,20,PIBT,0.2,500,1,26.71,2490,9
warehouse.map,73,20,PIBT,0.2,500,1,26.49,2499,9
warehouse.map,74,20,PIBT,0.2,500,1,25.46,2610,9
warehouse.map,75,20,PIBT,0.2,500,1,25.744,2485,9
warehouse.map,68,20,PIBT,0.2,500,1,25.51,2450,9
warehouse.map,69,20,PIBT,0.2,500,1,25.234,2373,9
warehouse.map,70,20,PIBT,0.2,500,1,25.63,2647,10
warehouse.map,71,20,PIBT,0.2,500,1,26.076,2464,10
warehouse.map,92,20,PIBT,0.2,500,1,25.628,2385,10
warehouse.map,93,20,PIBT,0.2,500,1,25.31,2653,11
warehouse.map,94,20,PIBT,0.2,500,1,25.866,2513,10
warehouse.map,95,20,PIBT,0.2,500,1,25.688,2521,10
warehouse.map,96,20,PIBT,0.2,500,1,25.706,2643,10
warehouse.map,97,20,PIBT,0.2,500,1,26.208,2741,11
warehouse.map,98,20,PIBT,0.2,500,1,25.504,2517,10
warehouse.map,99,20,PIBT,0.2,500,1,25.056,2355,9
warehouse.map,80,30,PIBT,0.2,500,1,24.734,2501,14
warehouse.map,81,30,PIBT,0.2,500,1,24.188,2648,15
warehouse.map,82,30,PIBT,0.2,500,1,24.428,2557,14
warehouse.map,83,30,PIBT,0.2,500,1,24.364,2758,16
warehouse.map,4,30,PIBT,0.2,500,1,25.396,2435,14
warehouse.map,5,30,PIBT,0.2,500,1,25.284,2452,14
warehouse.map,6,30,PIBT,0.2,500,1,24.582,2638,14
warehouse.map,7,30,PIBT,0.2,500,1,24.794,2491,14
warehouse.map,32,30,PIBT,0.2,500,1,24.292,2593,15
warehouse.map,33,30,PIBT,0.2,500,1,24.572,2486,14
warehouse.map,34,30,PIBT,0.2,500,1,24.224,2686,14
warehouse.map,35,30,PIBT,0.2,500,1,24.0,2668,14
warehouse.map,20,30,PIBT,0.2,500,1,24.284,2431,14
warehouse.map,21,30,PIBT,0.2,500,1,25.174,2663,15
warehouse.map,22,30,PIBT,0.2,500,1,25.306,2483,14
warehouse.map,23,30,PIBT,0.2,500,1,25.302,2643,14
warehouse.map,24,30,PIBT,0.2,500,1,24.668,2613,15
warehouse.map,25,30,PIBT,0.2,500,1,24.268,2401,13
warehouse.map,26,30,PIBT,0.2,500,1,25.216,2604,14
warehouse.map,27,30,PIBT,0.2,500,1,24.88,2605,14
warehouse.map,8,30,PIBT,0.2,500,1,25.162,2486,18
warehouse.map,9,30,PIBT,0.2,500,1,25.198,2602,14
warehouse.map,10,30,PIBT,0.2,500,1,24.66,2599,13
warehouse.map,11,30,PIBT,0.2,500,1,25.044,2557,13
warehouse.map,16,30,PIBT,0.2,500,1,24.562,2501,13
warehouse.map,17,30,PIBT,0.2,500,1,24.622,2475,13
warehouse.map,18,30,PIBT,0.2,500,1,23.484,2699,14
warehouse.map,19,30,PIBT,0.2,500,1,26.068,2406,12
warehouse.map,36,30,PIBT,0.2,500,1,24.236,2248,12
warehouse.map,37,30,PIBT,0.2,500,1,24.972,2434,13
warehouse.map,38,30,PIBT,0.2,500,1,25.006,2646,13
warehouse.map,39,30,PIBT,0.2,500,1,24.986,2657,13
warehouse.map,48,30,PIBT,0.2,500,1,24.278,2556,13
warehouse.map,49,30,PIBT,0.2,500,1,25.322,2424,12
warehouse.map,50,30,PIBT,0.2,500,1,24.886,2543,13
warehouse.map,51,30,PIBT,0.2,500,1,25.164,2449,12
warehouse.map,28,30,PIBT,0.2,500,1,24.436,2501,14
warehouse.map,29,30,PIBT,0.2,500,1,24.514,2852,14
warehouse.map,30,30,PIBT,0.2,500,1,24.612,2388,12
warehouse.map,31,30,PIBT,0.2,500,1,25.176,2430,12
warehouse.map,56,30,PIBT,0.2,500,1,24.858,2351,13
warehouse.map,57,30,PIBT,0.2,500,1,25.208,2574,14
warehouse.map,58,30,PIBT,0.2,500,1,24.486,2520,14
warehouse.map,59,30,PIBT,0.2,500,1,24.464,2532,14
warehouse.map,52,30,PIBT,0.2,500,1,24.38,2401,12
warehouse.map,53,30,PIBT,0.2,500,1,25.772,2475,12
warehouse.map,54,30,PIBT,0.2,500,1,24.554,2645,13
warehouse.map,55,30,PIBT,0.2,500,1,24.57,2481,14
warehouse.map,0,30,PIBT,0.2,500,1,24.458,2462,14
warehouse.map,1,30,PIBT,0.2,500,1,24.832,2475,13
warehouse.map,2,30,PIBT,0.2,500,1,24.968,2498,13
warehouse.map,3,30,PIBT,0.2,500,1,24.044,2547,13
warehouse.map,12,30,PIBT,0.2,500,1,25.092,2594,14
warehouse.map,13,30,PIBT,0.2,500,1,24.258,2715,14
warehouse.map,14,30,PIBT,0.2,500,1,24.528,2542,13
warehouse.map,15,30,PIBT,0.2,500,1,25.644,2701,14
warehouse.map,40,30,PIBT,0.2,500,1,24.17,2509,14
warehouse.map,41,30,PIBT,0.2,500,1,24.924,2500,13
warehouse.map,42,30,PIBT,0.2,500,1,23.98,2640,14
warehouse.map,43,30,PIBT,0.2,500,1,24.126,2527,14
warehouse.map,76,30,PIBT,0.2,500,1,24.864,2399,12
warehouse.map,77,30,PIBT,0.2,500,1,24.792,2511,13
warehouse.map,78,30,PIBT,0.2,500,1,24.474,2503,13
warehouse.map,79,30,PIBT,0.2,500,1,23.866,2543,13
warehouse.map,64,30,PIBT,0.2,500,1,24.808,2616,14
warehouse.map,65,30,PIBT,0.2,500,1,24.328,2587,13
warehouse.map,66,30,PIBT,0.2,500,1,25.036,2615,13
warehouse.map,67,30,PIBT,0.2,500,1,24.478,2648,14
warehouse.map,68,30,PIBT,0.2,500,1,25.13,2498,13
warehouse.map,69,30,PIBT,0.2,500,1,24.858,2602,14
warehouse.map,70,30,PIBT,0.2,500,1,25.442,2658,14
warehouse.map,71,30,PIBT,0.2,500,1,23.582,2443,13
warehouse.map,44,30,PIBT,0.2,500,1,24.674,2650,14
warehouse.map,45,30,PIBT,0.2,500,1,24.63,2537,13
warehouse.map,46,30,PIBT,0.2,500,1,24.214,2538,13
warehouse.map,47,30,PIBT,0.2,500,1,24.144,2514,13
warehouse.map,84,30,PIBT,0.2,500,1,25.13,2510,15
warehouse.map,85,30,PIBT,0.2,500,1,24.958,2391,14
warehouse.map,86,30,PIBT,0.2,500,1,24.49,2602,15
warehouse.map,87,30,PIBT,0.2,500,1,25.058,2493,15
warehouse.map,60,30,PIBT,0.2,500,1,24.782,2542,15
warehouse.map,61,30,PIBT,0.2,500,1,24.762,2549,15
warehouse.map,62,30,PIBT,0.2,500,1,25.072,2480,14
warehouse.map,63,30,PIBT,0.2,500,1,25.034,2625,15
warehouse.map,72,30,PIBT,0.2,500,1,24.698,2655,15
warehouse.map,73,30,PIBT,0.2,500,1,25.122,2700,16
warehouse.map,74,30,PIBT,0.2,500,1,25.228,2675,15
warehouse.map,75,30,PIBT,0.2,500,1,25.144,2503,14
warehouse.map,88,30,PIBT,0.2,500,1,24.582,2609,15
warehouse.map,89,30,PIBT,0.2,500,1,25.186,2538,14
warehouse.map,90,30,PIBT,0.2,500,1,24.69,2471,14
warehouse.map,91,30,PIBT,0.2,500,1,24.594,2516,14
warehouse.map,92,30,PIBT,0.2,500,1,24.296,2518,14
warehouse.map,93,30,PIBT,0.2,500,1,24.586,2570,14
warehouse.map,94,30,PIBT,0.2,500,1,24.564,2421,14
warehouse.map,95,30,PIBT,0.2,500,1,24.574,2431,14
warehouse.map,96,30,PIBT,0.2,500,1,24.352,2501,14
warehouse.map,97,30,PIBT,0.2,500,1,24.864,2498,14
warehouse.map,98,30,PIBT,0.2,500,1,24.81,2401,14
warehouse.map,99,30,PIBT,0.2,500,1,24.952,2433,14
warehouse.map,12,40,PIBT,0.2,500,1,23.608,2610,20
warehouse.map,13,40,PIBT,0.2,500,1,23.916,2549,19
warehouse.map,14,40,PIBT,0.2,500,1,23.392,2497,19
warehouse.map,15,40,PIBT,0.2,500,1,23.938,2433,19
warehouse.map,8,40,PIBT,0.2,500,1,24.17,2477,17
warehouse.map,9,40,PIBT,0.2,500,1,24.48,2494,18
warehouse.map,10,40,PIBT,0.2,500,1,23.934,2432,17
warehouse.map,11,40,PIBT,0.2,500,1,23.392,2360,18
warehouse.map,4,40,PIBT,0.2,500,1,24.342,2426,17
warehouse.map,5,40,PIBT,0.2,500,1,24.782,2586,18
warehouse.map,6,40,PIBT,0.2,500,1,23.992,2562,18
warehouse.map,7,40,PIBT,0.2,500,1,24.478,2367,17
warehouse.map,0,40,PIBT,0.2,500,1,23.022,2578,19
warehouse.map,1,40,PIBT,0.2,500,1,24.66,2592,18
warehouse.map,2,40,PIBT,0.2,500,1,24.234,2690,21
warehouse.map,3,40,PIBT,0.2,500,1,23.634,2444,19
warehouse.map,32,40,PIBT,0.2,500,1,24.426,2447,17
warehouse.map,33,40,PIBT,0.2,500,1,23.35,2458,17
warehouse.map,34,40,PIBT,0.2,500,1,24.314,2505,19
warehouse.map,35,40,PIBT,0.2,500,1,24.012,2454,19
warehouse.map,20,40,PIBT,0.2,500,1,24.42,2526,19
warehouse.map,21,40,PIBT,0.2,500,1,24.714,2532,18
warehouse.map,22,40,PIBT,0.2,500,1,23.956,2538,17
warehouse.map,23,40,PIBT,0.2,500,1,23.54,2552,18
warehouse.map,16,40,PIBT,0.2,500,1,24.46,2677,19
warehouse.map,17,40,PIBT,0.2,500,1,25.01,2262,16
warehouse.map,18,40,PIBT,0.2,500,1,23.72,2539,19
warehouse.map,19,40,PIBT,0.2,500,1,23.688,2443,19
warehouse.map,36,40,PIBT,0.2,500,1,24.134,2497,18
warehouse.map,37,40,PIBT,0.2,500,1,24.532,2545,18
warehouse.map,38,40,PIBT,0.2,500,1,24.042,2372,17
warehouse.map,39,40,PIBT,0.2,500,1,23.724,2620,20
warehouse.map,24,40,PIBT,0.2,500,1,23.556,2565,17
warehouse.map,25,40,PIBT,0.2,500,1,24.362,2470,19
warehouse.map,26,40,PIBT,0.2,500,1,23.9,2449,18
warehouse.map,27,40,PIBT,0.2,500,1,24.052,2506,17
warehouse.map,28,40,PIBT,0.2,500,1,24.582,2518,17
warehouse.map,29,40,PIBT,0.2,500,1,23.694,2449,17
warehouse.map,30,40,PIBT,0.2,500,1,23.432,2418,16
warehouse.map,31,40,PIBT,0.2,500,1,24.116,2537,17
warehouse.map,76,40,PIBT,0.2,500,1,24.216,2607,20
warehouse.map,77,40,PIBT,0.2,500,1,23.476,2647,20
warehouse.map,78,40,PIBT,0.2,500,1,24.244,2612,20
warehouse.map,79,40,PIBT,0.2,500,1,23.746,2554,19
warehouse.map,64,40,PIBT,0.2,500,1,23.84,2717,20
warehouse.map,65,40,PIBT,0.2,500,1,23.82,2592,20
warehouse.map,66,40,PIBT,0.2,500,1,23.964,2361,18
warehouse.map,67,40,PIBT,0.2,500,1,23.862,2402,18
warehouse.map,44,40,PIBT,0.2,500,1,24.488,2631,18
warehouse.map,45,40,PIBT,0.2,500,1,23.664,2689,19
warehouse.map,46,40,PIBT,0.2,500,1,24.026,2550,20
warehouse.map,47,40,PIBT,0.2,500,1,24.954,2498,19
warehouse.map,40,40,PIBT,0.2,500,1,23.884,2538,17
warehouse.map,41,40,PIBT,0.2,500,1,24.56,2472,17
warehouse.map,42,40,PIBT,0.2,500,1,24.106,2641,19
warehouse.map,43,40,PIBT,0.2,500,1,22.738,2439,17
warehouse.map,52,40,PIBT,0.2,500,1,24.162,2624,18
warehouse.map,53,40,PIBT,0.2,500,1,24.166,2444,17
warehouse.map,54,40,PIBT,0.2,500,1,22.762,2492,18
warehouse.map,55,40,PIBT,0.2,500,1,24.086,2473,17
warehouse.map,56,40,PIBT,0.2,500,1,23.308,2452,17
warehouse.map,57,40,PIBT,0.2,500,1,24.25,2640,18
warehouse.map,58,40,PIBT,0.2,500,1,24.006,2486,17
warehouse.map,59,40,PIBT,0.2,500,1,24.484,2493,17
warehouse.map,60,40,PIBT,0.2,500,1,24.136,2505,17
warehouse.map,61,40,PIBT,0.2,500,1,24.43,2548,19
warehouse.map,62,40,PIBT,0.2,500,1,23.522,2361,17
warehouse.map,63,40,PIBT,0.2,500,1,24.814,2376,18
warehouse.map,48,40,PIBT,0.2,500,1,24.03,2562,18
warehouse.map,49,40,PIBT,0.2,500,1,24.352,2632,18
warehouse.map,50,40,PIBT,0.2,500,1,24.168,2300,16
warehouse.map,51,40,PIBT,0.2,500,1,23.314,2438,19
warehouse.map,72,40,PIBT,0.2,500,1,24.698,2602,20
warehouse.map,73,40,PIBT,0.2,500,1,24.55,2568,20
warehouse.map,74,40,PIBT,0.2,500,1,24.362,2695,19
warehouse.map,75,40,PIBT,0.2,500,1,24.15,2759,19
warehouse.map,80,40,PIBT,0.2,500,1,24.158,2438,17
warehouse.map,81,40,PIBT,0.2,500,1,24.326,2487,17
warehouse.map,82,40,PIBT,0.2,500,1,24.08,2530,17
warehouse.map,83,40,PIBT,0.2,500,1,23.62,2447,18
warehouse.map,68,40,PIBT,0.2,500,1,23.94,2387,18
warehouse.map,69,40,PIBT,0.2,500,1,23.75,2460,18
warehouse.map,70,40,PIBT,0.2,500,1,24.512,2364,17
warehouse.map,71,40,PIBT,0.2,500,1,24.232,2483,19
warehouse.map,84,40,PIBT,0.2,500,1,24.022,2648,20
warehouse.map,85,40,PIBT,0.2,500,1,23.628,2476,19
warehouse.map,86,40,PIBT,0.2,500,1,24.054,2605,20
warehouse.map,87,40,PIBT,0.2,500,1,23.826,2766,21
warehouse.map,92,40,PIBT,0.2,500,1,24.042,2621,20
warehouse.map,93,40,PIBT,0.2,500,1,24.288,2455,19
warehouse.map,94,40,PIBT,0.2,500,1,23.476,2523,19
warehouse.map,95,40,PIBT,0.2,500,1,23.46,2564,19
warehouse.map,88,40,PIBT,0.2,500,1,24.014,2723,21
warehouse.map,89,40,PIBT,0.2,500,1,23.836,2596,20
warehouse.map,90,40,PIBT,0.2,500,1,24.072,2610,19
warehouse.map,91,40,PIBT,0.2,500,1,23.66,2636,20
warehouse.map,96,40,PIBT,0.2,500,1,23.876,2353,18
warehouse.map,97,40,PIBT,0.2,500,1,23.86,2582,20
warehouse.map,98,40,PIBT,0.2,500,1,23.416,2455,19
warehouse.map,99,40,PIBT,0.2,500,1,24.346,2556,20
warehouse.map,0,50,PIBT,0.2,500,1,23.766,2774,25
warehouse.map,1,50,PIBT,0.2,500,1,23.75,2535,24
warehouse.map,2,50,PIBT,0.2,500,1,23.858,2514,24
warehouse.map,3,50,PIBT,0.2,500,1,23.928,2410,23
warehouse.map,28,50,PIBT,0.2,500,1,23.148,2492,23
warehouse.map,29,50,PIBT,0.2,500,1,22.716,2549,24
warehouse.map,30,50,PIBT,0.2,500,1,24.048,2546,24
warehouse.map,31,50,PIBT,0.2,500,1,23.85,2858,26
warehouse.map,16,50,PIBT,0.2,500,1,23.902,2478,22
warehouse.map,17,50,PIBT,0.2,500,1,24.008,2596,24
warehouse.map,18,50,PIBT,0.2,500,1,23.194,2462,23
warehouse.map,19,50,PIBT,0.2,500,1,23.218,2270,22
warehouse.map,12,50,PIBT,0.2,500,1,22.69,2551,23
warehouse.map,13,50,PIBT,0.2,500,1,23.342,2627,24
warehouse.map,14,50,PIBT,0.2,500,1,23.414,2185,20
warehouse.map,15,50,PIBT,0.2,500,1,24.61,2564,22
warehouse.map,60,50,PIBT,0.2,500,1,23.184,2452,23
warehouse.map,61,50,PIBT,0.2,500,1,22.422,2510,23
warehouse.map,62,50,PIBT,0.2,500,1,23.354,2425,22
warehouse.map,63,50,PIBT,0.2,500,1,23.766,2346,22
warehouse.map,4,50,PIBT,0.2,500,1,23.148,2570,24
warehouse.map,5,50,PIBT,0.2,500,1,23.452,2546,23
warehouse.map,6,50,PIBT,0.2,500,1,23.018,2365,21
warehouse.map,7,50,PIBT,0.2,500,1,23.354,2483,22
warehouse.map,20,50,PIBT,0.2,500,1,23.32,2554,24
warehouse.map,21,50,PIBT,0.2,500,1,22.494,2507,23
warehouse.map,22,50,PIBT,0.2,500,1,23.638,2468,23
warehouse.map,23,50,PIBT,0.2,500,1,23.54,2431,21
warehouse.map,48,50,PIBT,0.2,500,1,23.832,2422,23
warehouse.map,49,50,PIBT,0.2,500,1,23.374,2552,21
warehouse.map,50,50,PIBT,0.2,500,1,23.226,2383,20
warehouse.map,51,50,PIBT,0.2,500,1,23.492,2297,20
warehouse.map,8,50,PIBT,0.2,500,1,23.494,2733,25
warehouse.map,9,50,PIBT,0.2,500,1,23.224,2443,22
warehouse.map,10,50,PIBT,0.2,500,1,22.76,2537,23
warehouse.map,11,50,PIBT,0.2,500,1,23.35,2690,24
warehouse.map,36,50,PIBT,0.2,500,1,23.444,2640,24
warehouse.map,37,50,PIBT,0.2,500,1,23.63,2264,20
warehouse.map,38,50,PIBT,0.2,500,1,23.604,2537,22
warehouse.map,39,50,PIBT,0.2,500,1,24.278,2491,23
warehouse.map,24,50,PIBT,0.2,500,1,23.428,2520,22
warehouse.map,25,50,PIBT,0.2,500,1,23.488,2644,24
warehouse.map,26,50,PIBT,0.2,500,1,24.36,2613,23
warehouse.map,27,50,PIBT,0.2,500,1,23.648,2655,25
warehouse.map,72,50,PIBT,0.2,500,1,22.74,2570,23
warehouse.map,73,50,PIBT,0.2,500,1,22.906,2630,24
warehouse.map,74,50,PIBT,0.2,500,1,24.146,2421,20
warehouse.map,75,50,PIBT,0.2,500,1,23.904,2400,20
warehouse.map,40,50,PIBT,0.2,500,1,23.58,2631,22
warehouse.map,41,50,PIBT,0.2,500,1,23.034,2541,21
warehouse.map,42,50,PIBT,0.2,500,1,23.986,2434,21
warehouse.map,43,50,PIBT,0.2,500,1,23.524,2528,23
warehouse.map,56,50,PIBT,0.2,500,1,23.19,2437,21
warehouse.map,57,50,PIBT,0.2,500,1,24.2,2572,23
warehouse.map,58,50,PIBT,0.2,500,1,23.538,2522,22
warehouse.map,59,50,PIBT,0.2,500,1,23.84,2595,22
warehouse.map,76,50,PIBT,0.2,500,1,23.45,2369,23
warehouse.map,77,50,PIBT,0.2,500,1,23.584,2501,24
warehouse.map,78,50,PIBT,0.2,500,1,23.628,2555,24
warehouse.map,79,50,PIBT,0.2,500,1,23.478,2386,21
warehouse.map,52,50,PIBT,0.2,500,1,22.978,2612,22
warehouse.map,53,50,PIBT,0.2,500,1,22.758,2499,22
warehouse.map,54,50,PIBT,0.2,500,1,24.48,2552,22
warehouse.map,55,50,PIBT,0.2,500,1,23.47,2367,20
warehouse.map,44,50,PIBT,0.2,500,1,23.366,2661,24
warehouse.map,45,50,PIBT,0.2,500,1,23.806,2626,24
warehouse.map,46,50,PIBT,0.2,500,1,24.332,2556,23
warehouse.map,47,50,PIBT,0.2,500,1,22.912,2523,22
warehouse.map,64,50,PIBT,0.2,500,1,23.39,2597,23
warehouse.map,65,50,PIBT,0.2,500,1,22.992,2640,23
warehouse.map,66,50,PIBT,0.2,500,1,24.38,2573,23
warehouse.map,67,50,PIBT,0.2,500,1,23.72,2638,23
warehouse.map,32,50,PIBT,0.2,500,1,23.772,2664,22
warehouse.map,33,50,PIBT,0.2,500,1,23.666,2484,21
warehouse.map,34,50,PIBT,0.2,500,1,23.878,2474,21
warehouse.map,35,50,PIBT,0.2,500,1,23.934,2547,22
warehouse.map,68,50,PIBT,0.2,500,1,23.678,2370,20
warehouse.map,69,50,PIBT,0.2,500,1,23.848,2576,22
warehouse.map,70,50,PIBT,0.2,500,1,23.666,2398,21
warehouse.map,71,50,PIBT,0.2,500,1,24.334,2534,21
warehouse.map,80,50,PIBT,0.2,500,1,24.092,2450,24
warehouse.map,81,50,PIBT,0.2,500,1,22.898,2529,24
warehouse.map,82,50,PIBT,0.2,500,1,23.508,2506,23
warehouse.map,83,50,PIBT,0.2,500,1,25.08,2590,24
warehouse.map,84,50,PIBT,0.2,500,1,23.624,2510,24
warehouse.map,85,50,PIBT,0.2,500,1,23.528,2466,24
warehouse.map,86,50,PIBT,0.2,500,1,23.152,2540,24
warehouse.map,87,50,PIBT,0.2,500,1,23.27,2441,23
warehouse.map,28,10,PIBT,0.5,500,1,104.766,1214,3
warehouse.map,29,10,PIBT,0.5,500,1,117.944,1246,3
warehouse.map,30,10,PIBT,0.5,500,1,103.9,1187,3
warehouse.map,31,10,PIBT,0.5,500,1,119.74,1235,3
warehouse.map,32,10,PIBT,0.5,500,1,136.512,1255,3
warehouse.map,33,10,PIBT,0.5,500,1,98.156,1224,3
warehouse.map,34,10,PIBT,0.5,500,1,86.954,1206,3
warehouse.map,35,10,PIBT,0.5,500,1,109.926,1177,3
warehouse.map,36,10,PIBT,0.5,500,1,98.204,1192,3
warehouse.map,37,10,PIBT,0.5,500,1,123.472,1270,3
warehouse.map,38,10,PIBT,0.5,500,1,111.532,1209,3
warehouse.map,39,10,PIBT,0.5,500,1,114.306,1221,3
warehouse.map,0,10,PIBT,0.5,500,1,114.722,1194,3
warehouse.map,1,10,PIBT,0.5,500,1,105.828,1213,3
warehouse.map,2,10,PIBT,0.5,500,1,124.542,1200,3
warehouse.map,3,10,PIBT,0.5,500,1,88.186,1211,3
warehouse.map,4,10,PIBT,0.5,500,1,116.736,1239,3
warehouse.map,5,10,PIBT,0.5,500,1,111.45,1147,3
warehouse.map,6,10,PIBT,0.5,500,1,98.988,1193,3
warehouse.map,7,10,PIBT,0.5,500,1,117.85,1214,3
warehouse.map,12,10,PIBT,0.5,500,1,135.89,1219,3
warehouse.map,13,10,PIBT,0.5,500,1,104.386,1210,3
warehouse.map,14,10,PIBT,0.5,500,1,103.776,1231,3
warehouse.map,15,10,PIBT,0.5,500,1,135.156,1214,3
warehouse.map,24,10,PIBT,0.5,500,1,114.438,1191,3
warehouse.map,25,10,PIBT,0.5,500,1,97.434,1202,3
warehouse.map,26,10,PIBT,0.5,500,1,134.374,1191,3
warehouse.map,27,10,PIBT,0.5,500,1,103.798,1239,3
warehouse.map,8,10,PIBT,0.5,500,1,121.404,1212,3
warehouse.map,9,10,PIBT,0.5,500,1,109.98,1244,3
warehouse.map,10,10,PIBT,0.5,500,1,108.3,1214,3
warehouse.map,11,10,PIBT,0.5,500,1,105.114,1221,3
warehouse.map,20,10,PIBT,0.5,500,1,118.1,1208,3
warehouse.map,21,10,PIBT,0.5,500,1,119.078,1201,3
warehouse.map,22,10,PIBT,0.5,500,1,93.128,1232,3
warehouse.map,23,10,PIBT,0.5,500,1,111.404,1166,3
warehouse.map,16,10,PIBT,0.5,500,1,97.396,1159,3
warehouse.map,17,10,PIBT,0.5,500,1,132.76,1229,3
warehouse.map,18,10,PIBT,0.5,500,1,131.868,1232,3
warehouse.map,19,10,PIBT,0.5,500,1,107.854,1175,3
warehouse.map,44,10,PIBT,0.5,500,1,114.338,1196,3
warehouse.map,45,10,PIBT,0.5,500,1,102.66,1241,3
warehouse.map,46,10,PIBT,0.5,500,1,116.174,1190,3
warehouse.map,47,10,PIBT,0.5,500,1,115.05,1228,3
warehouse.map,40,10,PIBT,0.5,500,1,139.528,1258,3
warehouse.map,41,10,PIBT,0.5,500,1,114.858,1233,3
warehouse.map,42,10,PIBT,0.5,500,1,92.048,1238,3
warehouse.map,43,10,PIBT,0.5,500,1,115.31,1180,3
warehouse.map,88,50,PIBT,0.2,500,1,22.518,2563,24
warehouse.map,89,50,PIBT,0.2,500,1,23.198,2367,22
warehouse.map,90,50,PIBT,0.2,500,1,23.55,2542,24
warehouse.map,91,50,PIBT,0.2,500,1,23.118,2515,24
warehouse.map,52,10,PIBT,0.5,500,1,115.196,1237,3
warehouse.map,53,10,PIBT,0.5,500,1,111.904,1243,3
warehouse.map,54,10,PIBT,0.5,500,1,115.426,1263,3
warehouse.map,55,10,PIBT,0.5,500,1,151.308,1260,3
warehouse.map,68,10,PIBT,0.5,500,1,126.642,1212,3
warehouse.map,69,10,PIBT,0.5,500,1,131.406,1227,3
warehouse.map,70,10,PIBT,0.5,500,1,118.3,1211,3
warehouse.map,71,10,PIBT,0.5,500,1,109.966,1233,3
warehouse.map,60,10,PIBT,0.5,500,1,101.908,1194,3
warehouse.map,61,10,PIBT,0.5,500,1,111.494,1157,3
warehouse.map,62,10,PIBT,0.5,500,1,121.744,1223,3
warehouse.map,63,10,PIBT,0.5,500,1,109.004,1213,3
warehouse.map,64,10,PIBT,0.5,500,1,99.322,1209,5
warehouse.map,65,10,PIBT,0.5,500,1,140.5,1180,3
warehouse.map,66,10,PIBT,0.5,500,1,119.036,1198,3
warehouse.map,67,10,PIBT,0.5,500,1,111.63,1251,3
warehouse.map,48,10,PIBT,0.5,500,1,107.244,1196,3
warehouse.map,49,10,PIBT,0.5,500,1,116.898,1224,3
warehouse.map,50,10,PIBT,0.5,500,1,111.938,1194,3
warehouse.map,51,10,PIBT,0.5,500,1,105.966,1169,3
warehouse.map,72,10,PIBT,0.5,500,1,95.682,1218,3
warehouse.map,73,10,PIBT,0.5,500,1,89.314,1143,3
warehouse.map,74,10,PIBT,0.5,500,1,105.45,1179,3
warehouse.map,75,10,PIBT,0.5,500,1,125.184,1238,3
warehouse.map,56,10,PIBT,0.5,500,1,115.94,1213,3
warehouse.map,57,10,PIBT,0.5,500,1,111.02,1174,3
warehouse.map,58,10,PIBT,0.5,500,1,112.296,1193,3
warehouse.map,59,10,PIBT,0.5,500,1,101.102,1203,3
warehouse.map,92,50,PIBT,0.2,500,1,23.998,2481,24
warehouse.map,93,50,PIBT,0.2,500,1,24.062,2612,25
warehouse.map,94,50,PIBT,0.2,500,1,23.72,2537,24
warehouse.map,95,50,PIBT,0.2,500,1,24.198,2443,22
warehouse.map,96,50,PIBT,0.2,500,1,23.396,2456,23
warehouse.map,97,50,PIBT,0.2,500,1,23.702,2535,24
warehouse.map,98,50,PIBT,0.2,500,1,23.432,2497,24
warehouse.map,99,50,PIBT,0.2,500,1,23.346,2609,25
warehouse.map,76,10,PIBT,0.5,500,1,119.586,1203,3
warehouse.map,77,10,PIBT,0.5,500,1,98.856,1228,3
warehouse.map,78,10,PIBT,0.5,500,1,109.706,1198,3
warehouse.map,79,10,PIBT,0.5,500,1,132.192,1230,3
warehouse.map,80,10,PIBT,0.5,500,1,122.842,1173,3
warehouse.map,81,10,PIBT,0.5,500,1,121.606,1198,3
warehouse.map,82,10,PIBT,0.5,500,1,113.67,1175,3
warehouse.map,83,10,PIBT,0.5,500,1,129.328,1238,3
warehouse.map,84,10,PIBT,0.5,500,1,118.12,1226,3
warehouse.map,85,10,PIBT,0.5,500,1,111.964,1205,3
warehouse.map,86,10,PIBT,0.5,500,1,99.772,1212,3
warehouse.map,87,10,PIBT,0.5,500,1,106.338,1223,3
warehouse.map,96,10,PIBT,0.5,500,1,115.412,1237,3
warehouse.map,97,10,PIBT,0.5,500,1,124.352,1207,3
warehouse.map,98,10,PIBT,0.5,500,1,115.36,1227,3
warehouse.map,99,10,PIBT,0.5,500,1,118.278,1230,3
warehouse.map,88,10,PIBT,0.5,500,1,114.98,1220,3
warehouse.map,89,10,PIBT,0.5,500,1,107.018,1194,3
warehouse.map,90,10,PIBT,0.5,500,1,101.206,1227,3
warehouse.map,91,10,PIBT,0.5,500,1,115.192,1205,3
warehouse.map,92,10,PIBT,0.5,500,1,108.214,1220,3
warehouse.map,93,10,PIBT,0.5,500,1,109.604,1192,3
warehouse.map,94,10,PIBT,0.5,500,1,103.212,1204,3
warehouse.map,95,10,PIBT,0.5,500,1,106.794,1276,3
warehouse.map,0,20,PIBT,0.5,500,1,28.664,1078,4
warehouse.map,1,20,PIBT,0.5,500,1,30.526,990,4
warehouse.map,2,20,PIBT,0.5,500,1,27.436,1071,4
warehouse.map,3,20,PIBT,0.5,500,1,27.896,1047,4
warehouse.map,8,20,PIBT,0.5,500,1,29.088,1005,4
warehouse.map,9,20,PIBT,0.5,500,1,27.838,1103,5
warehouse.map,10,20,PIBT,0.5,500,1,28.272,1008,4
warehouse.map,11,20,PIBT,0.5,500,1,29.18,1039,4
warehouse.map,16,20,PIBT,0.5,500,1,28.844,1043,4
warehouse.map,17,20,PIBT,0.5,500,1,27.972,1030,4
warehouse.map,18,20,PIBT,0.5,500,1,27.422,1046,4
warehouse.map,19,20,PIBT,0.5,500,1,28.898,1033,4
warehouse.map,4,20,PIBT,0.5,500,1,28.142,1073,4
warehouse.map,5,20,PIBT,0.5,500,1,28.282,1057,4
warehouse.map,6,20,PIBT,0.5,500,1,27.948,1094,4
warehouse.map,7,20,PIBT,0.5,500,1,28.216,1007,4
warehouse.map,20,20,PIBT,0.5,500,1,28.188,1025,4
warehouse.map,21,20,PIBT,0.5,500,1,28.928,1034,4
warehouse.map,22,20,PIBT,0.5,500,1,28.412,1014,4
warehouse.map,23,20,PIBT,0.5,500,1,27.752,1083,5
warehouse.map,12,20,PIBT,0.5,500,1,28.164,1076,4
warehouse.map,13,20,PIBT,0.5,500,1,29.558,970,4
warehouse.map,14,20,PIBT,0.5,500,1,28.158,1047,4
warehouse.map,15,20,PIBT,0.5,500,1,26.996,1075,4
warehouse.map,32,20,PIBT,0.5,500,1,29.756,999,4
warehouse.map,33,20,PIBT,0.5,500,1,28.562,1100,4
warehouse.map,34,20,PIBT,0.5,500,1,28.228,1033,4
warehouse.map,35,20,PIBT,0.5,500,1,28.592,1022,4
warehouse.map,40,20,PIBT,0.5,500,1,28.878,1009,4
warehouse.map,41,20,PIBT,0.5,500,1,26.582,1059,4
warehouse.map,42,20,PIBT,0.5,500,1,30.126,1014,4
warehouse.map,43,20,PIBT,0.5,500,1,30.328,1059,4
warehouse.map,44,20,PIBT,0.5,500,1,27.804,1025,4
warehouse.map,45,20,PIBT,0.5,500,1,29.008,1035,4
warehouse.map,46,20,PIBT,0.5,500,1,29.966,1034,4
warehouse.map,47,20,PIBT,0.5,500,1,27.488,993,4
warehouse.map,56,20,PIBT,0.5,500,1,28.744,1043,4
warehouse.map,57,20,PIBT,0.5,500,1,27.534,1033,4
warehouse.map,58,20,PIBT,0.5,500,1,26.896,1023,4
warehouse.map,59,20,PIBT,0.5,500,1,29.382,1059,4
warehouse.map,28,20,PIBT,0.5,500,1,30.134,996,4
warehouse.map,29,20,PIBT,0.5,500,1,28.982,998,4
warehouse.map,30,20,PIBT,0.5,500,1,27.48,1047,4
warehouse.map,31,20,PIBT,0.5,500,1,28.132,996,4
warehouse.map,24,20,PIBT,0.5,500,1,28.238,1066,4
warehouse.map,25,20,PIBT,0.5,500,1,29.0,1049,4
warehouse.map,26,20,PIBT,0.5,500,1,27.008,1021,4
warehouse.map,27,20,PIBT,0.5,500,1,26.988,1083,4
warehouse.map,60,20,PIBT,0.5,500,1,28.958,1016,4
warehouse.map,61,20,PIBT,0.5,500,1,28.268,1053,4
warehouse.map,62,20,PIBT,0.5,500,1,29.066,1019,4
warehouse.map,63,20,PIBT,0.5,500,1,28.436,1025,4
warehouse.map,52,20,PIBT,0.5,500,1,29.464,1051,4
warehouse.map,53,20,PIBT,0.5,500,1,27.016,1046,4
warehouse.map,54,20,PIBT,0.5,500,1,28.25,1055,4
warehouse.map,55,20,PIBT,0.5,500,1,27.456,1017,4
warehouse.map,36,20,PIBT,0.5,500,1,27.958,1008,4
warehouse.map,37,20,PIBT,0.5,500,1,28.786,1082,4
warehouse.map,38,20,PIBT,0.5,500,1,28.092,1042,4
warehouse.map,39,20,PIBT,0.5,500,1,27.272,1085,4
warehouse.map,48,20,PIBT,0.5,500,1,28.584,977,4
warehouse.map,49,20,PIBT,0.5,500,1,28.846,1042,4
warehouse.map,50,20,PIBT,0.5,500,1,27.494,1068,4
warehouse.map,51,20,PIBT,0.5,500,1,26.928,1072,4
warehouse.map,64,20,PIBT,0.5,500,1,28.822,1057,4
warehouse.map,65,20,PIBT,0.5,500,1,27.798,1001,4
warehouse.map,66,20,PIBT,0.5,500,1,28.094,1046,4
warehouse.map,67,20,PIBT,0.5,500,1,28.126,1042,4
warehouse.map,68,20,PIBT,0.5,500,1,29.084,1038,4
warehouse.map,69,20,PIBT,0.5,500,1,28.636,1014,4
warehouse.map,70,20,PIBT,0.5,500,1,29.318,1026,4
warehouse.map,71,20,PIBT,0.5,500,1,28.338,1046,4
warehouse.map,72,20,PIBT,0.5,500,1,29.034,1029,4
warehouse.map,73,20,PIBT,0.5,500,1,28.874,1063,4
warehouse.map,74,20,PIBT,0.5,500,1,27.414,1067,4
warehouse.map,75,20,PIBT,0.5,500,1,28.428,1044,4
warehouse.map,76,20,PIBT,0.5,500,1,27.58,1011,4
warehouse.map,77,20,PIBT,0.5,500,1,29.576,1044,4
warehouse.map,78,20,PIBT,0.5,500,1,27.338,1029,4
warehouse.map,79,20,PIBT,0.5,500,1,27.966,1089,5
warehouse.map,80,20,PIBT,0.5,500,1,27.73,1067,4
warehouse.map,81,20,PIBT,0.5,500,1,28.5,979,4
warehouse.map,82,20,PIBT,0.5,500,1,27.354,1025,4
warehouse.map,83,20,PIBT,0.5,500,1,28.926,1028,4
warehouse.map,88,20,PIBT,0.5,500,1,27.928,1023,4
warehouse.map,89,20,PIBT,0.5,500,1,27.846,1059,4
warehouse.map,90,20,PIBT,0.5,500,1,27.92,1066,5
warehouse.map,91,20,PIBT,0.5,500,1,29.194,1017,4
warehouse.map,84,20,PIBT,0.5,500,1,27.2,1045,4
warehouse.map,85,20,PIBT,0.5,500,1,29.556,1046,4
warehouse.map,86,20,PIBT,0.5,500,1,27.172,1019,4
warehouse.map,87,20,PIBT,0.5,500,1,28.802,999,4
warehouse.map,92,20,PIBT,0.5,500,1,29.258,1071,4
warehouse.map,93,20,PIBT,0.5,500,1,28.046,1044,5
warehouse.map,94,20,PIBT,0.5,500,1,28.22,1018,4
warehouse.map,95,20,PIBT,0.5,500,1,27.508,991,4
warehouse.map,96,20,PIBT,0.5,500,1,28.616,1054,4
warehouse.map,97,20,PIBT,0.5,500,1,28.2,1066,4
warehouse.map,98,20,PIBT,0.5,500,1,28.766,1040,4
warehouse.map,99,20,PIBT,0.5,500,1,27.846,1016,4
warehouse.map,0,30,PIBT,0.5,500,1,24.572,1032,6
warehouse.map,1,30,PIBT,0.5,500,1,25.738,984,6
warehouse.map,2,30,PIBT,0.5,500,1,24.762,1108,7
warehouse.map,3,30,PIBT,0.5,500,1,25.448,1023,6
warehouse.map,12,30,PIBT,0.5,500,1,26.148,1049,6
warehouse.map,13,30,PIBT,0.5,500,1,25.216,1026,6
warehouse.map,14,30,PIBT,0.5,500,1,24.75,1089,7
warehouse.map,15,30,PIBT,0.5,500,1,24.924,1033,6
warehouse.map,4,30,PIBT,0.5,500,1,24.884,1046,6
warehouse.map,5,30,PIBT,0.5,500,1,25.314,1071,7
warehouse.map,6,30,PIBT,0.5,500,1,25.296,1026,6
warehouse.map,7,30,PIBT,0.5,500,1,24.556,989,6
warehouse.map,8,30,PIBT,0.5,500,1,25.012,1031,6
warehouse.map,9,30,PIBT,0.5,500,1,24.912,1020,6
warehouse.map,10,30,PIBT,0.5,500,1,25.2,1069,6
warehouse.map,11,30,PIBT,0.5,500,1,24.556,1082,6
warehouse.map,16,30,PIBT,0.5,500,1,25.852,1029,6
warehouse.map,17,30,PIBT,0.5,500,1,24.27,1024,6
warehouse.map,18,30,PIBT,0.5,500,1,24.77,1030,6
warehouse.map,19,30,PIBT,0.5,500,1,25.464,1020,5
warehouse.map,20,30,PIBT,0.5,500,1,25.582,1019,6
warehouse.map,21,30,PIBT,0.5,500,1,24.822,1011,6
warehouse.map,22,30,PIBT,0.5,500,1,24.27,1036,6
warehouse.map,23,30,PIBT,0.5,500,1,24.858,1082,7
warehouse.map,32,30,PIBT,0.5,500,1,25.33,1066,6
warehouse.map,33,30,PIBT,0.5,500,1,25.502,1020,6
warehouse.map,34,30,PIBT,0.5,500,1,24.524,1023,6
warehouse.map,35,30,PIBT,0.5,500,1,24.178,1072,6
warehouse.map,24,30,PIBT,0.5,500,1,25.288,1080,6
warehouse.map,25,30,PIBT,0.5,500,1,24.612,1037,6
warehouse.map,26,30,PIBT,0.5,500,1,25.528,1057,7
warehouse.map,27,30,PIBT,0.5,500,1,26.082,964,6
warehouse.map,40,30,PIBT,0.5,500,1,24.982,1070,7
warehouse.map,41,30,PIBT,0.5,500,1,24.504,1038,6
warehouse.map,42,30,PIBT,0.5,500,1,25.114,985,6
warehouse.map,43,30,PIBT,0.5,500,1,25.368,1031,6
warehouse.map,36,30,PIBT,0.5,500,1,25.686,1033,6
warehouse.map,37,30,PIBT,0.5,500,1,26.224,1008,6
warehouse.map,38,30,PIBT,0.5,500,1,24.332,1049,5
warehouse.map,39,30,PIBT,0.5,500,1,25.5,1002,6
warehouse.map,28,30,PIBT,0.5,500,1,24.216,993,6
warehouse.map,29,30,PIBT,0.5,500,1,25.104,1029,6
warehouse.map,30,30,PIBT,0.5,500,1,24.222,1010,6
warehouse.map,31,30,PIBT,0.5,500,1,24.416,988,6
warehouse.map,48,30,PIBT,0.5,500,1,25.678,1032,6
warehouse.map,49,30,PIBT,0.5,500,1,24.688,1028,6
warehouse.map,50,30,PIBT,0.5,500,1,26.07,1070,7
warehouse.map,51,30,PIBT,0.5,500,1,25.59,1057,6
warehouse.map,52,30,PIBT,0.5,500,1,24.71,999,6
warehouse.map,53,30,PIBT,0.5,500,1,25.712,1021,6
warehouse.map,54,30,PIBT,0.5,500,1,25.338,1028,6
warehouse.map,55,30,PIBT,0.5,500,1,25.054,965,6
warehouse.map,60,30,PIBT,0.5,500,1,25.552,999,6
warehouse.map,61,30,PIBT,0.5,500,1,25.394,1031,6
warehouse.map,62,30,PIBT,0.5,500,1,24.782,1028,6
warehouse.map,63,30,PIBT,0.5,500,1,24.792,1065,6
warehouse.map,44,30,PIBT,0.5,500,1,25.424,1037,6
warehouse.map,45,30,PIBT,0.5,500,1,24.724,1049,6
warehouse.map,46,30,PIBT,0.5,500,1,25.186,1033,6
warehouse.map,47,30,PIBT,0.5,500,1,25.734,1075,7
warehouse.map,56,30,PIBT,0.5,500,1,25.266,1049,6
warehouse.map,57,30,PIBT,0.5,500,1,25.7,1064,7
warehouse.map,58,30,PIBT,0.5,500,1,25.554,1066,7
warehouse.map,59,30,PIBT,0.5,500,1,25.408,1076,7
warehouse.map,64,30,PIBT,0.5,500,1,26.354,1034,6
warehouse.map,65,30,PIBT,0.5,500,1,24.998,1053,6
warehouse.map,66,30,PIBT,0.5,500,1,25.584,1073,7
warehouse.map,67,30,PIBT,0.5,500,1,24.978,1028,6
warehouse.map,72,30,PIBT,0.5,500,1,25.322,1040,6
warehouse.map,73,30,PIBT,0.5,500,1,25.39,1074,7
warehouse.map,74,30,PIBT,0.5,500,1,25.674,1088,7
warehouse.map,75,30,PIBT,0.5,500,1,26.458,1019,6
warehouse.map,68,30,PIBT,0.5,500,1,25.768,1004,6
warehouse.map,69,30,PIBT,0.5,500,1,24.676,975,6
warehouse.map,70,30,PIBT,0.5,500,1,24.412,1061,6
warehouse.map,71,30,PIBT,0.5,500,1,25.856,1004,6
warehouse.map,80,30,PIBT,0.5,500,1,25.122,1085,7
warehouse.map,81,30,PIBT,0.5,500,1,25.32,1046,6
warehouse.map,82,30,PIBT,0.5,500,1,24.566,995,6
warehouse.map,83,30,PIBT,0.5,500,1,24.852,1051,6
warehouse.map,76,30,PIBT,0.5,500,1,26.066,1039,6
warehouse.map,77,30,PIBT,0.5,500,1,24.842,966,6
warehouse.map,78,30,PIBT,0.5,500,1,25.234,1072,7
warehouse.map,79,30,PIBT,0.5,500,1,25.666,1056,6
warehouse.map,84,30,PIBT,0.5,500,1,25.69,1040,6
warehouse.map,85,30,PIBT,0.5,500,1,25.138,1051,6
warehouse.map,86,30,PIBT,0.5,500,1,26.152,1006,6
warehouse.map,87,30,PIBT,0.5,500,1,25.758,1032,6
warehouse.map,92,30,PIBT,0.5,500,1,24.598,1019,6
warehouse.map,93,30,PIBT,0.5,500,1,25.698,929,6
warehouse.map,94,30,PIBT,0.5,500,1,25.256,1092,7
warehouse.map,95,30,PIBT,0.5,500,1,24.312,963,6
warehouse.map,88,30,PIBT,0.5,500,1,25.074,1086,7
warehouse.map,89,30,PIBT,0.5,500,1,25.126,1056,6
warehouse.map,90,30,PIBT,0.5,500,1,25.41,1084,7
warehouse.map,91,30,PIBT,0.5,500,1,25.824,1036,6
warehouse.map,4,40,PIBT,0.5,500,1,24.55,1009,8
warehouse.map,5,40,PIBT,0.5,500,1,24.484,1019,8
warehouse.map,6,40,PIBT,0.5,500,1,24.094,1090,9
warehouse.map,7,40,PIBT,0.5,500,1,24.576,1034,8
warehouse.map,96,30,PIBT,0.5,500,1,25.602,974,6
warehouse.map,97,30,PIBT,0.5,500,1,25.384,1035,6
warehouse.map,98,30,PIBT,0.5,500,1,25.578,996,6
warehouse.map,99,30,PIBT,0.5,500,1,25.6,1034,6
warehouse.map,16,40,PIBT,0.5,500,1,23.446,1054,9
warehouse.map,17,40,PIBT,0.5,500,1,24.756,1021,8
warehouse.map,18,40,PIBT,0.5,500,1,23.686,1084,9
warehouse.map,19,40,PIBT,0.5,500,1,24.412,1068,9
warehouse.map,0,40,PIBT,0.5,500,1,23.466,1000,8
warehouse.map,1,40,PIBT,0.5,500,1,24.014,1091,9
warehouse.map,2,40,PIBT,0.5,500,1,23.83,996,8
warehouse.map,3,40,PIBT,0.5,500,1,24.21,990,8
warehouse.map,8,40,PIBT,0.5,500,1,23.814,1033,8
warehouse.map,9,40,PIBT,0.5,500,1,24.464,1006,8
warehouse.map,10,40,PIBT,0.5,500,1,24.024,1041,8
warehouse.map,11,40,PIBT,0.5,500,1,24.482,968,8
warehouse.map,20,40,PIBT,0.5,500,1,24.26,1058,9
warehouse.map,21,40,PIBT,0.5,500,1,24.422,1023,8
warehouse.map,22,40,PIBT,0.5,500,1,23.964,1061,9
warehouse.map,23,40,PIBT,0.5,500,1,24.664,1102,9
warehouse.map,12,40,PIBT,0.5,500,1,24.26,1029,7
warehouse.map,13,40,PIBT,0.5,500,1,24.22,1013,7
warehouse.map,14,40,PIBT,0.5,500,1,24.172,1066,8
warehouse.map,15,40,PIBT,0.5,500,1,24.476,1046,8
warehouse.map,24,40,PIBT,0.5,500,1,23.53,977,8
warehouse.map,25,40,PIBT,0.5,500,1,24.06,1051,9
warehouse.map,26,40,PIBT,0.5,500,1,24.332,1028,8
warehouse.map,27,40,PIBT,0.5,500,1,24.036,1081,9
warehouse.map,28,40,PIBT,0.5,500,1,24.558,1056,9
warehouse.map,29,40,PIBT,0.5,500,1,23.872,1017,8
warehouse.map,30,40,PIBT,0.5,500,1,24.266,993,8
warehouse.map,31,40,PIBT,0.5,500,1,23.764,1062,9
warehouse.map,44,40,PIBT,0.5,500,1,24.412,1099,9
warehouse.map,45,40,PIBT,0.5,500,1,23.676,1089,9
warehouse.map,46,40,PIBT,0.5,500,1,23.818,1081,9
warehouse.map,47,40,PIBT,0.5,500,1,23.578,1027,7
warehouse.map,32,40,PIBT,0.5,500,1,24.572,1006,8
warehouse.map,33,40,PIBT,0.5,500,1,23.472,1056,9
warehouse.map,34,40,PIBT,0.5,500,1,24.394,958,8
warehouse.map,35,40,PIBT,0.5,500,1,24.348,1109,9
warehouse.map,36,40,PIBT,0.5,500,1,23.924,1045,8
warehouse.map,37,40,PIBT,0.5,500,1,23.924,997,8
warehouse.map,38,40,PIBT,0.5,500,1,24.198,987,8
warehouse.map,39,40,PIBT,0.5,500,1,24.612,1054,8
warehouse.map,40,40,PIBT,0.5,500,1,24.524,1052,9
warehouse.map,41,40,PIBT,0.5,500,1,24.522,1034,8
warehouse.map,42,40,PIBT,0.5,500,1,23.448,1051,9
warehouse.map,43,40,PIBT,0.5,500,1,24.546,1017,8
warehouse.map,48,40,PIBT,0.5,500,1,24.058,1011,8
warehouse.map,49,40,PIBT,0.5,500,1,23.882,1074,9
warehouse.map,50,40,PIBT,0.5,500,1,24.32,1006,8
warehouse.map,51,40,PIBT,0.5,500,1,23.484,1006,8
warehouse.map,52,40,PIBT,0.5,500,1,24.21,959,7
warehouse.map,53,40,PIBT,0.5,500,1,24.27,1075,8
warehouse.map,54,40,PIBT,0.5,500,1,23.906,1062,8
warehouse.map,55,40,PIBT,0.5,500,1,24.424,1061,8
warehouse.map,56,40,PIBT,0.5,500,1,23.906,1064,9
warehouse.map,57,40,PIBT,0.5,500,1,24.634,1065,9
warehouse.map,58,40,PIBT,0.5,500,1,24.682,1042,9
warehouse.map,59,40,PIBT,0.5,500,1,24.172,1020,8
warehouse.map,60,40,PIBT,0.5,500,1,24.376,959,8
warehouse.map,61,40,PIBT,0.5,500,1,23.824,1040,9
warehouse.map,62,40,PIBT,0.5,500,1,25.09,1054,9
warehouse.map,63,40,PIBT,0.5,500,1,24.93,1029,9
warehouse.map,68,40,PIBT,0.5,500,1,24.122,1040,9
warehouse.map,69,40,PIBT,0.5,500,1,24.3,1013,8
warehouse.map,70,40,PIBT,0.5,500,1,23.938,1022,8
warehouse.map,71,40,PIBT,0.5,500,1,24.152,1039,9
warehouse.map,64,40,PIBT,0.5,500,1,23.976,1014,8
warehouse.map,65,40,PIBT,0.5,500,1,24.168,997,8
warehouse.map,66,40,PIBT,0.5,500,1,24.352,1090,9
warehouse.map,67,40,PIBT,0.5,500,1,24.312,1035,9
warehouse.map,72,40,PIBT,0.5,500,1,23.868,1034,9
warehouse.map,73,40,PIBT,0.5,500,1,23.932,1039,9
warehouse.map,74,40,PIBT,0.5,500,1,24.146,994,8
warehouse.map,75,40,PIBT,0.5,500,1,24.034,1058,9
warehouse.map,76,40,PIBT,0.5,500,1,24.338,1063,9
warehouse.map,77,40,PIBT,0.5,500,1,23.912,1073,9
warehouse.map,78,40,PIBT,0.5,500,1,25.77,1079,9
warehouse.map,79,40,PIBT,0.5,500,1,23.4,1015,8
warehouse.map,80,40,PIBT,0.5,500,1,24.216,1088,9
warehouse.map,81,40,PIBT,0.5,500,1,24.616,1053,9
warehouse.map,82,40,PIBT,0.5,500,1,24.322,1072,9
warehouse.map,83,40,PIBT,0.5,500,1,23.404,1007,8
warehouse.map,88,40,PIBT,0.5,500,1,24.728,1011,8
warehouse.map,89,40,PIBT,0.5,500,1,24.404,1029,8
warehouse.map,90,40,PIBT,0.5,500,1,23.516,1067,8
warehouse.map,91,40,PIBT,0.5,500,1,24.154,1072,8
warehouse.map,84,40,PIBT,0.5,500,1,24.27,1061,8
warehouse.map,85,40,PIBT,0.5,500,1,23.54,1051,8
warehouse.map,86,40,PIBT,0.5,500,1,24.166,1050,8
warehouse.map,87,40,PIBT,0.5,500,1,23.876,1133,8
warehouse.map,92,40,PIBT,0.5,500,1,23.964,1018,8
warehouse.map,93,40,PIBT,0.5,500,1,23.346,1023,8
warehouse.map,94,40,PIBT,0.5,500,1,24.584,1078,9
warehouse.map,95,40,PIBT,0.5,500,1,23.982,1037,9
warehouse.map,96,40,PIBT,0.5,500,1,23.642,1068,9
warehouse.map,97,40,PIBT,0.5,500,1,23.602,1024,8
warehouse.map,98,40,PIBT,0.5,500,1,24.504,1051,9
warehouse.map,99,40,PIBT,0.5,500,1,24.168,1017,8
warehouse.map,0,50,PIBT,0.5,500,1,23.414,1075,11
warehouse.map,1,50,PIBT,0.5,500,1,23.108,1059,11
warehouse.map,2,50,PIBT,0.5,500,1,23.196,1059,11
warehouse.map,3,50,PIBT,0.5,500,1,24.024,1006,10
warehouse.map,4,50,PIBT,0.5,500,1,23.752,1001,11
warehouse.map,5,50,PIBT,0.5,500,1,24.418,1019,10
warehouse.map,6,50,PIBT,0.5,500,1,23.258,1040,11
warehouse.map,7,50,PIBT,0.5,500,1,23.518,1065,11
warehouse.map,24,50,PIBT,0.5,500,1,23.284,996,10
warehouse.map,25,50,PIBT,0.5,500,1,22.82,1054,11
warehouse.map,26,50,PIBT,0.5,500,1,24.278,970,10
warehouse.map,27,50,PIBT,0.5,500,1,24.262,995,10
warehouse.map,8,50,PIBT,0.5,500,1,24.006,1089,11
warehouse.map,9,50,PIBT,0.5,500,1,24.122,1048,10
warehouse.map,10,50,PIBT,0.5,500,1,23.434,1014,10
warehouse.map,11,50,PIBT,0.5,500,1,23.496,992,10
warehouse.map,16,50,PIBT,0.5,500,1,22.798,1009,9
warehouse.map,17,50,PIBT,0.5,500,1,23.476,956,9
warehouse.map,18,50,PIBT,0.5,500,1,23.578,1030,10
warehouse.map,19,50,PIBT,0.5,500,1,23.944,1016,10
warehouse.map,28,50,PIBT,0.5,500,1,23.222,1021,9
warehouse.map,29,50,PIBT,0.5,500,1,23.292,1071,11
warehouse.map,30,50,PIBT,0.5,500,1,23.07,1045,10
warehouse.map,31,50,PIBT,0.5,500,1,24.374,1042,11
warehouse.map,36,50,PIBT,0.5,500,1,23.82,1027,11
warehouse.map,37,50,PIBT,0.5,500,1,23.508,984,10
warehouse.map,38,50,PIBT,0.5,500,1,23.448,995,9
warehouse.map,39,50,PIBT,0.5,500,1,23.116,1024,11
warehouse.map,12,50,PIBT,0.5,500,1,23.548,1071,10
warehouse.map,13,50,PIBT,0.5,500,1,24.486,1085,10
warehouse.map,14,50,PIBT,0.5,500,1,24.708,991,9
warehouse.map,15,50,PIBT,0.5,500,1,22.992,1019,9
warehouse.map,40,50,PIBT,0.5,500,1,23.73,1007,10
warehouse.map,41,50,PIBT,0.5,500,1,24.074,986,9
warehouse.map,42,50,PIBT,0.5,500,1,23.762,1063,11
warehouse.map,43,50,PIBT,0.5,500,1,23.328,979,10
warehouse.map,20,50,PIBT,0.5,500,1,23.456,1053,10
warehouse.map,21,50,PIBT,0.5,500,1,23.63,966,10
warehouse.map,22,50,PIBT,0.5,500,1,23.47,1040,10
warehouse.map,23,50,PIBT,0.5,500,1,24.13,1012,10
warehouse.map,32,50,PIBT,0.5,500,1,24.064,1001,10
warehouse.map,33,50,PIBT,0.5,500,1,23.87,1026,10
warehouse.map,34,50,PIBT,0.5,500,1,23.99,1004,9
warehouse.map,35,50,PIBT,0.5,500,1,24.032,1078,11
warehouse.map,48,50,PIBT,0.5,500,1,24.502,1048,10
warehouse.map,49,50,PIBT,0.5,500,1,23.488,964,9
warehouse.map,50,50,PIBT,0.5,500,1,23.35,989,10
warehouse.map,51,50,PIBT,0.5,500,1,23.376,1038,11
warehouse.map,52,50,PIBT,0.5,500,1,23.934,1040,11
warehouse.map,53,50,PIBT,0.5,500,1,24.096,1009,10
warehouse.map,54,50,PIBT,0.5,500,1,23.962,1054,11
warehouse.map,55,50,PIBT,0.5,500,1,23.682,976,10
warehouse.map,44,50,PIBT,0.5,500,1,24.348,1076,10
warehouse.map,45,50,PIBT,0.5,500,1,23.646,996,9
warehouse.map,46,50,PIBT,0.5,500,1,23.452,1035,11
warehouse.map,47,50,PIBT,0.5,500,1,23.87,1006,10
warehouse.map,56,50,PIBT,0.5,500,1,23.414,1093,11
warehouse.map,57,50,PIBT,0.5,500,1,24.888,1041,11
warehouse.map,58,50,PIBT,0.5,500,1,24.244,1040,11
warehouse.map,59,50,PIBT,0.5,500,1,23.342,998,10
warehouse.map,60,50,PIBT,0.5,500,1,23.92,1096,11
warehouse.map,61,50,PIBT,0.5,500,1,24.002,1060,11
warehouse.map,62,50,PIBT,0.5,500,1,23.764,1093,11
warehouse.map,63,50,PIBT,0.5,500,1,23.464,1012,10
warehouse.map,64,50,PIBT,0.5,500,1,23.156,987,10
warehouse.map,65,50,PIBT,0.5,500,1,23.798,1048,11
warehouse.map,66,50,PIBT,0.5,500,1,23.916,1028,11
warehouse.map,67,50,PIBT,0.5,500,1,23.81,1033,10
warehouse.map,68,50,PIBT,0.5,500,1,24.076,1063,11
warehouse.map,69,50,PIBT,0.5,500,1,23.494,1034,10
warehouse.map,70,50,PIBT,0.5,500,1,24.276,959,10
warehouse.map,71,50,PIBT,0.5,500,1,23.176,1018,10
warehouse.map,72,50,PIBT,0.5,500,1,23.468,1021,10
warehouse.map,73,50,PIBT,0.5,500,1,23.24,1016,10
warehouse.map,74,50,PIBT,0.5,500,1,23.76,1026,11
warehouse.map,75,50,PIBT,0.5,500,1,23.662,1041,9
warehouse.map,76,50,PIBT,0.5,500,1,24.028,1001,10
warehouse.map,77,50,PIBT,0.5,500,1,22.976,1056,11
warehouse.map,78,50,PIBT,0.5,500,1,23.858,973,10
warehouse.map,79,50,PIBT,0.5,500,1,23.37,1007,11
warehouse.map,4,10,PIBT,1,500,1,311.982,1124,3
warehouse.map,5,10,PIBT,1,500,1,285.926,1090,3
warehouse.map,6,10,PIBT,1,500,1,289.334,1100,3
warehouse.map,7,10,PIBT,1,500,1,299.768,1130,3
warehouse.map,0,10,PIBT,1,500,1,302.734,1121,3
warehouse.map,1,10,PIBT,1,500,1,277.786,1134,3
warehouse.map,2,10,PIBT,1,500,1,308.822,1166,3
warehouse.map,3,10,PIBT,1,500,1,280.78,1129,3
warehouse.map,80,50,PIBT,0.5,500,1,23.43,1077,11
warehouse.map,81,50,PIBT,0.5,500,1,23.394,989,10
warehouse.map,82,50,PIBT,0.5,500,1,23.136,1045,11
warehouse.map,83,50,PIBT,0.5,500,1,23.16,1027,10
warehouse.map,92,50,PIBT,0.5,500,1,23.726,990,10
warehouse.map,93,50,PIBT,0.5,500,1,23.016,1026,10
warehouse.map,94,50,PIBT,0.5,500,1,23.724,1055,11
warehouse.map,95,50,PIBT,0.5,500,1,23.472,1010,11
warehouse.map,84,50,PIBT,0.5,500,1,24.0,1050,11
warehouse.map,85,50,PIBT,0.5,500,1,23.33,1012,11
warehouse.map,86,50,PIBT,0.5,500,1,23.368,1030,10
warehouse.map,87,50,PIBT,0.5,500,1,24.358,1034,11
warehouse.map,8,10,PIBT,1,500,1,298.204,1095,3
warehouse.map,9,10,PIBT,1,500,1,314.868,1135,3
warehouse.map,10,10,PIBT,1,500,1,282.798,1111,3
warehouse.map,11,10,PIBT,1,500,1,297.69,1132,3
warehouse.map,24,10,PIBT,1,500,1,302.928,1138,4
warehouse.map,25,10,PIBT,1,500,1,297.138,1141,3
warehouse.map,26,10,PIBT,1,500,1,300.798,1162,4
warehouse.map,27,10,PIBT,1,500,1,302.106,1143,3
warehouse.map,12,10,PIBT,1,500,1,289.524,1164,3
warehouse.map,13,10,PIBT,1,500,1,281.856,1161,3
warehouse.map,14,10,PIBT,1,500,1,286.314,1087,3
warehouse.map,15,10,PIBT,1,500,1,313.716,1140,3
warehouse.map,28,10,PIBT,1,500,1,281.16,1092,3
warehouse.map,29,10,PIBT,1,500,1,299.284,1125,3
warehouse.map,30,10,PIBT,1,500,1,275.834,1110,3
warehouse.map,31,10,PIBT,1,500,1,305.316,1153,4
warehouse.map,20,10,PIBT,1,500,1,300.592,1099,3
warehouse.map,21,10,PIBT,1,500,1,295.244,1145,3
warehouse.map,22,10,PIBT,1,500,1,267.38,1078,3
warehouse.map,23,10,PIBT,1,500,1,277.954,1086,3
warehouse.map,88,50,PIBT,0.5,500,1,23.632,1022,11
warehouse.map,89,50,PIBT,0.5,500,1,23.652,1049,12
warehouse.map,90,50,PIBT,0.5,500,1,24.224,1032,11
warehouse.map,91,50,PIBT,0.5,500,1,23.712,1015,11
warehouse.map,32,10,PIBT,1,500,1,326.416,1233,4
warehouse.map,33,10,PIBT,1,500,1,298.286,1175,4
warehouse.map,34,10,PIBT,1,500,1,284.344,1120,3
warehouse.map,35,10,PIBT,1,500,1,311.19,1148,3
warehouse.map,96,50,PIBT,0.5,500,1,23.356,1052,11
warehouse.map,97,50,PIBT,0.5,500,1,22.97,1021,10
warehouse.map,98,50,PIBT,0.5,500,1,23.572,992,10
warehouse.map,99,50,PIBT,0.5,500,1,23.354,1000,10
warehouse.map,16,10,PIBT,1,500,1,280.074,1117,3
warehouse.map,17,10,PIBT,1,500,1,300.692,1149,3
warehouse.map,18,10,PIBT,1,500,1,301.7,1163,4
warehouse.map,19,10,PIBT,1,500,1,279.132,1097,5
warehouse.map,44,10,PIBT,1,500,1,284.808,1113,3
warehouse.map,45,10,PIBT,1,500,1,301.1,1122,3
warehouse.map,46,10,PIBT,1,500,1,318.976,1166,4
warehouse.map,47,10,PIBT,1,500,1,300.526,1127,3
warehouse.map,36,10,PIBT,1,500,1,315.568,1141,3
warehouse.map,37,10,PIBT,1,500,1,285.962,1133,3
warehouse.map,38,10,PIBT,1,500,1,274.918,1137,3
warehouse.map,39,10,PIBT,1,500,1,293.312,1142,3
warehouse.map,40,10,PIBT,1,500,1,295.784,1160,3
warehouse.map,41,10,PIBT,1,500,1,306.116,1162,3
warehouse.map,42,10,PIBT,1,500,1,297.3,1199,4
warehouse.map,43,10,PIBT,1,500,1,298.958,1090,3
warehouse.map,48,10,PIBT,1,500,1,313.912,1149,3
warehouse.map,49,10,PIBT,1,500,1,306.784,1170,4
warehouse.map,50,10,PIBT,1,500,1,316.194,1189,3
warehouse.map,51,10,PIBT,1,500,1,301.908,1141,3
warehouse.map,52,10,PIBT,1,500,1,312.736,1155,3
warehouse.map,53,10,PIBT,1,500,1,289.684,1080,3
warehouse.map,54,10,PIBT,1,500,1,302.038,1152,3
warehouse.map,55,10,PIBT,1,500,1,302.702,1158,4
warehouse.map,56,10,PIBT,1,500,1,292.704,1100,3
warehouse.map,57,10,PIBT,1,500,1,295.294,1118,3
warehouse.map,58,10,PIBT,1,500,1,304.844,1166,3
warehouse.map,59,10,PIBT,1,500,1,303.864,1168,4
warehouse.map,60,10,PIBT,1,500,1,299.346,1150,3
warehouse.map,61,10,PIBT,1,500,1,290.654,1127,3
warehouse.map,62,10,PIBT,1,500,1,291.848,1148,3
warehouse.map,63,10,PIBT,1,500,1,271.71,1063,3
warehouse.map,64,10,PIBT,1,500,1,300.566,1153,3
warehouse.map,65,10,PIBT,1,500,1,299.342,1143,3
warehouse.map,66,10,PIBT,1,500,1,276.142,1104,3
warehouse.map,67,10,PIBT,1,500,1,302.126,1137,3
warehouse.map,68,10,PIBT,1,500,1,282.594,1083,3
warehouse.map,69,10,PIBT,1,500,1,292.742,1158,4
warehouse.map,70,10,PIBT,1,500,1,284.462,1125,3
warehouse.map,71,10,PIBT,1,500,1,312.64,1194,4
warehouse.map,72,10,PIBT,1,500,1,299.672,1169,3
warehouse.map,73,10,PIBT,1,500,1,272.564,1083,3
warehouse.map,74,10,PIBT,1,500,1,261.224,1081,3
warehouse.map,75,10,PIBT,1,500,1,276.626,1082,3
warehouse.map,76,10,PIBT,1,500,1,300.95,1134,3
warehouse.map,77,10,PIBT,1,500,1,292.038,1132,3
warehouse.map,78,10,PIBT,1,500,1,305.802,1150,3
warehouse.map,79,10,PIBT,1,500,1,285.724,1136,3
warehouse.map,0,20,PIBT,1,500,1,74.884,662,3
warehouse.map,1,20,PIBT,1,500,1,75.204,653,3
warehouse.map,2,20,PIBT,1,500,1,81.236,675,3
warehouse.map,3,20,PIBT,1,500,1,66.874,631,3
warehouse.map,80,10,PIBT,1,500,1,260.682,1097,3
warehouse.map,81,10,PIBT,1,500,1,287.74,1154,3
warehouse.map,82,10,PIBT,1,500,1,302.574,1169,3
warehouse.map,83,10,PIBT,1,500,1,300.832,1133,3
warehouse.map,84,10,PIBT,1,500,1,273.486,1104,3
warehouse.map,85,10,PIBT,1,500,1,295.152,1106,3
warehouse.map,86,10,PIBT,1,500,1,278.702,1108,3
warehouse.map,87,10,PIBT,1,500,1,290.278,1114,3
warehouse.map,88,10,PIBT,1,500,1,286.892,1117,3
warehouse.map,89,10,PIBT,1,500,1,309.492,1158,3
warehouse.map,90,10,PIBT,1,500,1,298.746,1124,3
warehouse.map,91,10,PIBT,1,500,1,295.938,1163,3
warehouse.map,8,20,PIBT,1,500,1,71.594,636,3
warehouse.map,9,20,PIBT,1,500,1,71.648,635,3
warehouse.map,10,20,PIBT,1,500,1,70.146,616,3
warehouse.map,11,20,PIBT,1,500,1,76.964,636,3
warehouse.map,96,10,PIBT,1,500,1,292.78,1126,3
warehouse.map,97,10,PIBT,1,500,1,306.938,1163,3
warehouse.map,98,10,PIBT,1,500,1,289.306,1094,3
warehouse.map,99,10,PIBT,1,500,1,289.582,1089,3
warehouse.map,12,20,PIBT,1,500,1,68.392,615,3
warehouse.map,13,20,PIBT,1,500,1,78.484,638,3
warehouse.map,14,20,PIBT,1,500,1,84.378,678,3
warehouse.map,15,20,PIBT,1,500,1,74.07,641,3
warehouse.map,92,10,PIBT,1,500,1,271.65,1057,3
warehouse.map,93,10,PIBT,1,500,1,286.892,1127,3
warehouse.map,94,10,PIBT,1,500,1,286.204,1141,3
warehouse.map,95,10,PIBT,1,500,1,302.676,1144,4
warehouse.map,4,20,PIBT,1,500,1,86.03,682,3
warehouse.map,5,20,PIBT,1,500,1,75.146,662,3
warehouse.map,6,20,PIBT,1,500,1,78.268,665,3
warehouse.map,7,20,PIBT,1,500,1,76.936,632,3
warehouse.map,16,20,PIBT,1,500,1,73.88,631,3
warehouse.map,17,20,PIBT,1,500,1,82.19,661,3
warehouse.map,18,20,PIBT,1,500,1,88.59,649,3
warehouse.map,19,20,PIBT,1,500,1,82.86,647,3
warehouse.map,20,20,PIBT,1,500,1,80.094,664,3
warehouse.map,21,20,PIBT,1,500,1,71.808,664,3
warehouse.map,22,20,PIBT,1,500,1,78.592,703,3
warehouse.map,23,20,PIBT,1,500,1,73.808,636,3
warehouse.map,32,20,PIBT,1,500,1,73.14,639,3
warehouse.map,33,20,PIBT,1,500,1,77.058,632,3
warehouse.map,34,20,PIBT,1,500,1,75.18,657,3
warehouse.map,35,20,PIBT,1,500,1,78.722,636,3
warehouse.map,28,20,PIBT,1,500,1,79.324,639,3
warehouse.map,29,20,PIBT,1,500,1,70.844,639,3
warehouse.map,30,20,PIBT,1,500,1,65.894,634,3
warehouse.map,31,20,PIBT,1,500,1,72.882,645,3
warehouse.map,24,20,PIBT,1,500,1,72.198,633,3
warehouse.map,25,20,PIBT,1,500,1,74.372,643,3
warehouse.map,26,20,PIBT,1,500,1,78.26,666,3
warehouse.map,27,20,PIBT,1,500,1,80.478,665,3
warehouse.map,36,20,PIBT,1,500,1,80.548,686,3
warehouse.map,37,20,PIBT,1,500,1,75.51,640,3
warehouse.map,38,20,PIBT,1,500,1,71.342,621,3
warehouse.map,39,20,PIBT,1,500,1,64.822,634,3
warehouse.map,40,20,PIBT,1,500,1,80.244,668,3
warehouse.map,41,20,PIBT,1,500,1,74.912,661,3
warehouse.map,42,20,PIBT,1,500,1,73.182,630,3
warehouse.map,43,20,PIBT,1,500,1,72.852,634,3
warehouse.map,44,20,PIBT,1,500,1,71.822,638,3
warehouse.map,45,20,PIBT,1,500,1,70.162,625,3
warehouse.map,46,20,PIBT,1,500,1,73.098,647,3
warehouse.map,47,20,PIBT,1,500,1,70.414,626,3
warehouse.map,48,20,PIBT,1,500,1,76.594,631,3
warehouse.map,49,20,PIBT,1,500,1,72.528,633,3
warehouse.map,50,20,PIBT,1,500,1,71.914,638,3
warehouse.map,51,20,PIBT,1,500,1,80.302,633,3
warehouse.map,52,20,PIBT,1,500,1,69.592,626,3
warehouse.map,53,20,PIBT,1,500,1,66.758,616,3
warehouse.map,54,20,PIBT,1,500,1,78.916,646,3
warehouse.map,55,20,PIBT,1,500,1,80.676,679,3
warehouse.map,56,20,PIBT,1,500,1,74.794,657,3
warehouse.map,57,20,PIBT,1,500,1,82.598,647,3
warehouse.map,58,20,PIBT,1,500,1,71.798,626,3
warehouse.map,59,20,PIBT,1,500,1,71.354,641,3
warehouse.map,60,20,PIBT,1,500,1,72.28,641,3
warehouse.map,61,20,PIBT,1,500,1,75.208,658,3
warehouse.map,62,20,PIBT,1,500,1,81.724,659,3
warehouse.map,63,20,PIBT,1,500,1,69.284,628,3
warehouse.map,64,20,PIBT,1,500,1,71.426,635,3
warehouse.map,65,20,PIBT,1,500,1,69.578,626,3
warehouse.map,66,20,PIBT,1,500,1,78.262,662,3
warehouse.map,67,20,PIBT,1,500,1,76.822,656,3
warehouse.map,68,20,PIBT,1,500,1,74.17,663,3
warehouse.map,69,20,PIBT,1,500,1,71.172,652,3
warehouse.map,70,20,PIBT,1,500,1,74.724,651,3
warehouse.map,71,20,PIBT,1,500,1,78.276,661,3
warehouse.map,72,20,PIBT,1,500,1,70.33,638,3
warehouse.map,73,20,PIBT,1,500,1,69.61,623,3
warehouse.map,74,20,PIBT,1,500,1,70.366,634,3
warehouse.map,75,20,PIBT,1,500,1,77.992,670,3
warehouse.map,80,20,PIBT,1,500,1,79.002,662,3
warehouse.map,81,20,PIBT,1,500,1,68.288,660,3
warehouse.map,82,20,PIBT,1,500,1,82.892,672,3
warehouse.map,83,20,PIBT,1,500,1,76.724,641,3
warehouse.map,76,20,PIBT,1,500,1,70.53,646,3
warehouse.map,77,20,PIBT,1,500,1,79.9,635,3
warehouse.map,78,20,PIBT,1,500,1,71.92,674,3
warehouse.map,79,20,PIBT,1,500,1,74.454,657,3
warehouse.map,84,20,PIBT,1,500,1,75.338,647,3
warehouse.map,85,20,PIBT,1,500,1,70.718,643,3
warehouse.map,86,20,PIBT,1,500,1,75.75,633,3
warehouse.map,87,20,PIBT,1,500,1,69.088,640,3
warehouse.map,92,20,PIBT,1,500,1,75.54,653,3
warehouse.map,93,20,PIBT,1,500,1,81.002,630,3
warehouse.map,94,20,PIBT,1,500,1,86.928,671,3
warehouse.map,95,20,PIBT,1,500,1,80.852,661,3
warehouse.map,4,30,PIBT,1,500,1,31.548,540,3
warehouse.map,5,30,PIBT,1,500,1,32.722,547,3
warehouse.map,6,30,PIBT,1,500,1,31.346,532,3
warehouse.map,7,30,PIBT,1,500,1,32.492,546,3
warehouse.map,16,30,PIBT,1,500,1,30.418,549,3
warehouse.map,17,30,PIBT,1,500,1,33.004,557,4
warehouse.map,18,30,PIBT,1,500,1,34.208,554,4
warehouse.map,19,30,PIBT,1,500,1,35.42,555,4
warehouse.map,20,30,PIBT,1,500,1,29.562,549,3
warehouse.map,21,30,PIBT,1,500,1,29.452,540,3
warehouse.map,22,30,PIBT,1,500,1,34.3,552,3
warehouse.map,23,30,PIBT,1,500,1,29.06,541,3
warehouse.map,0,30,PIBT,1,500,1,28.45,556,4
warehouse.map,1,30,PIBT,1,500,1,32.938,532,3
warehouse.map,2,30,PIBT,1,500,1,31.31,548,3
warehouse.map,3,30,PIBT,1,500,1,33.3,562,3
warehouse.map,96,20,PIBT,1,500,1,75.91,640,3
warehouse.map,97,20,PIBT,1,500,1,73.91,657,3
warehouse.map,98,20,PIBT,1,500,1,75.264,653,3
warehouse.map,99,20,PIBT,1,500,1,72.234,624,3
warehouse.map,12,30,PIBT,1,500,1,33.498,557,3
warehouse.map,13,30,PIBT,1,500,1,30.398,542,3
warehouse.map,14,30,PIBT,1,500,1,32.004,552,3
warehouse.map,15,30,PIBT,1,500,1,31.718,567,4
warehouse.map,88,20,PIBT,1,500,1,73.514,632,3
warehouse.map,89,20,PIBT,1,500,1,77.808,650,3
warehouse.map,90,20,PIBT,1,500,1,64.538,620,3
warehouse.map,91,20,PIBT,1,500,1,89.66,683,4
warehouse.map,8,30,PIBT,1,500,1,31.678,549,3
warehouse.map,9,30,PIBT,1,500,1,34.756,568,3
warehouse.map,10,30,PIBT,1,500,1,34.874,556,3
warehouse.map,11,30,PIBT,1,500,1,35.864,550,3
warehouse.map,24,30,PIBT,1,500,1,30.484,548,3
warehouse.map,25,30,PIBT,1,500,1,31.608,555,4
warehouse.map,26,30,PIBT,1,500,1,32.974,545,4
warehouse.map,27,30,PIBT,1,500,1,29.774,533,3
warehouse.map,28,30,PIBT,1,500,1,32.496,538,4
warehouse.map,29,30,PIBT,1,500,1,32.854,561,4
warehouse.map,30,30,PIBT,1,500,1,30.764,542,3
warehouse.map,31,30,PIBT,1,500,1,32.374,543,3
warehouse.map,36,30,PIBT,1,500,1,31.438,553,4
warehouse.map,37,30,PIBT,1,500,1,31.702,551,3
warehouse.map,38,30,PIBT,1,500,1,33.222,544,4
warehouse.map,39,30,PIBT,1,500,1,32.05,547,3
warehouse.map,40,30,PIBT,1,500,1,30.962,550,3
warehouse.map,41,30,PIBT,1,500,1,30.3,532,3
warehouse.map,42,30,PIBT,1,500,1,31.61,547,3
warehouse.map,43,30,PIBT,1,500,1,33.138,542,3
warehouse.map,32,30,PIBT,1,500,1,35.944,573,4
warehouse.map,33,30,PIBT,1,500,1,31.626,541,3
warehouse.map,34,30,PIBT,1,500,1,31.218,542,3
warehouse.map,35,30,PIBT,1,500,1,33.64,544,3
warehouse.map,44,30,PIBT,1,500,1,31.158,542,4
warehouse.map,45,30,PIBT,1,500,1,31.78,553,4
warehouse.map,46,30,PIBT,1,500,1,32.496,551,4
warehouse.map,47,30,PIBT,1,500,1,34.636,550,4
warehouse.map,48,30,PIBT,1,500,1,35.03,555,4
warehouse.map,49,30,PIBT,1,500,1,31.46,536,3
warehouse.map,50,30,PIBT,1,500,1,30.48,539,3
warehouse.map,51,30,PIBT,1,500,1,30.358,539,3
warehouse.map,52,30,PIBT,1,500,1,34.642,550,4
warehouse.map,53,30,PIBT,1,500,1,30.448,545,3
warehouse.map,54,30,PIBT,1,500,1,34.398,542,3
warehouse.map,55,30,PIBT,1,500,1,37.254,580,4
warehouse.map,60,30,PIBT,1,500,1,33.344,550,3
warehouse.map,61,30,PIBT,1,500,1,30.61,556,4
warehouse.map,62,30,PIBT,1,500,1,30.168,537,3
warehouse.map,63,30,PIBT,1,500,1,30.938,553,3
warehouse.map,56,30,PIBT,1,500,1,34.362,572,4
warehouse.map,57,30,PIBT,1,500,1,32.176,551,3
warehouse.map,58,30,PIBT,1,500,1,30.714,551,3
warehouse.map,59,30,PIBT,1,500,1,30.526,549,3
warehouse.map,64,30,PIBT,1,500,1,35.818,558,4
warehouse.map,65,30,PIBT,1,500,1,31.114,550,4
warehouse.map,66,30,PIBT,1,500,1,32.158,557,3
warehouse.map,67,30,PIBT,1,500,1,31.824,552,3
warehouse.map,76,30,PIBT,1,500,1,33.07,551,3
warehouse.map,77,30,PIBT,1,500,1,31.17,565,3
warehouse.map,78,30,PIBT,1,500,1,31.08,556,3
warehouse.map,79,30,PIBT,1,500,1,34.442,550,3
warehouse.map,72,30,PIBT,1,500,1,29.292,534,3
warehouse.map,73,30,PIBT,1,500,1,34.55,554,4
warehouse.map,74,30,PIBT,1,500,1,32.624,539,3
warehouse.map,75,30,PIBT,1,500,1,30.42,543,3
warehouse.map,68,30,PIBT,1,500,1,31.334,565,4
warehouse.map,69,30,PIBT,1,500,1,37.752,566,4
warehouse.map,70,30,PIBT,1,500,1,33.716,551,3
warehouse.map,71,30,PIBT,1,500,1,32.886,560,4
warehouse.map,88,30,PIBT,1,500,1,32.906,549,4
warehouse.map,89,30,PIBT,1,500,1,32.808,547,3
warehouse.map,90,30,PIBT,1,500,1,32.228,544,3
warehouse.map,91,30,PIBT,1,500,1,30.8,552,4
warehouse.map,80,30,PIBT,1,500,1,34.748,550,4
warehouse.map,81,30,PIBT,1,500,1,29.974,543,3
warehouse.map,82,30,PIBT,1,500,1,32.804,542,3
warehouse.map,83,30,PIBT,1,500,1,31.586,543,4
warehouse.map,92,30,PIBT,1,500,1,30.734,551,3
warehouse.map,93,30,PIBT,1,500,1,33.93,544,4
warehouse.map,94,30,PIBT,1,500,1,31.738,549,3
warehouse.map,95,30,PIBT,1,500,1,33.216,556,3
warehouse.map,96,30,PIBT,1,500,1,33.17,550,3
warehouse.map,97,30,PIBT,1,500,1,35.086,556,4
warehouse.map,98,30,PIBT,1,500,1,31.746,539,3
warehouse.map,99,30,PIBT,1,500,1,30.678,557,3
warehouse.map,84,30,PIBT,1,500,1,31.7,536,3
warehouse.map,85,30,PIBT,1,500,1,30.892,539,3
warehouse.map,86,30,PIBT,1,500,1,30.086,544,3
warehouse.map,87,30,PIBT,1,500,1,33.044,547,4
warehouse.map,0,40,PIBT,1,500,1,26.3,537,5
warehouse.map,1,40,PIBT,1,500,1,26.736,542,5
warehouse.map,2,40,PIBT,1,500,1,26.502,537,5
warehouse.map,3,40,PIBT,1,500,1,25.546,541,5
warehouse.map,12,40,PIBT,1,500,1,26.65,534,5
warehouse.map,13,40,PIBT,1,500,1,26.428,536,5
warehouse.map,14,40,PIBT,1,500,1,26.832,529,5
warehouse.map,15,40,PIBT,1,500,1,26.116,545,5
warehouse.map,16,40,PIBT,1,500,1,27.548,539,4
warehouse.map,17,40,PIBT,1,500,1,26.338,533,4
warehouse.map,18,40,PIBT,1,500,1,25.602,536,4
warehouse.map,19,40,PIBT,1,500,1,26.676,535,4
warehouse.map,8,40,PIBT,1,500,1,25.31,544,5
warehouse.map,9,40,PIBT,1,500,1,27.208,541,5
warehouse.map,10,40,PIBT,1,500,1,26.156,542,5
warehouse.map,11,40,PIBT,1,500,1,26.442,546,5
warehouse.map,28,40,PIBT,1,500,1,27.182,534,5
warehouse.map,29,40,PIBT,1,500,1,25.92,536,5
warehouse.map,30,40,PIBT,1,500,1,27.326,532,5
warehouse.map,31,40,PIBT,1,500,1,25.986,543,5
warehouse.map,20,40,PIBT,1,500,1,25.856,534,5
warehouse.map,21,40,PIBT,1,500,1,26.11,537,5
warehouse.map,22,40,PIBT,1,500,1,27.44,540,5
warehouse.map,23,40,PIBT,1,500,1,26.396,555,5
warehouse.map,4,40,PIBT,1,500,1,26.732,543,4
warehouse.map,5,40,PIBT,1,500,1,27.194,544,4
warehouse.map,6,40,PIBT,1,500,1,25.104,532,4
warehouse.map,7,40,PIBT,1,500,1,25.47,540,5
warehouse.map,24,40,PIBT,1,500,1,25.868,553,4
warehouse.map,25,40,PIBT,1,500,1,26.686,538,4
warehouse.map,26,40,PIBT,1,500,1,25.818,535,4
warehouse.map,27,40,PIBT,1,500,1,27.092,533,6
warehouse.map,36,40,PIBT,1,500,1,27.064,547,5
warehouse.map,37,40,PIBT,1,500,1,26.024,536,5
warehouse.map,38,40,PIBT,1,500,1,26.65,532,5
warehouse.map,39,40,PIBT,1,500,1,26.964,553,5
warehouse.map,32,40,PIBT,1,500,1,26.626,544,5
warehouse.map,33,40,PIBT,1,500,1,25.596,536,5
warehouse.map,34,40,PIBT,1,500,1,26.166,540,5
warehouse.map,35,40,PIBT,1,500,1,25.958,543,5
warehouse.map,40,40,PIBT,1,500,1,26.548,534,5
warehouse.map,41,40,PIBT,1,500,1,25.648,540,5
warehouse.map,42,40,PIBT,1,500,1,25.52,546,5
warehouse.map,43,40,PIBT,1,500,1,26.142,538,5
warehouse.map,44,40,PIBT,1,500,1,26.016,532,5
warehouse.map,45,40,PIBT,1,500,1,26.544,532,5
warehouse.map,46,40,PIBT,1,500,1,25.858,550,5
warehouse.map,47,40,PIBT,1,500,1,26.708,538,5
warehouse.map,48,40,PIBT,1,500,1,27.486,545,5
warehouse.map,49,40,PIBT,1,500,1,24.936,546,5
warehouse.map,50,40,PIBT,1,500,1,25.842,531,4
warehouse.map,51,40,PIBT,1,500,1,26.778,551,5
warehouse.map,52,40,PIBT,1,500,1,26.564,540,5
warehouse.map,53,40,PIBT,1,500,1,26.96,557,5
warehouse.map,54,40,PIBT,1,500,1,27.87,539,5
warehouse.map,55,40,PIBT,1,500,1,26.884,534,5
warehouse.map,56,40,PIBT,1,500,1,25.73,540,5
warehouse.map,57,40,PIBT,1,500,1,25.964,543,5
warehouse.map,58,40,PIBT,1,500,1,27.962,537,5
warehouse.map,59,40,PIBT,1,500,1,25.182,539,5
warehouse.map,60,40,PIBT,1,500,1,25.494,536,5
warehouse.map,61,40,PIBT,1,500,1,27.024,533,5
warehouse.map,62,40,PIBT,1,500,1,24.576,563,5
warehouse.map,63,40,PIBT,1,500,1,26.828,544,5
warehouse.map,68,40,PIBT,1,500,1,27.002,539,5
warehouse.map,69,40,PIBT,1,500,1,27.276,541,5
warehouse.map,70,40,PIBT,1,500,1,24.9,537,5
warehouse.map,71,40,PIBT,1,500,1,25.794,535,4
warehouse.map,64,40,PIBT,1,500,1,26.224,527,5
warehouse.map,65,40,PIBT,1,500,1,27.06,535,5
warehouse.map,66,40,PIBT,1,500,1,25.908,540,5
warehouse.map,67,40,PIBT,1,500,1,26.49,546,5
warehouse.map,72,40,PIBT,1,500,1,25.372,536,5
warehouse.map,73,40,PIBT,1,500,1,27.244,536,5
warehouse.map,74,40,PIBT,1,500,1,26.552,542,5
warehouse.map,75,40,PIBT,1,500,1,26.214,535,5
warehouse.map,88,40,PIBT,1,500,1,25.92,530,5
warehouse.map,89,40,PIBT,1,500,1,26.902,547,5
warehouse.map,90,40,PIBT,1,500,1,25.94,540,5
warehouse.map,91,40,PIBT,1,500,1,26.362,551,5
warehouse.map,84,40,PIBT,1,500,1,25.148,542,5
warehouse.map,85,40,PIBT,1,500,1,24.816,540,4
warehouse.map,86,40,PIBT,1,500,1,26.29,544,5
warehouse.map,87,40,PIBT,1,500,1,27.464,554,5
warehouse.map,80,40,PIBT,1,500,1,24.126,539,5
warehouse.map,81,40,PIBT,1,500,1,25.604,533,5
warehouse.map,82,40,PIBT,1,500,1,26.662,545,5
warehouse.map,83,40,PIBT,1,500,1,25.256,531,4
warehouse.map,76,40,PIBT,1,500,1,25.762,540,5
warehouse.map,77,40,PIBT,1,500,1,26.77,554,5
warehouse.map,78,40,PIBT,1,500,1,26.484,545,4
warehouse.map,79,40,PIBT,1,500,1,26.65,540,4
warehouse.map,92,40,PIBT,1,500,1,26.3,539,5
warehouse.map,93,40,PIBT,1,500,1,26.384,541,5
warehouse.map,94,40,PIBT,1,500,1,26.752,537,5
warehouse.map,95,40,PIBT,1,500,1,25.938,527,5
warehouse.map,0,50,PIBT,1,500,1,25.7,539,6
warehouse.map,1,50,PIBT,1,500,1,25.07,541,6
warehouse.map,2,50,PIBT,1,500,1,24.84,546,6
warehouse.map,3,50,PIBT,1,500,1,23.886,539,6
warehouse.map,96,40,PIBT,1,500,1,24.71,537,5
warehouse.map,97,40,PIBT,1,500,1,27.416,543,5
warehouse.map,98,40,PIBT,1,500,1,26.292,535,5
warehouse.map,99,40,PIBT,1,500,1,26.052,531,8
warehouse.map,4,50,PIBT,1,500,1,24.808,531,5
warehouse.map,5,50,PIBT,1,500,1,25.128,530,6
warehouse.map,6,50,PIBT,1,500,1,25.064,535,6
warehouse.map,7,50,PIBT,1,500,1,25.078,535,6
warehouse.map,12,50,PIBT,1,500,1,24.358,537,6
warehouse.map,13,50,PIBT,1,500,1,24.774,539,6
warehouse.map,14,50,PIBT,1,500,1,24.38,535,6
warehouse.map,15,50,PIBT,1,500,1,24.37,540,6
warehouse.map,20,50,PIBT,1,500,1,24.2,558,6
warehouse.map,21,50,PIBT,1,500,1,24.898,536,6
warehouse.map,22,50,PIBT,1,500,1,25.828,537,6
warehouse.map,23,50,PIBT,1,500,1,25.926,544,6
warehouse.map,24,50,PIBT,1,500,1,24.97,540,5
warehouse.map,25,50,PIBT,1,500,1,24.334,533,6
warehouse.map,26,50,PIBT,1,500,1,25.742,537,6
warehouse.map,27,50,PIBT,1,500,1,23.576,551,6
warehouse.map,16,50,PIBT,1,500,1,25.248,536,6
warehouse.map,17,50,PIBT,1,500,1,25.322,527,6
warehouse.map,18,50,PIBT,1,500,1,25.066,540,6
warehouse.map,19,50,PIBT,1,500,1,25.058,543,6
warehouse.map,8,50,PIBT,1,500,1,24.346,542,6
warehouse.map,9,50,PIBT,1,500,1,24.328,533,6
warehouse.map,10,50,PIBT,1,500,1,24.832,528,6
warehouse.map,11,50,PIBT,1,500,1,24.39,532,6
warehouse.map,28,50,PIBT,1,500,1,24.16,536,6
warehouse.map,29,50,PIBT,1,500,1,25.15,542,6
warehouse.map,30,50,PIBT,1,500,1,24.21,541,6
warehouse.map,31,50,PIBT,1,500,1,25.224,537,6
warehouse.map,32,50,PIBT,1,500,1,25.842,536,6
warehouse.map,33,50,PIBT,1,500,1,25.67,543,6
warehouse.map,34,50,PIBT,1,500,1,25.876,536,6
warehouse.map,35,50,PIBT,1,500,1,25.174,535,6
warehouse.map,36,50,PIBT,1,500,1,24.582,534,6
warehouse.map,37,50,PIBT,1,500,1,24.206,529,6
warehouse.map,38,50,PIBT,1,500,1,24.696,537,6
warehouse.map,39,50,PIBT,1,500,1,23.428,530,6
warehouse.map,40,50,PIBT,1,500,1,24.816,529,6
warehouse.map,41,50,PIBT,1,500,1,24.976,536,6
warehouse.map,42,50,PIBT,1,500,1,25.344,534,6
warehouse.map,43,50,PIBT,1,500,1,25.404,533,6
warehouse.map,44,50,PIBT,1,500,1,25.268,530,6
warehouse.map,45,50,PIBT,1,500,1,25.41,538,6
warehouse.map,46,50,PIBT,1,500,1,24.096,529,6
warehouse.map,47,50,PIBT,1,500,1,24.072,533,6
warehouse.map,48,50,PIBT,1,500,1,25.814,537,6
warehouse.map,49,50,PIBT,1,500,1,24.39,541,6
warehouse.map,50,50,PIBT,1,500,1,25.79,549,6
warehouse.map,51,50,PIBT,1,500,1,24.748,540,6
warehouse.map,52,50,PIBT,1,500,1,25.35,531,6
warehouse.map,53,50,PIBT,1,500,1,26.454,541,6
warehouse.map,54,50,PIBT,1,500,1,24.6,537,6
warehouse.map,55,50,PIBT,1,500,1,25.724,539,6
warehouse.map,56,50,PIBT,1,500,1,24.808,535,6
warehouse.map,57,50,PIBT,1,500,1,25.416,546,6
warehouse.map,58,50,PIBT,1,500,1,25.448,533,6
warehouse.map,59,50,PIBT,1,500,1,24.938,532,6
warehouse.map,60,50,PIBT,1,500,1,24.244,531,6
warehouse.map,61,50,PIBT,1,500,1,25.682,537,6
warehouse.map,62,50,PIBT,1,500,1,25.598,539,6
warehouse.map,63,50,PIBT,1,500,1,24.596,537,6
warehouse.map,68,50,PIBT,1,500,1,24.974,545,6
warehouse.map,69,50,PIBT,1,500,1,24.782,548,6
warehouse.map,70,50,PIBT,1,500,1,24.796,552,6
warehouse.map,71,50,PIBT,1,500,1,24.378,539,6
warehouse.map,64,50,PIBT,1,500,1,24.096,531,6
warehouse.map,65,50,PIBT,1,500,1,25.166,538,6
warehouse.map,66,50,PIBT,1,500,1,26.02,531,6
warehouse.map,67,50,PIBT,1,500,1,26.628,538,6
warehouse.map,76,50,PIBT,1,500,1,25.382,537,6
warehouse.map,77,50,PIBT,1,500,1,24.316,523,6
warehouse.map,78,50,PIBT,1,500,1,25.33,543,6
warehouse.map,79,50,PIBT,1,500,1,25.62,536,6
warehouse.map,80,50,PIBT,1,500,1,25.658,529,6
warehouse.map,81,50,PIBT,1,500,1,25.526,541,6
warehouse.map,82,50,PIBT,1,500,1,25.666,540,6
warehouse.map,83,50,PIBT,1,500,1,25.644,536,6
warehouse.map,84,50,PIBT,1,500,1,25.032,540,6
warehouse.map,85,50,PIBT,1,500,1,25.336,542,6
warehouse.map,86,50,PIBT,1,500,1,25.25,530,6
warehouse.map,87,50,PIBT,1,500,1,24.836,533,6
warehouse.map,92,50,PIBT,1,500,1,23.818,541,6
warehouse.map,93,50,PIBT,1,500,1,25.052,533,6
warehouse.map,94,50,PIBT,1,500,1,24.89,538,6
warehouse.map,95,50,PIBT,1,500,1,25.516,535,6
warehouse.map,4,10,PIBT,2,500,1,420.866,1113,4
warehouse.map,5,10,PIBT,2,500,1,398.984,1089,3
warehouse.map,6,10,PIBT,2,500,1,430.462,1163,4
warehouse.map,7,10,PIBT,2,500,1,403.074,1099,3
warehouse.map,88,50,PIBT,1,500,1,25.742,543,5
warehouse.map,89,50,PIBT,1,500,1,25.696,535,6
warehouse.map,90,50,PIBT,1,500,1,25.842,536,6
warehouse.map,91,50,PIBT,1,500,1,24.176,541,5
warehouse.map,96,50,PIBT,1,500,1,25.356,531,6
warehouse.map,97,50,PIBT,1,500,1,24.63,532,6
warehouse.map,98,50,PIBT,1,500,1,25.476,533,6
warehouse.map,99,50,PIBT,1,500,1,25.146,549,6
warehouse.map,0,10,PIBT,2,500,1,409.656,1102,4
warehouse.map,1,10,PIBT,2,500,1,389.46,1108,4
warehouse.map,2,10,PIBT,2,500,1,400.01,1118,4
warehouse.map,3,10,PIBT,2,500,1,375.258,1088,3
warehouse.map,72,50,PIBT,1,500,1,24.954,531,6
warehouse.map,73,50,PIBT,1,500,1,24.05,530,6
warehouse.map,74,50,PIBT,1,500,1,24.332,536,5
warehouse.map,75,50,PIBT,1,500,1,25.188,539,5
warehouse.map,24,10,PIBT,2,500,1,404.246,1094,3
warehouse.map,25,10,PIBT,2,500,1,392.026,1095,4
warehouse.map,26,10,PIBT,2,500,1,389.75,1097,3
warehouse.map,27,10,PIBT,2,500,1,395.758,1096,3
warehouse.map,8,10,PIBT,2,500,1,403.584,1087,4
warehouse.map,9,10,PIBT,2,500,1,380.93,1046,3
warehouse.map,10,10,PIBT,2,500,1,395.462,1120,4
warehouse.map,11,10,PIBT,2,500,1,421.01,1151,4
warehouse.map,28,10,PIBT,2,500,1,415.286,1136,4
warehouse.map,29,10,PIBT,2,500,1,393.878,1084,3
warehouse.map,30,10,PIBT,2,500,1,392.59,1109,4
warehouse.map,31,10,PIBT,2,500,1,387.816,1098,3
warehouse.map,16,10,PIBT,2,500,1,420.898,1137,4
warehouse.map,17,10,PIBT,2,500,1,397.01,1124,3
warehouse.map,18,10,PIBT,2,500,1,399.048,1096,3
warehouse.map,19,10,PIBT,2,500,1,402.514,1094,3
warehouse.map,12,10,PIBT,2,500,1,414.534,1112,4
warehouse.map,13,10,PIBT,2,500,1,408.222,1127,4
warehouse.map,14,10,PIBT,2,500,1,425.316,1162,4
warehouse.map,15,10,PIBT,2,500,1,383.094,1064,3
warehouse.map,20,10,PIBT,2,500,1,399.574,1122,4
warehouse.map,21,10,PIBT,2,500,1,408.706,1092,4
warehouse.map,22,10,PIBT,2,500,1,389.214,1107,4
warehouse.map,23,10,PIBT,2,500,1,410.8,1118,4
warehouse.map,32,10,PIBT,2,500,1,394.276,1091,3
warehouse.map,33,10,PIBT,2,500,1,400.182,1097,3
warehouse.map,34,10,PIBT,2,500,1,389.518,1090,3
warehouse.map,35,10,PIBT,2,500,1,384.242,1090,4
warehouse.map,36,10,PIBT,2,500,1,404.078,1129,4
warehouse.map,37,10,PIBT,2,500,1,421.746,1175,4
warehouse.map,38,10,PIBT,2,500,1,402.08,1116,4
warehouse.map,39,10,PIBT,2,500,1,399.724,1067,3
warehouse.map,48,10,PIBT,2,500,1,403.836,1103,4
warehouse.map,49,10,PIBT,2,500,1,395.772,1107,4
warehouse.map,50,10,PIBT,2,500,1,399.77,1103,3
warehouse.map,51,10,PIBT,2,500,1,398.086,1132,4
warehouse.map,40,10,PIBT,2,500,1,414.482,1127,4
warehouse.map,41,10,PIBT,2,500,1,399.706,1112,4
warehouse.map,42,10,PIBT,2,500,1,380.224,1053,3
warehouse.map,43,10,PIBT,2,500,1,388.778,1098,4
warehouse.map,44,10,PIBT,2,500,1,397.372,1089,3
warehouse.map,45,10,PIBT,2,500,1,376.17,1065,3
warehouse.map,46,10,PIBT,2,500,1,403.632,1123,4
warehouse.map,47,10,PIBT,2,500,1,396.814,1108,4
warehouse.map,52,10,PIBT,2,500,1,406.832,1132,4
warehouse.map,53,10,PIBT,2,500,1,403.652,1102,3
warehouse.map,54,10,PIBT,2,500,1,373.098,1054,3
warehouse.map,55,10,PIBT,2,500,1,394.098,1088,4
warehouse.map,56,10,PIBT,2,500,1,400.518,1082,3
warehouse.map,57,10,PIBT,2,500,1,406.41,1100,4
warehouse.map,58,10,PIBT,2,500,1,383.194,1085,4
warehouse.map,59,10,PIBT,2,500,1,417.07,1156,4
warehouse.map,60,10,PIBT,2,500,1,397.982,1076,3
warehouse.map,61,10,PIBT,2,500,1,389.554,1072,3
warehouse.map,62,10,PIBT,2,500,1,387.004,1093,3
warehouse.map,63,10,PIBT,2,500,1,391.706,1096,4
warehouse.map,68,10,PIBT,2,500,1,390.092,1088,3
warehouse.map,69,10,PIBT,2,500,1,417.444,1112,3
warehouse.map,70,10,PIBT,2,500,1,406.232,1154,4
warehouse.map,71,10,PIBT,2,500,1,405.948,1124,4
warehouse.map,64,10,PIBT,2,500,1,394.82,1142,4
warehouse.map,65,10,PIBT,2,500,1,406.4,1088,3
warehouse.map,66,10,PIBT,2,500,1,381.114,1036,3
warehouse.map,67,10,PIBT,2,500,1,390.902,1123,4
warehouse.map,72,10,PIBT,2,500,1,376.39,1100,4
warehouse.map,73,10,PIBT,2,500,1,378.814,1093,4
warehouse.map,74,10,PIBT,2,500,1,385.914,1094,4
warehouse.map,75,10,PIBT,2,500,1,401.862,1098,4
warehouse.map,84,10,PIBT,2,500,1,392.35,1128,4
warehouse.map,85,10,PIBT,2,500,1,418.33,1144,4
warehouse.map,86,10,PIBT,2,500,1,402.434,1115,4
warehouse.map,87,10,PIBT,2,500,1,394.936,1090,3
warehouse.map,76,10,PIBT,2,500,1,422.856,1179,4
warehouse.map,77,10,PIBT,2,500,1,399.868,1113,4
warehouse.map,78,10,PIBT,2,500,1,401.162,1128,4
warehouse.map,79,10,PIBT,2,500,1,392.398,1108,4
warehouse.map,80,10,PIBT,2,500,1,394.788,1095,4
warehouse.map,81,10,PIBT,2,500,1,405.304,1109,4
warehouse.map,82,10,PIBT,2,500,1,398.886,1120,4
warehouse.map,83,10,PIBT,2,500,1,401.688,1094,4
warehouse.map,88,10,PIBT,2,500,1,396.23,1098,4
warehouse.map,89,10,PIBT,2,500,1,385.334,1123,4
warehouse.map,90,10,PIBT,2,500,1,404.596,1100,3
warehouse.map,91,10,PIBT,2,500,1,407.956,1139,4
warehouse.map,96,10,PIBT,2,500,1,414.786,1146,4
warehouse.map,97,10,PIBT,2,500,1,411.294,1147,4
warehouse.map,98,10,PIBT,2,500,1,398.238,1094,3
warehouse.map,99,10,PIBT,2,500,1,356.58,1031,3
warehouse.map,0,20,PIBT,2,500,1,170.068,621,3
warehouse.map,1,20,PIBT,2,500,1,165.436,621,3
warehouse.map,2,20,PIBT,2,500,1,166.548,608,3
warehouse.map,3,20,PIBT,2,500,1,162.82,605,3
warehouse.map,8,20,PIBT,2,500,1,165.134,599,3
warehouse.map,9,20,PIBT,2,500,1,174.036,608,3
warehouse.map,10,20,PIBT,2,500,1,171.26,621,3
warehouse.map,11,20,PIBT,2,500,1,161.104,593,3
warehouse.map,92,10,PIBT,2,500,1,410.814,1102,3
warehouse.map,93,10,PIBT,2,500,1,423.94,1176,4
warehouse.map,94,10,PIBT,2,500,1,365.634,1053,3
warehouse.map,95,10,PIBT,2,500,1,404.41,1080,3
warehouse.map,4,20,PIBT,2,500,1,157.674,604,3
warehouse.map,5,20,PIBT,2,500,1,172.588,652,3
warehouse.map,6,20,PIBT,2,500,1,161.456,585,3
warehouse.map,7,20,PIBT,2,500,1,155.56,580,3
warehouse.map,16,20,PIBT,2,500,1,165.142,601,3
warehouse.map,17,20,PIBT,2,500,1,169.028,594,3
warehouse.map,18,20,PIBT,2,500,1,166.03,605,3
warehouse.map,19,20,PIBT,2,500,1,157.94,582,3
warehouse.map,20,20,PIBT,2,500,1,167.704,626,3
warehouse.map,21,20,PIBT,2,500,1,164.324,622,3
warehouse.map,22,20,PIBT,2,500,1,169.23,638,3
warehouse.map,23,20,PIBT,2,500,1,154.786,581,3
warehouse.map,12,20,PIBT,2,500,1,172.186,604,3
warehouse.map,13,20,PIBT,2,500,1,171.166,601,3
warehouse.map,14,20,PIBT,2,500,1,166.084,599,3
warehouse.map,15,20,PIBT,2,500,1,168.646,622,3
warehouse.map,24,20,PIBT,2,500,1,164.618,632,3
warehouse.map,25,20,PIBT,2,500,1,163.324,590,3
warehouse.map,26,20,PIBT,2,500,1,170.598,628,3
warehouse.map,27,20,PIBT,2,500,1,173.07,618,3
warehouse.map,28,20,PIBT,2,500,1,166.234,594,3
warehouse.map,29,20,PIBT,2,500,1,172.412,625,3
warehouse.map,30,20,PIBT,2,500,1,157.564,592,3
warehouse.map,31,20,PIBT,2,500,1,171.916,619,3
warehouse.map,32,20,PIBT,2,500,1,165.458,612,3
warehouse.map,33,20,PIBT,2,500,1,165.756,607,3
warehouse.map,34,20,PIBT,2,500,1,170.002,608,3
warehouse.map,35,20,PIBT,2,500,1,172.408,607,3
warehouse.map,44,20,PIBT,2,500,1,164.324,603,3
warehouse.map,45,20,PIBT,2,500,1,173.832,627,3
warehouse.map,46,20,PIBT,2,500,1,167.276,585,3
warehouse.map,47,20,PIBT,2,500,1,149.93,577,3
warehouse.map,40,20,PIBT,2,500,1,162.158,611,3
warehouse.map,41,20,PIBT,2,500,1,168.48,604,3
warehouse.map,42,20,PIBT,2,500,1,171.642,603,3
warehouse.map,43,20,PIBT,2,500,1,169.044,608,3
warehouse.map,36,20,PIBT,2,500,1,158.356,582,3
warehouse.map,37,20,PIBT,2,500,1,162.002,617,3
warehouse.map,38,20,PIBT,2,500,1,170.678,592,3
warehouse.map,39,20,PIBT,2,500,1,168.104,634,4
warehouse.map,48,20,PIBT,2,500,1,160.244,575,3
warehouse.map,49,20,PIBT,2,500,1,163.938,619,3
warehouse.map,50,20,PIBT,2,500,1,167.086,625,3
warehouse.map,51,20,PIBT,2,500,1,160.216,595,3
warehouse.map,52,20,PIBT,2,500,1,171.774,623,3
warehouse.map,53,20,PIBT,2,500,1,152.832,576,3
warehouse.map,54,20,PIBT,2,500,1,157.982,592,3
warehouse.map,55,20,PIBT,2,500,1,174.362,639,3
warehouse.map,56,20,PIBT,2,500,1,166.484,623,3
warehouse.map,57,20,PIBT,2,500,1,181.768,632,4
warehouse.map,58,20,PIBT,2,500,1,164.68,582,3
warehouse.map,59,20,PIBT,2,500,1,168.276,633,3
warehouse.map,60,20,PIBT,2,500,1,176.26,618,3
warehouse.map,61,20,PIBT,2,500,1,172.64,626,3
warehouse.map,62,20,PIBT,2,500,1,169.548,631,3
warehouse.map,63,20,PIBT,2,500,1,161.778,598,3
warehouse.map,68,20,PIBT,2,500,1,163.294,607,3
warehouse.map,69,20,PIBT,2,500,1,153.358,575,3
warehouse.map,70,20,PIBT,2,500,1,156.616,598,3
warehouse.map,71,20,PIBT,2,500,1,157.354,593,3
warehouse.map,72,20,PIBT,2,500,1,176.46,613,3
warehouse.map,73,20,PIBT,2,500,1,169.944,622,3
warehouse.map,74,20,PIBT,2,500,1,162.928,606,3
warehouse.map,75,20,PIBT,2,500,1,165.698,582,3
warehouse.map,64,20,PIBT,2,500,1,171.28,606,3
warehouse.map,65,20,PIBT,2,500,1,162.662,623,3
warehouse.map,66,20,PIBT,2,500,1,167.546,625,3
warehouse.map,67,20,PIBT,2,500,1,153.318,576,3
warehouse.map,76,20,PIBT,2,500,1,163.93,614,3
warehouse.map,77,20,PIBT,2,500,1,153.926,603,3
warehouse.map,78,20,PIBT,2,500,1,158.904,591,3
warehouse.map,79,20,PIBT,2,500,1,174.18,606,3
warehouse.map,84,20,PIBT,2,500,1,154.708,584,3
warehouse.map,85,20,PIBT,2,500,1,168.666,621,3
warehouse.map,86,20,PIBT,2,500,1,166.618,605,3
warehouse.map,87,20,PIBT,2,500,1,165.234,619,3
warehouse.map,4,30,PIBT,2,500,1,84.058,413,3
warehouse.map,5,30,PIBT,2,500,1,87.404,458,4
warehouse.map,6,30,PIBT,2,500,1,90.214,433,3
warehouse.map,7,30,PIBT,2,500,1,88.434,425,3
warehouse.map,88,20,PIBT,2,500,1,170.474,618,3
warehouse.map,89,20,PIBT,2,500,1,165.742,583,3
warehouse.map,90,20,PIBT,2,500,1,163.276,602,3
warehouse.map,91,20,PIBT,2,500,1,163.702,587,3
warehouse.map,92,20,PIBT,2,500,1,178.562,604,3
warehouse.map,93,20,PIBT,2,500,1,173.762,606,3
warehouse.map,94,20,PIBT,2,500,1,165.642,607,3
warehouse.map,95,20,PIBT,2,500,1,179.566,622,3
warehouse.map,80,20,PIBT,2,500,1,167.81,592,3
warehouse.map,81,20,PIBT,2,500,1,174.194,612,3
warehouse.map,82,20,PIBT,2,500,1,162.706,605,3
warehouse.map,83,20,PIBT,2,500,1,173.67,595,4
warehouse.map,0,30,PIBT,2,500,1,85.094,423,3
warehouse.map,1,30,PIBT,2,500,1,94.71,435,3
warehouse.map,2,30,PIBT,2,500,1,91.584,446,3
warehouse.map,3,30,PIBT,2,500,1,97.048,444,3
warehouse.map,96,20,PIBT,2,500,1,181.018,622,3
warehouse.map,97,20,PIBT,2,500,1,166.76,609,3
warehouse.map,98,20,PIBT,2,500,1,163.162,592,3
warehouse.map,99,20,PIBT,2,500,1,170.412,630,4
warehouse.map,12,30,PIBT,2,500,1,94.86,452,3
warehouse.map,13,30,PIBT,2,500,1,96.162,467,4
warehouse.map,14,30,PIBT,2,500,1,91.172,436,3
warehouse.map,15,30,PIBT,2,500,1,92.952,426,3
warehouse.map,16,30,PIBT,2,500,1,95.904,464,3
warehouse.map,17,30,PIBT,2,500,1,83.776,443,3
warehouse.map,18,30,PIBT,2,500,1,92.71,426,3
warehouse.map,19,30,PIBT,2,500,1,96.954,461,4
warehouse.map,20,30,PIBT,2,500,1,78.516,444,3
warehouse.map,21,30,PIBT,2,500,1,89.434,459,3
warehouse.map,22,30,PIBT,2,500,1,88.416,435,3
warehouse.map,23,30,PIBT,2,500,1,98.516,441,3
warehouse.map,8,30,PIBT,2,500,1,89.352,452,3
warehouse.map,9,30,PIBT,2,500,1,93.448,444,3
warehouse.map,10,30,PIBT,2,500,1,95.698,452,4
warehouse.map,11,30,PIBT,2,500,1,91.608,453,3
warehouse.map,24,30,PIBT,2,500,1,88.134,434,3
warehouse.map,25,30,PIBT,2,500,1,85.06,419,3
warehouse.map,26,30,PIBT,2,500,1,98.432,461,3
warehouse.map,27,30,PIBT,2,500,1,87.16,433,3
warehouse.map,28,30,PIBT,2,500,1,96.106,444,3
warehouse.map,29,30,PIBT,2,500,1,100.026,475,3
warehouse.map,30,30,PIBT,2,500,1,84.402,438,3
warehouse.map,31,30,PIBT,2,500,1,96.876,433,3
warehouse.map,32,30,PIBT,2,500,1,102.762,473,4
warehouse.map,33,30,PIBT,2,500,1,91.826,430,3
warehouse.map,34,30,PIBT,2,500,1,90.862,456,3
warehouse.map,35,30,PIBT,2,500,1,90.8,455,4
warehouse.map,36,30,PIBT,2,500,1,90.168,425,3
warehouse.map,37,30,PIBT,2,500,1,94.622,448,3
warehouse.map,38,30,PIBT,2,500,1,82.484,422,3
warehouse.map,39,30,PIBT,2,500,1,94.758,463,3
warehouse.map,40,30,PIBT,2,500,1,90.126,438,3
warehouse.map,41,30,PIBT,2,500,1,95.908,440,3
warehouse.map,42,30,PIBT,2,500,1,88.034,442,3
warehouse.map,43,30,PIBT,2,500,1,91.136,441,3
warehouse.map,44,30,PIBT,2,500,1,92.946,449,3
warehouse.map,45,30,PIBT,2,500,1,91.448,441,3
warehouse.map,46,30,PIBT,2,500,1,89.006,449,3
warehouse.map,47,30,PIBT,2,500,1,87.648,425,3
warehouse.map,48,30,PIBT,2,500,1,95.516,463,3
warehouse.map,49,30,PIBT,2,500,1,90.08,437,3
warehouse.map,50,30,PIBT,2,500,1,89.612,430,3
warehouse.map,51,30,PIBT,2,500,1,95.676,465,4
warehouse.map,52,30,PIBT,2,500,1,99.006,477,4
warehouse.map,53,30,PIBT,2,500,1,95.948,451,3
warehouse.map,54,30,PIBT,2,500,1,91.232,439,3
warehouse.map,55,30,PIBT,2,500,1,96.688,465,3
warehouse.map,56,30,PIBT,2,500,1,92.814,461,4
warehouse.map,57,30,PIBT,2,500,1,84.188,434,3
warehouse.map,58,30,PIBT,2,500,1,91.66,432,3
warehouse.map,59,30,PIBT,2,500,1,95.604,444,3
warehouse.map,64,30,PIBT,2,500,1,88.224,445,3
warehouse.map,65,30,PIBT,2,500,1,84.038,429,3
warehouse.map,66,30,PIBT,2,500,1,88.744,431,3
warehouse.map,67,30,PIBT,2,500,1,88.126,448,3
warehouse.map,68,30,PIBT,2,500,1,95.208,456,3
warehouse.map,69,30,PIBT,2,500,1,92.582,449,3
warehouse.map,70,30,PIBT,2,500,1,91.456,434,3
warehouse.map,71,30,PIBT,2,500,1,92.72,439,3
warehouse.map,72,30,PIBT,2,500,1,91.806,433,3
warehouse.map,73,30,PIBT,2,500,1,87.096,424,3
warehouse.map,74,30,PIBT,2,500,1,88.018,434,3
warehouse.map,75,30,PIBT,2,500,1,88.298,451,3
warehouse.map,88,30,PIBT,2,500,1,86.308,428,3
warehouse.map,89,30,PIBT,2,500,1,100.316,463,3
warehouse.map,90,30,PIBT,2,500,1,91.8,449,3
warehouse.map,91,30,PIBT,2,500,1,91.784,447,3
warehouse.map,76,30,PIBT,2,500,1,95.018,448,3
warehouse.map,77,30,PIBT,2,500,1,90.05,422,3
warehouse.map,78,30,PIBT,2,500,1,86.668,429,3
warehouse.map,79,30,PIBT,2,500,1,94.972,459,3
warehouse.map,80,30,PIBT,2,500,1,90.03,426,3
warehouse.map,81,30,PIBT,2,500,1,97.288,467,3
warehouse.map,82,30,PIBT,2,500,1,92.838,451,3
warehouse.map,83,30,PIBT,2,500,1,93.43,470,5
warehouse.map,60,30,PIBT,2,500,1,100.944,486,4
warehouse.map,61,30,PIBT,2,500,1,93.526,453,3
warehouse.map,62,30,PIBT,2,500,1,89.814,440,3
warehouse.map,63,30,PIBT,2,500,1,88.76,416,3
warehouse.map,92,30,PIBT,2,500,1,91.732,441,3
warehouse.map,93,30,PIBT,2,500,1,91.118,448,3
warehouse.map,94,30,PIBT,2,500,1,86.112,441,3
warehouse.map,95,30,PIBT,2,500,1,85.242,424,3
warehouse.map,96,30,PIBT,2,500,1,92.002,457,3
warehouse.map,97,30,PIBT,2,500,1,90.04,427,3
warehouse.map,98,30,PIBT,2,500,1,88.302,443,3
warehouse.map,99,30,PIBT,2,500,1,101.548,475,4
warehouse.map,84,30,PIBT,2,500,1,91.574,434,3
warehouse.map,85,30,PIBT,2,500,1,84.148,434,3
warehouse.map,86,30,PIBT,2,500,1,88.83,435,3
warehouse.map,87,30,PIBT,2,500,1,84.858,452,3
warehouse.map,4,40,PIBT,2,500,1,63.598,381,4
warehouse.map,5,40,PIBT,2,500,1,59.9,379,4
warehouse.map,6,40,PIBT,2,500,1,58.792,372,4
warehouse.map,7,40,PIBT,2,500,1,54.852,372,4
warehouse.map,0,40,PIBT,2,500,1,57.65,364,3
warehouse.map,1,40,PIBT,2,500,1,58.254,375,4
warehouse.map,2,40,PIBT,2,500,1,59.328,385,4
warehouse.map,3,40,PIBT,2,500,1,58.632,368,3
warehouse.map,8,40,PIBT,2,500,1,51.418,356,3
warehouse.map,9,40,PIBT,2,500,1,63.162,380,4
warehouse.map,10,40,PIBT,2,500,1,56.932,368,4
warehouse.map,11,40,PIBT,2,500,1,53.098,362,3
warehouse.map,16,40,PIBT,2,500,1,52.63,360,4
warehouse.map,17,40,PIBT,2,500,1,57.93,362,3
warehouse.map,18,40,PIBT,2,500,1,55.654,361,3
warehouse.map,19,40,PIBT,2,500,1,60.956,372,3
warehouse.map,12,40,PIBT,2,500,1,66.77,390,4
warehouse.map,13,40,PIBT,2,500,1,58.984,371,4
warehouse.map,14,40,PIBT,2,500,1,56.904,356,4
warehouse.map,15,40,PIBT,2,500,1,58.726,372,3
warehouse.map,20,40,PIBT,2,500,1,52.4,350,3
warehouse.map,21,40,PIBT,2,500,1,57.23,389,4
warehouse.map,22,40,PIBT,2,500,1,55.92,366,3
warehouse.map,23,40,PIBT,2,500,1,57.012,357,4
warehouse.map,24,40,PIBT,2,500,1,65.16,382,4
warehouse.map,25,40,PIBT,2,500,1,51.572,354,3
warehouse.map,26,40,PIBT,2,500,1,57.538,361,3
warehouse.map,27,40,PIBT,2,500,1,56.432,354,3
warehouse.map,32,40,PIBT,2,500,1,61.82,367,4
warehouse.map,33,40,PIBT,2,500,1,57.728,349,3
warehouse.map,34,40,PIBT,2,500,1,59.08,374,4
warehouse.map,35,40,PIBT,2,500,1,57.762,361,3
warehouse.map,28,40,PIBT,2,500,1,57.492,355,3
warehouse.map,29,40,PIBT,2,500,1,58.878,381,4
warehouse.map,30,40,PIBT,2,500,1,56.992,371,3
warehouse.map,31,40,PIBT,2,500,1,57.312,361,3
warehouse.map,36,40,PIBT,2,500,1,58.906,376,3
warehouse.map,37,40,PIBT,2,500,1,54.554,356,3
warehouse.map,38,40,PIBT,2,500,1,54.676,371,4
warehouse.map,39,40,PIBT,2,500,1,65.56,370,3
warehouse.map,40,40,PIBT,2,500,1,55.198,359,3
warehouse.map,41,40,PIBT,2,500,1,60.522,368,4
warehouse.map,42,40,PIBT,2,500,1,56.468,344,3
warehouse.map,43,40,PIBT,2,500,1,61.316,350,3
warehouse.map,44,40,PIBT,2,500,1,55.42,363,3
warehouse.map,45,40,PIBT,2,500,1,51.962,372,3
warehouse.map,46,40,PIBT,2,500,1,61.006,362,3
warehouse.map,47,40,PIBT,2,500,1,51.91,358,3
warehouse.map,48,40,PIBT,2,500,1,51.5,368,3
warehouse.map,49,40,PIBT,2,500,1,62.712,367,4
warehouse.map,50,40,PIBT,2,500,1,59.19,374,4
warehouse.map,51,40,PIBT,2,500,1,53.906,372,4
warehouse.map,52,40,PIBT,2,500,1,60.406,370,4
warehouse.map,53,40,PIBT,2,500,1,50.192,346,3
warehouse.map,54,40,PIBT,2,500,1,58.912,384,4
warehouse.map,55,40,PIBT,2,500,1,52.13,375,3
warehouse.map,60,40,PIBT,2,500,1,50.558,354,3
warehouse.map,61,40,PIBT,2,500,1,61.388,375,4
warehouse.map,62,40,PIBT,2,500,1,56.662,362,3
warehouse.map,63,40,PIBT,2,500,1,53.824,372,4
warehouse.map,56,40,PIBT,2,500,1,51.512,370,3
warehouse.map,57,40,PIBT,2,500,1,60.708,370,3
warehouse.map,58,40,PIBT,2,500,1,52.23,362,3
warehouse.map,59,40,PIBT,2,500,1,55.966,364,3
warehouse.map,64,40,PIBT,2,500,1,62.272,367,4
warehouse.map,65,40,PIBT,2,500,1,60.748,372,4
warehouse.map,66,40,PIBT,2,500,1,57.154,364,3
warehouse.map,67,40,PIBT,2,500,1,54.682,380,4
warehouse.map,80,40,PIBT,2,500,1,62.81,380,3
warehouse.map,81,40,PIBT,2,500,1,55.788,366,4
warehouse.map,82,40,PIBT,2,500,1,56.366,370,3
warehouse.map,83,40,PIBT,2,500,1,55.514,360,3
warehouse.map,96,40,PIBT,2,500,1,65.34,380,4
warehouse.map,97,40,PIBT,2,500,1,58.564,360,3
warehouse.map,98,40,PIBT,2,500,1,58.418,376,4
warehouse.map,99,40,PIBT,2,500,1,57.952,356,4
warehouse.map,72,40,PIBT,2,500,1,58.426,358,4
warehouse.map,73,40,PIBT,2,500,1,60.182,367,4
warehouse.map,74,40,PIBT,2,500,1,55.838,376,3
warehouse.map,75,40,PIBT,2,500,1,53.916,348,3
warehouse.map,76,40,PIBT,2,500,1,58.572,364,4
warehouse.map,77,40,PIBT,2,500,1,56.456,372,4
warehouse.map,78,40,PIBT,2,500,1,63.884,371,3
warehouse.map,79,40,PIBT,2,500,1,57.156,374,3
warehouse.map,88,40,PIBT,2,500,1,58.116,356,4
warehouse.map,89,40,PIBT,2,500,1,56.45,371,3
warehouse.map,90,40,PIBT,2,500,1,55.384,360,3
warehouse.map,91,40,PIBT,2,500,1,57.704,353,3
warehouse.map,84,40,PIBT,2,500,1,64.886,385,4
warehouse.map,85,40,PIBT,2,500,1,55.63,370,3
warehouse.map,86,40,PIBT,2,500,1,53.646,366,3
warehouse.map,87,40,PIBT,2,500,1,61.18,371,4
warehouse.map,68,40,PIBT,2,500,1,63.138,389,4
warehouse.map,69,40,PIBT,2,500,1,61.408,392,4
warehouse.map,70,40,PIBT,2,500,1,56.1,366,3
warehouse.map,71,40,PIBT,2,500,1,56.558,365,3
warehouse.map,92,40,PIBT,2,500,1,54.04,375,3
warehouse.map,93,40,PIBT,2,500,1,60.55,363,3
warehouse.map,94,40,PIBT,2,500,1,56.338,363,3
warehouse.map,95,40,PIBT,2,500,1,54.718,358,3
warehouse.map,0,50,PIBT,2,500,1,34.53,325,4
warehouse.map,1,50,PIBT,2,500,1,42.018,317,4
warehouse.map,2,50,PIBT,2,500,1,41.902,327,4
warehouse.map,3,50,PIBT,2,500,1,41.998,338,4
warehouse.map,8,50,PIBT,2,500,1,42.09,326,4
warehouse.map,9,50,PIBT,2,500,1,44.372,329,4
warehouse.map,10,50,PIBT,2,500,1,41.446,323,4
warehouse.map,11,50,PIBT,2,500,1,39.158,325,4
warehouse.map,4,50,PIBT,2,500,1,40.43,326,4
warehouse.map,5,50,PIBT,2,500,1,41.166,336,4
warehouse.map,6,50,PIBT,2,500,1,43.76,326,4
warehouse.map,7,50,PIBT,2,500,1,38.418,329,4
warehouse.map,16,50,PIBT,2,500,1,39.346,321,4
warehouse.map,17,50,PIBT,2,500,1,34.728,319,3
warehouse.map,18,50,PIBT,2,500,1,41.224,332,4
warehouse.map,19,50,PIBT,2,500,1,41.086,330,4
warehouse.map,12,50,PIBT,2,500,1,44.392,343,4
warehouse.map,13,50,PIBT,2,500,1,41.734,343,4
warehouse.map,14,50,PIBT,2,500,1,38.214,324,4
warehouse.map,15,50,PIBT,2,500,1,37.73,315,4
warehouse.map,40,50,PIBT,2,500,1,46.732,335,4
warehouse.map,41,50,PIBT,2,500,1,37.158,311,3
warehouse.map,42,50,PIBT,2,500,1,42.268,327,4
warehouse.map,43,50,PIBT,2,500,1,42.156,332,4
warehouse.map,20,50,PIBT,2,500,1,38.042,318,4
warehouse.map,21,50,PIBT,2,500,1,39.554,353,4
warehouse.map,22,50,PIBT,2,500,1,38.872,328,4
warehouse.map,23,50,PIBT,2,500,1,40.368,318,3
warehouse.map,28,50,PIBT,2,500,1,40.486,335,4
warehouse.map,29,50,PIBT,2,500,1,38.402,320,4
warehouse.map,30,50,PIBT,2,500,1,41.862,329,4
warehouse.map,31,50,PIBT,2,500,1,42.274,317,4
warehouse.map,24,50,PIBT,2,500,1,41.702,318,3
warehouse.map,25,50,PIBT,2,500,1,37.236,310,4
warehouse.map,26,50,PIBT,2,500,1,38.932,323,4
warehouse.map,27,50,PIBT,2,500,1,41.222,325,4
warehouse.map,32,50,PIBT,2,500,1,36.382,301,4
warehouse.map,33,50,PIBT,2,500,1,40.004,324,4
warehouse.map,34,50,PIBT,2,500,1,38.83,329,4
warehouse.map,35,50,PIBT,2,500,1,41.672,347,4
warehouse.map,36,50,PIBT,2,500,1,40.916,329,4
warehouse.map,37,50,PIBT,2,500,1,44.74,330,4
warehouse.map,38,50,PIBT,2,500,1,38.956,322,4
warehouse.map,39,50,PIBT,2,500,1,35.91,316,4
warehouse.map,44,50,PIBT,2,500,1,39.672,339,4
warehouse.map,45,50,PIBT,2,500,1,39.724,306,3
warehouse.map,46,50,PIBT,2,500,1,44.5,326,4
warehouse.map,47,50,PIBT,2,500,1,37.672,304,3
warehouse.map,48,50,PIBT,2,500,1,40.714,324,4
warehouse.map,49,50,PIBT,2,500,1,36.612,316,3
warehouse.map,50,50,PIBT,2,500,1,38.68,321,4
warehouse.map,51,50,PIBT,2,500,1,43.73,339,4
warehouse.map,60,50,PIBT,2,500,1,35.458,309,4
warehouse.map,61,50,PIBT,2,500,1,42.694,340,4
warehouse.map,62,50,PIBT,2,500,1,42.452,340,4
warehouse.map,63,50,PIBT,2,500,1,37.324,319,4
warehouse.map,56,50,PIBT,2,500,1,40.34,314,4
warehouse.map,57,50,PIBT,2,500,1,41.58,320,4
warehouse.map,58,50,PIBT,2,500,1,38.166,319,4
warehouse.map,59,50,PIBT,2,500,1,38.066,328,4
warehouse.map,64,50,PIBT,2,500,1,39.938,322,4
warehouse.map,65,50,PIBT,2,500,1,38.804,316,3
warehouse.map,66,50,PIBT,2,500,1,38.82,335,3
warehouse.map,67,50,PIBT,2,500,1,40.238,326,3
warehouse.map,52,50,PIBT,2,500,1,47.024,339,4
warehouse.map,53,50,PIBT,2,500,1,47.71,334,4
warehouse.map,54,50,PIBT,2,500,1,41.4,321,3
warehouse.map,55,50,PIBT,2,500,1,43.424,328,3
warehouse.map,72,50,PIBT,2,500,1,37.562,320,4
warehouse.map,73,50,PIBT,2,500,1,43.364,322,4
warehouse.map,74,50,PIBT,2,500,1,38.812,304,4
warehouse.map,75,50,PIBT,2,500,1,38.51,317,4
warehouse.map,68,50,PIBT,2,500,1,38.596,327,4
warehouse.map,69,50,PIBT,2,500,1,36.612,320,4
warehouse.map,70,50,PIBT,2,500,1,33.924,309,3
warehouse.map,71,50,PIBT,2,500,1,42.116,323,4
warehouse.map,76,50,PIBT,2,500,1,43.034,345,4
warehouse.map,77,50,PIBT,2,500,1,37.064,312,4
warehouse.map,78,50,PIBT,2,500,1,44.26,340,4
warehouse.map,79,50,PIBT,2,500,1,45.212,351,4
warehouse.map,80,50,PIBT,2,500,1,42.874,337,4
warehouse.map,81,50,PIBT,2,500,1,36.328,328,4
warehouse.map,82,50,PIBT,2,500,1,38.784,322,4
warehouse.map,83,50,PIBT,2,500,1,40.428,321,4
warehouse.map,84,50,PIBT,2,500,1,40.5,333,4
warehouse.map,85,50,PIBT,2,500,1,41.578,332,4
warehouse.map,86,50,PIBT,2,500,1,37.66,312,4
warehouse.map,87,50,PIBT,2,500,1,37.294,312,3
warehouse.map,88,50,PIBT,2,500,1,40.086,316,3
warehouse.map,89,50,PIBT,2,500,1,36.346,332,4
warehouse.map,90,50,PIBT,2,500,1,39.482,327,4
warehouse.map,91,50,PIBT,2,500,1,40.44,331,4
warehouse.map,96,50,PIBT,2,500,1,42.18,328,4
warehouse.map,97,50,PIBT,2,500,1,39.072,318,4
warehouse.map,98,50,PIBT,2,500,1,47.096,340,4
warehouse.map,99,50,PIBT,2,500,1,39.514,325,4
warehouse.map,92,50,PIBT,2,500,1,40.976,323,3
warehouse.map,93,50,PIBT,2,500,1,40.012,331,3
warehouse.map,94,50,PIBT,2,500,1,44.336,331,4
warehouse.map,95,50,PIBT,2,500,1,38.092,316,3
warehouse.map,8,10,PIBT,5,500,1,480.228,1133,4
warehouse.map,9,10,PIBT,5,500,1,484.208,1133,4
warehouse.map,10,10,PIBT,5,500,1,469.008,1167,4
warehouse.map,11,10,PIBT,5,500,1,475.136,1105,4
warehouse.map,0,10,PIBT,5,500,1,466.854,1094,4
warehouse.map,1,10,PIBT,5,500,1,479.232,1111,4
warehouse.map,2,10,PIBT,5,500,1,473.492,1139,4
warehouse.map,3,10,PIBT,5,500,1,489.072,1125,4
warehouse.map,12,10,PIBT,5,500,1,483.322,1126,4
warehouse.map,13,10,PIBT,5,500,1,481.45,1158,4
warehouse.map,14,10,PIBT,5,500,1,477.618,1107,4
warehouse.map,15,10,PIBT,5,500,1,466.55,1067,4
warehouse.map,4,10,PIBT,5,500,1,473.638,1114,4
warehouse.map,5,10,PIBT,5,500,1,458.14,1060,4
warehouse.map,6,10,PIBT,5,500,1,468.676,1086,4
warehouse.map,7,10,PIBT,5,500,1,477.64,1180,4
warehouse.map,16,10,PIBT,5,500,1,490.444,1135,4
warehouse.map,17,10,PIBT,5,500,1,466.212,1116,4
warehouse.map,18,10,PIBT,5,500,1,454.914,1066,4
warehouse.map,19,10,PIBT,5,500,1,471.026,1099,4
warehouse.map,20,10,PIBT,5,500,1,473.868,1098,4
warehouse.map,21,10,PIBT,5,500,1,481.506,1133,4
warehouse.map,22,10,PIBT,5,500,1,472.692,1098,4
warehouse.map,23,10,PIBT,5,500,1,485.7,1109,4
warehouse.map,24,10,PIBT,5,500,1,457.392,1079,4
warehouse.map,25,10,PIBT,5,500,1,481.594,1131,4
warehouse.map,26,10,PIBT,5,500,1,485.038,1146,4
warehouse.map,27,10,PIBT,5,500,1,462.59,1111,4
warehouse.map,28,10,PIBT,5,500,1,483.872,1154,4
warehouse.map,29,10,PIBT,5,500,1,481.066,1124,4
warehouse.map,30,10,PIBT,5,500,1,484.532,1124,4
warehouse.map,31,10,PIBT,5,500,1,476.966,1113,4
warehouse.map,32,10,PIBT,5,500,1,485.224,1123,4
warehouse.map,33,10,PIBT,5,500,1,460.122,1107,4
warehouse.map,34,10,PIBT,5,500,1,488.14,1121,4
warehouse.map,35,10,PIBT,5,500,1,467.126,1105,4
warehouse.map,36,10,PIBT,5,500,1,473.354,1113,4
warehouse.map,37,10,PIBT,5,500,1,454.772,1128,4
warehouse.map,38,10,PIBT,5,500,1,474.704,1106,4
warehouse.map,39,10,PIBT,5,500,1,458.0,1094,4
warehouse.map,40,10,PIBT,5,500,1,462.446,1087,4
warehouse.map,41,10,PIBT,5,500,1,454.092,1105,4
warehouse.map,42,10,PIBT,5,500,1,467.21,1081,4
warehouse.map,43,10,PIBT,5,500,1,476.816,1080,4
warehouse.map,44,10,PIBT,5,500,1,484.164,1147,4
warehouse.map,45,10,PIBT,5,500,1,464.086,1104,4
warehouse.map,46,10,PIBT,5,500,1,461.978,1102,4
warehouse.map,47,10,PIBT,5,500,1,439.806,1060,3
warehouse.map,48,10,PIBT,5,500,1,451.492,1035,3
warehouse.map,49,10,PIBT,5,500,1,472.68,1099,4
warehouse.map,50,10,PIBT,5,500,1,479.676,1149,4
warehouse.map,51,10,PIBT,5,500,1,492.706,1146,4
warehouse.map,52,10,PIBT,5,500,1,457.948,1077,4
warehouse.map,53,10,PIBT,5,500,1,459.516,1086,4
warehouse.map,54,10,PIBT,5,500,1,465.56,1046,4
warehouse.map,55,10,PIBT,5,500,1,448.546,1046,3
warehouse.map,60,10,PIBT,5,500,1,467.646,1079,3
warehouse.map,61,10,PIBT,5,500,1,463.312,1075,4
warehouse.map,62,10,PIBT,5,500,1,476.628,1080,4
warehouse.map,63,10,PIBT,5,500,1,461.012,1114,4
warehouse.map,64,10,PIBT,5,500,1,493.476,1143,4
warehouse.map,65,10,PIBT,5,500,1,492.662,1112,4
warehouse.map,66,10,PIBT,5,500,1,461.606,1086,3
warehouse.map,67,10,PIBT,5,500,1,474.484,1134,4
warehouse.map,68,10,PIBT,5,500,1,477.464,1138,4
warehouse.map,69,10,PIBT,5,500,1,465.838,1074,4
warehouse.map,70,10,PIBT,5,500,1,474.026,1107,4
warehouse.map,71,10,PIBT,5,500,1,459.39,1112,4
warehouse.map,56,10,PIBT,5,500,1,444.888,1042,3
warehouse.map,57,10,PIBT,5,500,1,478.798,1113,4
warehouse.map,58,10,PIBT,5,500,1,471.048,1081,4
warehouse.map,59,10,PIBT,5,500,1,456.322,1091,3
warehouse.map,80,10,PIBT,5,500,1,447.948,1035,3
warehouse.map,81,10,PIBT,5,500,1,443.52,1084,3
warehouse.map,82,10,PIBT,5,500,1,468.218,1109,4
warehouse.map,83,10,PIBT,5,500,1,477.822,1140,4
warehouse.map,88,10,PIBT,5,500,1,493.382,1156,4
warehouse.map,89,10,PIBT,5,500,1,465.886,1080,4
warehouse.map,90,10,PIBT,5,500,1,467.378,1121,4
warehouse.map,91,10,PIBT,5,500,1,493.368,1121,4
warehouse.map,84,10,PIBT,5,500,1,478.172,1118,4
warehouse.map,85,10,PIBT,5,500,1,477.33,1101,4
warehouse.map,86,10,PIBT,5,500,1,463.574,1086,4
warehouse.map,87,10,PIBT,5,500,1,473.54,1087,4
warehouse.map,72,10,PIBT,5,500,1,443.112,1052,4
warehouse.map,73,10,PIBT,5,500,1,462.318,1092,4
warehouse.map,74,10,PIBT,5,500,1,453.328,1067,4
warehouse.map,75,10,PIBT,5,500,1,458.592,1096,4
warehouse.map,76,10,PIBT,5,500,1,463.226,1104,3
warehouse.map,77,10,PIBT,5,500,1,486.754,1122,3
warehouse.map,78,10,PIBT,5,500,1,454.066,1058,3
warehouse.map,79,10,PIBT,5,500,1,464.22,1136,4
warehouse.map,92,10,PIBT,5,500,1,456.448,1070,4
warehouse.map,93,10,PIBT,5,500,1,459.87,1092,4
warehouse.map,94,10,PIBT,5,500,1,471.504,1127,4
warehouse.map,95,10,PIBT,5,500,1,470.344,1090,4
warehouse.map,96,10,PIBT,5,500,1,467.126,1108,4
warehouse.map,97,10,PIBT,5,500,1,466.968,1120,4
warehouse.map,98,10,PIBT,5,500,1,433.26,1036,4
warehouse.map,99,10,PIBT,5,500,1,461.83,1096,4
warehouse.map,4,20,PIBT,5,500,1,236.27,608,4
warehouse.map,5,20,PIBT,5,500,1,220.942,577,3
warehouse.map,6,20,PIBT,5,500,1,237.46,619,4
warehouse.map,7,20,PIBT,5,500,1,232.808,577,3
warehouse.map,0,20,PIBT,5,500,1,230.062,569,3
warehouse.map,1,20,PIBT,5,500,1,238.726,594,3
warehouse.map,2,20,PIBT,5,500,1,228.278,599,3
warehouse.map,3,20,PIBT,5,500,1,238.488,614,3
warehouse.map,8,20,PIBT,5,500,1,220.05,568,3
warehouse.map,9,20,PIBT,5,500,1,229.116,585,3
warehouse.map,10,20,PIBT,5,500,1,239.0,623,4
warehouse.map,11,20,PIBT,5,500,1,231.594,618,3
warehouse.map,12,20,PIBT,5,500,1,228.468,588,3
warehouse.map,13,20,PIBT,5,500,1,223.37,573,3
warehouse.map,14,20,PIBT,5,500,1,248.746,640,4
warehouse.map,15,20,PIBT,5,500,1,227.332,605,4
warehouse.map,16,20,PIBT,5,500,1,237.596,607,4
warehouse.map,17,20,PIBT,5,500,1,223.516,583,3
warehouse.map,18,20,PIBT,5,500,1,228.024,596,3
warehouse.map,19,20,PIBT,5,500,1,244.944,613,4
warehouse.map,24,20,PIBT,5,500,1,223.546,580,3
warehouse.map,25,20,PIBT,5,500,1,222.01,590,3
warehouse.map,26,20,PIBT,5,500,1,230.968,580,3
warehouse.map,27,20,PIBT,5,500,1,232.806,598,3
warehouse.map,20,20,PIBT,5,500,1,250.854,629,4
warehouse.map,21,20,PIBT,5,500,1,227.668,573,3
warehouse.map,22,20,PIBT,5,500,1,216.798,576,3
warehouse.map,23,20,PIBT,5,500,1,222.622,584,3
warehouse.map,32,20,PIBT,5,500,1,226.3,608,3
warehouse.map,33,20,PIBT,5,500,1,233.766,588,3
warehouse.map,34,20,PIBT,5,500,1,226.936,577,3
warehouse.map,35,20,PIBT,5,500,1,224.648,572,3
warehouse.map,36,20,PIBT,5,500,1,226.7,562,3
warehouse.map,37,20,PIBT,5,500,1,230.64,600,3
warehouse.map,38,20,PIBT,5,500,1,231.762,594,3
warehouse.map,39,20,PIBT,5,500,1,223.48,578,3
warehouse.map,28,20,PIBT,5,500,1,224.72,595,3
warehouse.map,29,20,PIBT,5,500,1,240.832,607,3
warehouse.map,30,20,PIBT,5,500,1,234.164,592,3
warehouse.map,31,20,PIBT,5,500,1,224.788,581,3
warehouse.map,40,20,PIBT,5,500,1,239.04,617,4
warehouse.map,41,20,PIBT,5,500,1,243.556,634,4
warehouse.map,42,20,PIBT,5,500,1,222.962,564,3
warehouse.map,43,20,PIBT,5,500,1,245.972,639,3
warehouse.map,44,20,PIBT,5,500,1,225.466,578,3
warehouse.map,45,20,PIBT,5,500,1,242.352,611,3
warehouse.map,46,20,PIBT,5,500,1,227.0,605,3
warehouse.map,47,20,PIBT,5,500,1,232.766,603,4
warehouse.map,48,20,PIBT,5,500,1,223.588,578,3
warehouse.map,49,20,PIBT,5,500,1,231.938,579,3
warehouse.map,50,20,PIBT,5,500,1,245.114,614,3
warehouse.map,51,20,PIBT,5,500,1,226.978,567,3
warehouse.map,68,20,PIBT,5,500,1,227.69,606,3
warehouse.map,69,20,PIBT,5,500,1,234.188,613,4
warehouse.map,70,20,PIBT,5,500,1,228.536,606,3
warehouse.map,71,20,PIBT,5,500,1,232.19,606,3
warehouse.map,76,20,PIBT,5,500,1,221.662,591,3
warehouse.map,77,20,PIBT,5,500,1,240.05,602,3
warehouse.map,78,20,PIBT,5,500,1,230.934,616,4
warehouse.map,79,20,PIBT,5,500,1,220.112,561,3
warehouse.map,52,20,PIBT,5,500,1,227.152,587,3
warehouse.map,53,20,PIBT,5,500,1,230.912,598,3
warehouse.map,54,20,PIBT,5,500,1,220.97,589,3
warehouse.map,55,20,PIBT,5,500,1,231.508,599,3
warehouse.map,56,20,PIBT,5,500,1,228.786,590,3
warehouse.map,57,20,PIBT,5,500,1,231.416,580,3
warehouse.map,58,20,PIBT,5,500,1,228.146,643,4
warehouse.map,59,20,PIBT,5,500,1,228.044,601,3
warehouse.map,72,20,PIBT,5,500,1,232.22,598,3
warehouse.map,73,20,PIBT,5,500,1,245.802,623,3
warehouse.map,74,20,PIBT,5,500,1,221.002,590,3
warehouse.map,75,20,PIBT,5,500,1,230.948,608,3
warehouse.map,64,20,PIBT,5,500,1,239.158,631,4
warehouse.map,65,20,PIBT,5,500,1,242.252,598,4
warehouse.map,66,20,PIBT,5,500,1,240.576,636,4
warehouse.map,67,20,PIBT,5,500,1,217.908,566,3
warehouse.map,80,20,PIBT,5,500,1,224.728,599,4
warehouse.map,81,20,PIBT,5,500,1,228.256,603,3
warehouse.map,82,20,PIBT,5,500,1,222.308,605,3
warehouse.map,83,20,PIBT,5,500,1,218.726,570,3
warehouse.map,60,20,PIBT,5,500,1,223.59,581,3
warehouse.map,61,20,PIBT,5,500,1,239.086,619,3
warehouse.map,62,20,PIBT,5,500,1,221.236,582,3
warehouse.map,63,20,PIBT,5,500,1,229.874,604,3
warehouse.map,84,20,PIBT,5,500,1,236.128,624,4
warehouse.map,85,20,PIBT,5,500,1,224.526,583,3
warehouse.map,86,20,PIBT,5,500,1,236.254,611,4
warehouse.map,87,20,PIBT,5,500,1,235.436,597,3
warehouse.map,88,20,PIBT,5,500,1,234.08,580,3
warehouse.map,89,20,PIBT,5,500,1,233.766,582,3
warehouse.map,90,20,PIBT,5,500,1,229.518,599,3
warehouse.map,91,20,PIBT,5,500,1,221.1,584,4
warehouse.map,92,20,PIBT,5,500,1,250.79,609,4
warehouse.map,93,20,PIBT,5,500,1,230.766,616,3
warehouse.map,94,20,PIBT,5,500,1,233.572,613,3
warehouse.map,95,20,PIBT,5,500,1,225.74,582,3
warehouse.map,0,30,PIBT,5,500,1,154.21,444,3
warehouse.map,1,30,PIBT,5,500,1,152.978,431,3
warehouse.map,2,30,PIBT,5,500,1,146.902,428,3
warehouse.map,3,30,PIBT,5,500,1,150.178,430,3
warehouse.map,96,20,PIBT,5,500,1,242.28,631,4
warehouse.map,97,20,PIBT,5,500,1,217.184,567,3
warehouse.map,98,20,PIBT,5,500,1,232.71,601,3
warehouse.map,99,20,PIBT,5,500,1,240.434,613,4
warehouse.map,4,30,PIBT,5,500,1,145.56,422,3
warehouse.map,5,30,PIBT,5,500,1,144.798,410,3
warehouse.map,6,30,PIBT,5,500,1,152.53,423,3
warehouse.map,7,30,PIBT,5,500,1,151.98,416,3
warehouse.map,8,30,PIBT,5,500,1,151.786,429,3
warehouse.map,9,30,PIBT,5,500,1,151.614,411,3
warehouse.map,10,30,PIBT,5,500,1,146.856,424,3
warehouse.map,11,30,PIBT,5,500,1,156.796,442,3
warehouse.map,12,30,PIBT,5,500,1,150.12,412,3
warehouse.map,13,30,PIBT,5,500,1,155.192,442,4
warehouse.map,14,30,PIBT,5,500,1,152.092,428,3
warehouse.map,15,30,PIBT,5,500,1,150.09,444,4
warehouse.map,16,30,PIBT,5,500,1,151.884,431,3
warehouse.map,17,30,PIBT,5,500,1,143.532,420,3
warehouse.map,18,30,PIBT,5,500,1,149.148,425,3
warehouse.map,19,30,PIBT,5,500,1,143.564,424,3
warehouse.map,36,30,PIBT,5,500,1,157.296,462,4
warehouse.map,37,30,PIBT,5,500,1,157.448,426,3
warehouse.map,38,30,PIBT,5,500,1,144.566,404,3
warehouse.map,39,30,PIBT,5,500,1,142.44,404,3
warehouse.map,28,30,PIBT,5,500,1,155.898,412,3
warehouse.map,29,30,PIBT,5,500,1,153.426,435,3
warehouse.map,30,30,PIBT,5,500,1,160.938,427,3
warehouse.map,31,30,PIBT,5,500,1,147.224,424,3
warehouse.map,20,30,PIBT,5,500,1,156.128,432,3
warehouse.map,21,30,PIBT,5,500,1,144.488,424,3
warehouse.map,22,30,PIBT,5,500,1,152.066,427,3
warehouse.map,23,30,PIBT,5,500,1,154.494,428,3
warehouse.map,24,30,PIBT,5,500,1,148.018,437,3
warehouse.map,25,30,PIBT,5,500,1,146.488,422,3
warehouse.map,26,30,PIBT,5,500,1,158.816,458,4
warehouse.map,27,30,PIBT,5,500,1,152.466,444,4
warehouse.map,32,30,PIBT,5,500,1,145.056,426,3
warehouse.map,33,30,PIBT,5,500,1,153.906,427,3
warehouse.map,34,30,PIBT,5,500,1,144.95,412,3
warehouse.map,35,30,PIBT,5,500,1,153.808,432,4
warehouse.map,40,30,PIBT,5,500,1,152.538,432,3
warehouse.map,41,30,PIBT,5,500,1,148.336,410,3
warehouse.map,42,30,PIBT,5,500,1,152.69,419,3
warehouse.map,43,30,PIBT,5,500,1,152.028,446,3
warehouse.map,44,30,PIBT,5,500,1,152.536,455,4
warehouse.map,45,30,PIBT,5,500,1,153.16,418,3
warehouse.map,46,30,PIBT,5,500,1,158.322,451,4
warehouse.map,47,30,PIBT,5,500,1,149.604,437,3
warehouse.map,48,30,PIBT,5,500,1,144.764,405,3
warehouse.map,49,30,PIBT,5,500,1,157.578,421,3
warehouse.map,50,30,PIBT,5,500,1,150.422,425,3
warehouse.map,51,30,PIBT,5,500,1,149.73,434,4
warehouse.map,56,30,PIBT,5,500,1,149.714,414,3
warehouse.map,57,30,PIBT,5,500,1,148.16,448,4
warehouse.map,58,30,PIBT,5,500,1,148.024,436,3
warehouse.map,59,30,PIBT,5,500,1,152.804,439,4
warehouse.map,60,30,PIBT,5,500,1,155.824,444,4
warehouse.map,61,30,PIBT,5,500,1,151.106,434,3
warehouse.map,62,30,PIBT,5,500,1,151.896,440,3
warehouse.map,63,30,PIBT,5,500,1,154.214,413,3
warehouse.map,52,30,PIBT,5,500,1,153.314,440,4
warehouse.map,53,30,PIBT,5,500,1,156.71,429,3
warehouse.map,54,30,PIBT,5,500,1,147.306,410,3
warehouse.map,55,30,PIBT,5,500,1,145.43,417,3
warehouse.map,64,30,PIBT,5,500,1,154.332,409,3
warehouse.map,65,30,PIBT,5,500,1,153.114,429,3
warehouse.map,66,30,PIBT,5,500,1,149.404,428,3
warehouse.map,67,30,PIBT,5,500,1,147.758,433,3
warehouse.map,68,30,PIBT,5,500,1,152.938,421,3
warehouse.map,69,30,PIBT,5,500,1,154.072,428,3
warehouse.map,70,30,PIBT,5,500,1,148.864,412,3
warehouse.map,71,30,PIBT,5,500,1,150.034,456,4
warehouse.map,72,30,PIBT,5,500,1,156.612,441,4
warehouse.map,73,30,PIBT,5,500,1,138.04,391,3
warehouse.map,74,30,PIBT,5,500,1,141.444,422,3
warehouse.map,75,30,PIBT,5,500,1,157.284,441,4
warehouse.map,84,30,PIBT,5,500,1,143.124,408,3
warehouse.map,85,30,PIBT,5,500,1,153.96,431,4
warehouse.map,86,30,PIBT,5,500,1,144.268,417,3
warehouse.map,87,30,PIBT,5,500,1,151.99,443,3
warehouse.map,76,30,PIBT,5,500,1,156.358,434,4
warehouse.map,77,30,PIBT,5,500,1,155.31,428,3
warehouse.map,78,30,PIBT,5,500,1,154.92,444,4
warehouse.map,79,30,PIBT,5,500,1,162.13,458,4
warehouse.map,88,30,PIBT,5,500,1,150.48,422,3
warehouse.map,89,30,PIBT,5,500,1,153.594,421,3
warehouse.map,90,30,PIBT,5,500,1,150.29,423,3
warehouse.map,91,30,PIBT,5,500,1,152.922,421,3
warehouse.map,80,30,PIBT,5,500,1,151.35,440,4
warehouse.map,81,30,PIBT,5,500,1,147.828,424,3
warehouse.map,82,30,PIBT,5,500,1,152.62,424,3
warehouse.map,83,30,PIBT,5,500,1,154.38,420,3
warehouse.map,92,30,PIBT,5,500,1,160.416,455,4
warehouse.map,93,30,PIBT,5,500,1,144.514,403,3
warehouse.map,94,30,PIBT,5,500,1,139.302,428,3
warehouse.map,95,30,PIBT,5,500,1,153.68,422,3
warehouse.map,96,30,PIBT,5,500,1,152.02,447,4
warehouse.map,97,30,PIBT,5,500,1,145.16,415,3
warehouse.map,98,30,PIBT,5,500,1,152.42,415,3
warehouse.map,99,30,PIBT,5,500,1,147.826,430,3
warehouse.map,0,40,PIBT,5,500,1,116.916,344,3
warehouse.map,1,40,PIBT,5,500,1,114.728,349,4
warehouse.map,2,40,PIBT,5,500,1,118.516,366,4
warehouse.map,3,40,PIBT,5,500,1,117.43,341,4
warehouse.map,4,40,PIBT,5,500,1,118.1,386,4
warehouse.map,5,40,PIBT,5,500,1,115.806,347,4
warehouse.map,6,40,PIBT,5,500,1,117.722,333,3
warehouse.map,7,40,PIBT,5,500,1,113.536,341,3
warehouse.map,8,40,PIBT,5,500,1,113.96,337,3
warehouse.map,9,40,PIBT,5,500,1,110.944,355,3
warehouse.map,10,40,PIBT,5,500,1,109.178,337,4
warehouse.map,11,40,PIBT,5,500,1,115.46,365,4
warehouse.map,16,40,PIBT,5,500,1,107.386,331,3
warehouse.map,17,40,PIBT,5,500,1,109.246,341,3
warehouse.map,18,40,PIBT,5,500,1,118.966,353,4
warehouse.map,19,40,PIBT,5,500,1,117.422,356,4
warehouse.map,12,40,PIBT,5,500,1,113.114,334,3
warehouse.map,13,40,PIBT,5,500,1,116.734,354,4
warehouse.map,14,40,PIBT,5,500,1,118.59,347,4
warehouse.map,15,40,PIBT,5,500,1,116.204,352,4
warehouse.map,24,40,PIBT,5,500,1,113.372,354,3
warehouse.map,25,40,PIBT,5,500,1,111.314,337,3
warehouse.map,26,40,PIBT,5,500,1,114.574,350,4
warehouse.map,27,40,PIBT,5,500,1,115.268,349,4
warehouse.map,20,40,PIBT,5,500,1,110.284,349,4
warehouse.map,21,40,PIBT,5,500,1,108.086,338,4
warehouse.map,22,40,PIBT,5,500,1,109.728,341,4
warehouse.map,23,40,PIBT,5,500,1,118.82,360,4
warehouse.map,28,40,PIBT,5,500,1,112.22,338,3
warehouse.map,29,40,PIBT,5,500,1,108.618,348,3
warehouse.map,30,40,PIBT,5,500,1,116.136,342,4
warehouse.map,31,40,PIBT,5,500,1,109.662,323,3
warehouse.map,36,40,PIBT,5,500,1,119.038,369,3
warehouse.map,37,40,PIBT,5,500,1,116.0,358,4
warehouse.map,38,40,PIBT,5,500,1,119.482,359,3
warehouse.map,39,40,PIBT,5,500,1,115.094,337,3
warehouse.map,64,40,PIBT,5,500,1,111.776,332,3
warehouse.map,65,40,PIBT,5,500,1,122.356,356,4
warehouse.map,66,40,PIBT,5,500,1,108.876,330,4
warehouse.map,67,40,PIBT,5,500,1,113.99,346,4
warehouse.map,32,40,PIBT,5,500,1,111.792,357,4
warehouse.map,33,40,PIBT,5,500,1,112.908,351,3
warehouse.map,34,40,PIBT,5,500,1,107.91,333,3
warehouse.map,35,40,PIBT,5,500,1,109.14,331,3
warehouse.map,40,40,PIBT,5,500,1,111.774,359,4
warehouse.map,41,40,PIBT,5,500,1,112.472,341,4
warehouse.map,42,40,PIBT,5,500,1,118.464,357,4
warehouse.map,43,40,PIBT,5,500,1,118.064,365,4
warehouse.map,76,40,PIBT,5,500,1,116.418,351,4
warehouse.map,77,40,PIBT,5,500,1,117.658,377,4
warehouse.map,78,40,PIBT,5,500,1,114.904,342,4
warehouse.map,79,40,PIBT,5,500,1,112.988,333,4
warehouse.map,44,40,PIBT,5,500,1,108.482,343,4
warehouse.map,45,40,PIBT,5,500,1,113.536,349,4
warehouse.map,46,40,PIBT,5,500,1,112.322,337,3
warehouse.map,47,40,PIBT,5,500,1,110.25,338,4
warehouse.map,48,40,PIBT,5,500,1,119.682,339,4
warehouse.map,49,40,PIBT,5,500,1,121.984,362,4
warehouse.map,50,40,PIBT,5,500,1,114.856,358,4
warehouse.map,51,40,PIBT,5,500,1,117.274,348,3
warehouse.map,56,40,PIBT,5,500,1,109.742,327,3
warehouse.map,57,40,PIBT,5,500,1,110.136,366,4
warehouse.map,58,40,PIBT,5,500,1,109.322,339,4
warehouse.map,59,40,PIBT,5,500,1,117.87,368,4
warehouse.map,60,40,PIBT,5,500,1,116.038,347,4
warehouse.map,61,40,PIBT,5,500,1,113.42,364,4
warehouse.map,62,40,PIBT,5,500,1,116.148,353,4
warehouse.map,63,40,PIBT,5,500,1,114.416,343,3
warehouse.map,52,40,PIBT,5,500,1,108.54,327,4
warehouse.map,53,40,PIBT,5,500,1,108.958,339,4
warehouse.map,54,40,PIBT,5,500,1,116.038,352,4
warehouse.map,55,40,PIBT,5,500,1,112.008,346,4
warehouse.map,68,40,PIBT,5,500,1,104.214,327,4
warehouse.map,69,40,PIBT,5,500,1,114.676,370,4
warehouse.map,70,40,PIBT,5,500,1,116.528,349,4
warehouse.map,71,40,PIBT,5,500,1,110.332,330,3
warehouse.map,84,40,PIBT,5,500,1,111.244,339,3
warehouse.map,85,40,PIBT,5,500,1,113.054,343,3
warehouse.map,86,40,PIBT,5,500,1,112.98,368,4
warehouse.map,87,40,PIBT,5,500,1,114.612,339,4
warehouse.map,80,40,PIBT,5,500,1,113.2,344,4
warehouse.map,81,40,PIBT,5,500,1,113.9,345,4
warehouse.map,82,40,PIBT,5,500,1,114.72,357,4
warehouse.map,83,40,PIBT,5,500,1,116.95,363,4
warehouse.map,92,40,PIBT,5,500,1,116.738,348,3
warehouse.map,93,40,PIBT,5,500,1,116.68,361,4
warehouse.map,94,40,PIBT,5,500,1,104.04,341,4
warehouse.map,95,40,PIBT,5,500,1,113.718,347,4
warehouse.map,72,40,PIBT,5,500,1,116.94,355,4
warehouse.map,73,40,PIBT,5,500,1,113.77,350,4
warehouse.map,74,40,PIBT,5,500,1,117.696,377,4
warehouse.map,75,40,PIBT,5,500,1,115.048,354,4
warehouse.map,88,40,PIBT,5,500,1,110.51,353,4
warehouse.map,89,40,PIBT,5,500,1,122.49,350,4
warehouse.map,90,40,PIBT,5,500,1,111.478,333,4
warehouse.map,91,40,PIBT,5,500,1,118.818,346,4
warehouse.map,96,40,PIBT,5,500,1,116.904,356,4
warehouse.map,97,40,PIBT,5,500,1,113.084,337,4
warehouse.map,98,40,PIBT,5,500,1,109.5,329,3
warehouse.map,99,40,PIBT,5,500,1,110.402,349,4
warehouse.map,0,50,PIBT,5,500,1,91.426,290,4
warehouse.map,1,50,PIBT,5,500,1,94.2,312,4
warehouse.map,2,50,PIBT,5,500,1,90.06,294,4
warehouse.map,3,50,PIBT,5,500,1,88.66,282,3
warehouse.map,4,50,PIBT,5,500,1,93.53,295,4
warehouse.map,5,50,PIBT,5,500,1,90.5,289,4
warehouse.map,6,50,PIBT,5,500,1,96.006,338,4
warehouse.map,7,50,PIBT,5,500,1,89.83,294,4
warehouse.map,8,50,PIBT,5,500,1,90.046,283,4
warehouse.map,9,50,PIBT,5,500,1,86.312,313,4
warehouse.map,10,50,PIBT,5,500,1,96.23,309,4
warehouse.map,11,50,PIBT,5,500,1,91.5,289,4
warehouse.map,12,50,PIBT,5,500,1,94.07,299,4
warehouse.map,13,50,PIBT,5,500,1,94.108,311,4
warehouse.map,14,50,PIBT,5,500,1,91.856,291,4
warehouse.map,15,50,PIBT,5,500,1,89.076,301,4
warehouse.map,16,50,PIBT,5,500,1,91.184,286,4
warehouse.map,17,50,PIBT,5,500,1,87.824,296,4
warehouse.map,18,50,PIBT,5,500,1,85.136,285,4
warehouse.map,19,50,PIBT,5,500,1,90.464,304,4
warehouse.map,20,50,PIBT,5,500,1,94.348,314,4
warehouse.map,21,50,PIBT,5,500,1,94.264,299,4
warehouse.map,22,50,PIBT,5,500,1,86.734,272,4
warehouse.map,23,50,PIBT,5,500,1,86.374,294,4
warehouse.map,24,50,PIBT,5,500,1,92.906,306,4
warehouse.map,25,50,PIBT,5,500,1,93.492,309,4
warehouse.map,26,50,PIBT,5,500,1,99.26,302,4
warehouse.map,27,50,PIBT,5,500,1,83.44,278,3
warehouse.map,28,50,PIBT,5,500,1,96.428,302,4
warehouse.map,29,50,PIBT,5,500,1,91.15,283,3
warehouse.map,30,50,PIBT,5,500,1,87.892,281,4
warehouse.map,31,50,PIBT,5,500,1,97.868,298,4
warehouse.map,32,50,PIBT,5,500,1,92.57,299,4
warehouse.map,33,50,PIBT,5,500,1,92.968,300,4
warehouse.map,34,50,PIBT,5,500,1,95.29,309,4
warehouse.map,35,50,PIBT,5,500,1,91.28,292,4
warehouse.map,40,50,PIBT,5,500,1,90.052,290,4
warehouse.map,41,50,PIBT,5,500,1,87.286,303,4
warehouse.map,42,50,PIBT,5,500,1,92.306,295,4
warehouse.map,43,50,PIBT,5,500,1,96.136,300,4
warehouse.map,36,50,PIBT,5,500,1,87.234,284,4
warehouse.map,37,50,PIBT,5,500,1,90.528,280,4
warehouse.map,38,50,PIBT,5,500,1,94.366,316,4
warehouse.map,39,50,PIBT,5,500,1,90.154,307,4
warehouse.map,48,50,PIBT,5,500,1,90.238,300,4
warehouse.map,49,50,PIBT,5,500,1,91.748,315,4
warehouse.map,50,50,PIBT,5,500,1,94.516,309,4
warehouse.map,51,50,PIBT,5,500,1,102.324,305,4
warehouse.map,44,50,PIBT,5,500,1,92.898,294,4
warehouse.map,45,50,PIBT,5,500,1,88.502,301,4
warehouse.map,46,50,PIBT,5,500,1,87.422,293,4
warehouse.map,47,50,PIBT,5,500,1,94.826,305,4
warehouse.map,52,50,PIBT,5,500,1,93.868,302,4
warehouse.map,53,50,PIBT,5,500,1,86.786,283,4
warehouse.map,54,50,PIBT,5,500,1,103.54,350,5
warehouse.map,55,50,PIBT,5,500,1,90.422,287,4
warehouse.map,56,50,PIBT,5,500,1,94.192,318,4
warehouse.map,57,50,PIBT,5,500,1,102.046,355,5
warehouse.map,58,50,PIBT,5,500,1,91.522,302,4
warehouse.map,59,50,PIBT,5,500,1,91.612,302,4
warehouse.map,64,50,PIBT,5,500,1,90.84,289,4
warehouse.map,65,50,PIBT,5,500,1,90.384,309,4
warehouse.map,66,50,PIBT,5,500,1,87.768,287,4
warehouse.map,67,50,PIBT,5,500,1,88.544,279,4
warehouse.map,60,50,PIBT,5,500,1,94.276,306,4
warehouse.map,61,50,PIBT,5,500,1,95.014,298,4
warehouse.map,62,50,PIBT,5,500,1,95.236,303,4
warehouse.map,63,50,PIBT,5,500,1,96.028,302,4
warehouse.map,68,50,PIBT,5,500,1,90.198,288,4
warehouse.map,69,50,PIBT,5,500,1,92.358,312,4
warehouse.map,70,50,PIBT,5,500,1,91.518,294,4
warehouse.map,71,50,PIBT,5,500,1,91.596,289,4
warehouse.map,72,50,PIBT,5,500,1,91.142,284,4
warehouse.map,73,50,PIBT,5,500,1,88.57,283,4
warehouse.map,74,50,PIBT,5,500,1,91.578,300,4
warehouse.map,75,50,PIBT,5,500,1,90.44,303,4
warehouse.map,76,50,PIBT,5,500,1,89.758,298,4
warehouse.map,77,50,PIBT,5,500,1,90.84,288,4
warehouse.map,78,50,PIBT,5,500,1,94.268,300,4
warehouse.map,79,50,PIBT,5,500,1,86.146,291,4
warehouse.map,84,50,PIBT,5,500,1,94.754,306,4
warehouse.map,85,50,PIBT,5,500,1,87.126,292,4
warehouse.map,86,50,PIBT,5,500,1,82.86,286,4
warehouse.map,87,50,PIBT,5,500,1,94.746,303,4
warehouse.map,80,50,PIBT,5,500,1,90.676,302,4
warehouse.map,81,50,PIBT,5,500,1,88.41,291,4
warehouse.map,82,50,PIBT,5,500,1,95.012,313,4
warehouse.map,83,50,PIBT,5,500,1,91.364,296,4
warehouse.map,88,50,PIBT,5,500,1,84.2,286,4
warehouse.map,89,50,PIBT,5,500,1,88.01,292,4
warehouse.map,90,50,PIBT,5,500,1,84.784,284,4
warehouse.map,91,50,PIBT,5,500,1,89.548,291,4
warehouse.map,92,50,PIBT,5,500,1,92.442,302,4
warehouse.map,93,50,PIBT,5,500,1,88.964,295,4
warehouse.map,94,50,PIBT,5,500,1,91.056,318,4
warehouse.map,95,50,PIBT,5,500,1,92.064,296,4
warehouse.map,96,50,PIBT,5,500,1,92.054,290,4
warehouse.map,97,50,PIBT,5,500,1,91.904,307,4
warehouse.map,98,50,PIBT,5,500,1,90.38,300,4
warehouse.map,99,50,PIBT,5,500,1,88.536,292,4
warehouse.map,0,10,PIBT,10,500,1,510.516,1126,4
warehouse.map,1,10,PIBT,10,500,1,502.33,1085,4
warehouse.map,2,10,PIBT,10,500,1,508.758,1150,4
warehouse.map,3,10,PIBT,10,500,1,492.122,1065,4
warehouse.map,8,10,PIBT,10,500,1,477.208,1054,4
warehouse.map,9,10,PIBT,10,500,1,506.838,1110,4
warehouse.map,10,10,PIBT,10,500,1,507.618,1099,4
warehouse.map,11,10,PIBT,10,500,1,492.06,1121,4
warehouse.map,4,10,PIBT,10,500,1,469.214,1054,4
warehouse.map,5,10,PIBT,10,500,1,465.794,1088,4
warehouse.map,6,10,PIBT,10,500,1,489.52,1113,4
warehouse.map,7,10,PIBT,10,500,1,483.028,1088,4
warehouse.map,12,10,PIBT,10,500,1,486.88,1067,4
warehouse.map,13,10,PIBT,10,500,1,488.59,1106,4
warehouse.map,14,10,PIBT,10,500,1,491.46,1082,4
warehouse.map,15,10,PIBT,10,500,1,498.196,1090,4
warehouse.map,16,10,PIBT,10,500,1,465.45,1072,4
warehouse.map,17,10,PIBT,10,500,1,478.344,1102,4
warehouse.map,18,10,PIBT,10,500,1,481.886,1072,4
warehouse.map,19,10,PIBT,10,500,1,458.4,1064,4
warehouse.map,28,10,PIBT,10,500,1,496.836,1072,3
warehouse.map,29,10,PIBT,10,500,1,485.53,1109,4
warehouse.map,30,10,PIBT,10,500,1,491.23,1090,4
warehouse.map,31,10,PIBT,10,500,1,489.272,1129,4
warehouse.map,24,10,PIBT,10,500,1,519.79,1106,4
warehouse.map,25,10,PIBT,10,500,1,472.554,1041,4
warehouse.map,26,10,PIBT,10,500,1,490.71,1099,4
warehouse.map,27,10,PIBT,10,500,1,507.196,1111,4
warehouse.map,20,10,PIBT,10,500,1,485.962,1094,4
warehouse.map,21,10,PIBT,10,500,1,518.312,1123,4
warehouse.map,22,10,PIBT,10,500,1,489.196,1096,4
warehouse.map,23,10,PIBT,10,500,1,498.582,1130,4
warehouse.map,32,10,PIBT,10,500,1,485.542,1078,4
warehouse.map,33,10,PIBT,10,500,1,480.39,1089,4
warehouse.map,34,10,PIBT,10,500,1,499.33,1162,4
warehouse.map,35,10,PIBT,10,500,1,478.552,1111,4
warehouse.map,36,10,PIBT,10,500,1,478.298,1054,4
warehouse.map,37,10,PIBT,10,500,1,507.6,1116,4
warehouse.map,38,10,PIBT,10,500,1,481.108,1072,4
warehouse.map,39,10,PIBT,10,500,1,489.442,1107,4
warehouse.map,40,10,PIBT,10,500,1,502.216,1112,3
warehouse.map,41,10,PIBT,10,500,1,491.734,1117,4
warehouse.map,42,10,PIBT,10,500,1,469.664,1075,4
warehouse.map,43,10,PIBT,10,500,1,488.32,1091,4
warehouse.map,44,10,PIBT,10,500,1,485.756,1071,4
warehouse.map,45,10,PIBT,10,500,1,476.77,1098,4
warehouse.map,46,10,PIBT,10,500,1,515.56,1120,4
warehouse.map,47,10,PIBT,10,500,1,477.76,1101,4
warehouse.map,48,10,PIBT,10,500,1,480.824,1059,4
warehouse.map,49,10,PIBT,10,500,1,525.46,1181,4
warehouse.map,50,10,PIBT,10,500,1,489.074,1091,4
warehouse.map,51,10,PIBT,10,500,1,509.04,1108,4
warehouse.map,64,10,PIBT,10,500,1,498.24,1084,4
warehouse.map,65,10,PIBT,10,500,1,500.708,1115,4
warehouse.map,66,10,PIBT,10,500,1,486.964,1070,4
warehouse.map,67,10,PIBT,10,500,1,489.994,1102,4
warehouse.map,56,10,PIBT,10,500,1,488.866,1102,4
warehouse.map,57,10,PIBT,10,500,1,480.138,1075,4
warehouse.map,58,10,PIBT,10,500,1,476.624,1054,4
warehouse.map,59,10,PIBT,10,500,1,476.826,1131,4
warehouse.map,60,10,PIBT,10,500,1,509.658,1150,4
warehouse.map,61,10,PIBT,10,500,1,493.634,1117,4
warehouse.map,62,10,PIBT,10,500,1,494.024,1140,4
warehouse.map,63,10,PIBT,10,500,1,481.454,1089,4
warehouse.map,76,10,PIBT,10,500,1,479.898,1135,4
warehouse.map,77,10,PIBT,10,500,1,495.198,1127,4
warehouse.map,78,10,PIBT,10,500,1,486.05,1069,3
warehouse.map,79,10,PIBT,10,500,1,507.28,1171,4
warehouse.map,52,10,PIBT,10,500,1,501.514,1084,4
warehouse.map,53,10,PIBT,10,500,1,498.25,1085,4
warehouse.map,54,10,PIBT,10,500,1,489.918,1095,4
warehouse.map,55,10,PIBT,10,500,1,489.108,1079,4
warehouse.map,68,10,PIBT,10,500,1,494.004,1090,4
warehouse.map,69,10,PIBT,10,500,1,480.082,1111,4
warehouse.map,70,10,PIBT,10,500,1,488.536,1074,4
warehouse.map,71,10,PIBT,10,500,1,507.464,1119,4
warehouse.map,72,10,PIBT,10,500,1,480.242,1075,4
warehouse.map,73,10,PIBT,10,500,1,472.442,1086,4
warehouse.map,74,10,PIBT,10,500,1,480.714,1121,5
warehouse.map,75,10,PIBT,10,500,1,491.624,1081,4
warehouse.map,80,10,PIBT,10,500,1,495.304,1089,4
warehouse.map,81,10,PIBT,10,500,1,487.37,1108,4
warehouse.map,82,10,PIBT,10,500,1,498.494,1099,4
warehouse.map,83,10,PIBT,10,500,1,492.858,1139,4
warehouse.map,84,10,PIBT,10,500,1,484.142,1080,4
warehouse.map,85,10,PIBT,10,500,1,481.974,1080,4
warehouse.map,86,10,PIBT,10,500,1,504.03,1114,4
warehouse.map,87,10,PIBT,10,500,1,476.082,1057,4
warehouse.map,88,10,PIBT,10,500,1,510.272,1140,4
warehouse.map,89,10,PIBT,10,500,1,478.434,1149,4
warehouse.map,90,10,PIBT,10,500,1,482.308,1083,4
warehouse.map,91,10,PIBT,10,500,1,503.594,1085,4
warehouse.map,96,10,PIBT,10,500,1,482.5,1070,4
warehouse.map,97,10,PIBT,10,500,1,503.65,1125,4
warehouse.map,98,10,PIBT,10,500,1,501.612,1093,3
warehouse.map,99,10,PIBT,10,500,1,486.248,1140,4
warehouse.map,92,10,PIBT,10,500,1,505.368,1111,4
warehouse.map,93,10,PIBT,10,500,1,499.604,1100,4
warehouse.map,94,10,PIBT,10,500,1,479.676,1073,4
warehouse.map,95,10,PIBT,10,500,1,499.47,1093,4
warehouse.map,0,20,PIBT,10,500,1,259.22,610,3
warehouse.map,1,20,PIBT,10,500,1,256.404,603,4
warehouse.map,2,20,PIBT,10,500,1,251.96,588,3
warehouse.map,3,20,PIBT,10,500,1,261.398,593,3
warehouse.map,8,20,PIBT,10,500,1,238.496,573,3
warehouse.map,9,20,PIBT,10,500,1,255.34,586,3
warehouse.map,10,20,PIBT,10,500,1,240.558,577,3
warehouse.map,11,20,PIBT,10,500,1,253.586,625,4
warehouse.map,4,20,PIBT,10,500,1,244.108,576,3
warehouse.map,5,20,PIBT,10,500,1,253.622,623,4
warehouse.map,6,20,PIBT,10,500,1,254.014,582,4
warehouse.map,7,20,PIBT,10,500,1,247.092,571,3
warehouse.map,12,20,PIBT,10,500,1,265.98,626,4
warehouse.map,13,20,PIBT,10,500,1,259.938,604,3
warehouse.map,14,20,PIBT,10,500,1,258.158,625,3
warehouse.map,15,20,PIBT,10,500,1,256.454,617,4
warehouse.map,20,20,PIBT,10,500,1,246.562,569,3
warehouse.map,21,20,PIBT,10,500,1,252.036,588,3
warehouse.map,22,20,PIBT,10,500,1,245.696,569,3
warehouse.map,23,20,PIBT,10,500,1,264.156,631,4
warehouse.map,24,20,PIBT,10,500,1,250.286,588,3
warehouse.map,25,20,PIBT,10,500,1,257.27,613,4
warehouse.map,26,20,PIBT,10,500,1,243.43,563,3
warehouse.map,27,20,PIBT,10,500,1,252.18,577,3
warehouse.map,36,20,PIBT,10,500,1,247.48,583,3
warehouse.map,37,20,PIBT,10,500,1,247.51,595,4
warehouse.map,38,20,PIBT,10,500,1,252.688,614,4
warehouse.map,39,20,PIBT,10,500,1,257.18,604,3
warehouse.map,16,20,PIBT,10,500,1,253.112,600,3
warehouse.map,17,20,PIBT,10,500,1,257.18,623,4
warehouse.map,18,20,PIBT,10,500,1,252.374,608,4
warehouse.map,19,20,PIBT,10,500,1,248.332,564,3
warehouse.map,32,20,PIBT,10,500,1,259.362,645,4
warehouse.map,33,20,PIBT,10,500,1,260.822,613,3
warehouse.map,34,20,PIBT,10,500,1,256.302,620,4
warehouse.map,35,20,PIBT,10,500,1,249.506,591,3
warehouse.map,28,20,PIBT,10,500,1,264.704,591,3
warehouse.map,29,20,PIBT,10,500,1,245.23,594,3
warehouse.map,30,20,PIBT,10,500,1,261.894,600,4
warehouse.map,31,20,PIBT,10,500,1,238.868,586,4
warehouse.map,40,20,PIBT,10,500,1,256.568,597,3
warehouse.map,41,20,PIBT,10,500,1,248.63,608,4
warehouse.map,42,20,PIBT,10,500,1,264.416,595,4
warehouse.map,43,20,PIBT,10,500,1,253.636,584,3
warehouse.map,64,20,PIBT,10,500,1,259.144,585,3
warehouse.map,65,20,PIBT,10,500,1,250.142,573,3
warehouse.map,66,20,PIBT,10,500,1,253.42,607,4
warehouse.map,67,20,PIBT,10,500,1,256.088,582,3
warehouse.map,60,20,PIBT,10,500,1,245.978,585,4
warehouse.map,61,20,PIBT,10,500,1,243.556,586,3
warehouse.map,62,20,PIBT,10,500,1,263.138,615,4
warehouse.map,63,20,PIBT,10,500,1,247.072,581,4
warehouse.map,52,20,PIBT,10,500,1,250.114,557,3
warehouse.map,53,20,PIBT,10,500,1,254.946,601,3
warehouse.map,54,20,PIBT,10,500,1,242.056,546,3
warehouse.map,55,20,PIBT,10,500,1,252.71,602,4
warehouse.map,44,20,PIBT,10,500,1,250.84,600,3
warehouse.map,45,20,PIBT,10,500,1,250.254,611,4
warehouse.map,46,20,PIBT,10,500,1,248.032,576,3
warehouse.map,47,20,PIBT,10,500,1,254.558,594,4
warehouse.map,48,20,PIBT,10,500,1,257.486,586,3
warehouse.map,49,20,PIBT,10,500,1,246.894,594,3
warehouse.map,50,20,PIBT,10,500,1,251.936,594,4
warehouse.map,51,20,PIBT,10,500,1,253.182,601,4
warehouse.map,56,20,PIBT,10,500,1,248.338,584,3
warehouse.map,57,20,PIBT,10,500,1,255.906,606,4
warehouse.map,58,20,PIBT,10,500,1,246.726,586,3
warehouse.map,59,20,PIBT,10,500,1,257.376,594,3
warehouse.map,68,20,PIBT,10,500,1,245.444,566,3
warehouse.map,69,20,PIBT,10,500,1,263.678,608,4
warehouse.map,70,20,PIBT,10,500,1,266.856,596,4
warehouse.map,71,20,PIBT,10,500,1,251.814,595,3
warehouse.map,72,20,PIBT,10,500,1,260.966,592,3
warehouse.map,73,20,PIBT,10,500,1,245.338,582,3
warehouse.map,74,20,PIBT,10,500,1,241.478,560,3
warehouse.map,75,20,PIBT,10,500,1,251.444,568,3
warehouse.map,76,20,PIBT,10,500,1,242.49,574,3
warehouse.map,77,20,PIBT,10,500,1,249.952,633,4
warehouse.map,78,20,PIBT,10,500,1,247.084,576,3
warehouse.map,79,20,PIBT,10,500,1,267.876,604,3
warehouse.map,80,20,PIBT,10,500,1,253.972,597,3
warehouse.map,81,20,PIBT,10,500,1,253.382,602,3
warehouse.map,82,20,PIBT,10,500,1,261.304,625,4
warehouse.map,83,20,PIBT,10,500,1,255.964,593,3
warehouse.map,84,20,PIBT,10,500,1,250.604,570,3
warehouse.map,85,20,PIBT,10,500,1,254.788,583,4
warehouse.map,86,20,PIBT,10,500,1,257.322,607,3
warehouse.map,87,20,PIBT,10,500,1,268.234,623,4
warehouse.map,88,20,PIBT,10,500,1,263.776,638,4
warehouse.map,89,20,PIBT,10,500,1,265.456,603,4
warehouse.map,90,20,PIBT,10,500,1,258.85,606,4
warehouse.map,91,20,PIBT,10,500,1,253.166,605,4
warehouse.map,92,20,PIBT,10,500,1,250.834,590,3
warehouse.map,93,20,PIBT,10,500,1,253.326,562,3
warehouse.map,94,20,PIBT,10,500,1,258.478,624,4
warehouse.map,95,20,PIBT,10,500,1,261.378,612,3
warehouse.map,96,20,PIBT,10,500,1,247.934,569,3
warehouse.map,97,20,PIBT,10,500,1,242.258,563,3
warehouse.map,98,20,PIBT,10,500,1,256.352,610,3
warehouse.map,99,20,PIBT,10,500,1,254.45,596,3
warehouse.map,0,30,PIBT,10,500,1,176.148,436,4
warehouse.map,1,30,PIBT,10,500,1,177.07,428,3
warehouse.map,2,30,PIBT,10,500,1,172.452,423,3
warehouse.map,3,30,PIBT,10,500,1,170.518,408,3
warehouse.map,4,30,PIBT,10,500,1,173.522,423,3
warehouse.map,5,30,PIBT,10,500,1,177.794,439,4
warehouse.map,6,30,PIBT,10,500,1,170.282,431,4
warehouse.map,7,30,PIBT,10,500,1,170.584,420,4
warehouse.map,8,30,PIBT,10,500,1,171.882,422,3
warehouse.map,9,30,PIBT,10,500,1,171.266,443,4
warehouse.map,10,30,PIBT,10,500,1,176.272,426,3
warehouse.map,11,30,PIBT,10,500,1,176.598,438,4
warehouse.map,16,30,PIBT,10,500,1,174.508,431,4
warehouse.map,17,30,PIBT,10,500,1,171.362,416,4
warehouse.map,18,30,PIBT,10,500,1,175.026,427,4
warehouse.map,19,30,PIBT,10,500,1,175.962,402,3
warehouse.map,20,30,PIBT,10,500,1,176.31,431,4
warehouse.map,21,30,PIBT,10,500,1,181.784,455,4
warehouse.map,22,30,PIBT,10,500,1,171.686,417,3
warehouse.map,23,30,PIBT,10,500,1,181.364,417,3
warehouse.map,28,30,PIBT,10,500,1,176.496,439,4
warehouse.map,29,30,PIBT,10,500,1,171.694,404,3
warehouse.map,30,30,PIBT,10,500,1,182.794,453,4
warehouse.map,31,30,PIBT,10,500,1,186.516,453,4
warehouse.map,12,30,PIBT,10,500,1,171.776,416,3
warehouse.map,13,30,PIBT,10,500,1,169.174,415,3
warehouse.map,14,30,PIBT,10,500,1,171.758,429,4
warehouse.map,15,30,PIBT,10,500,1,173.484,409,3
warehouse.map,24,30,PIBT,10,500,1,165.19,422,3
warehouse.map,25,30,PIBT,10,500,1,170.638,419,3
warehouse.map,26,30,PIBT,10,500,1,181.718,447,4
warehouse.map,27,30,PIBT,10,500,1,178.718,416,3
warehouse.map,44,30,PIBT,10,500,1,168.754,417,4
warehouse.map,45,30,PIBT,10,500,1,178.272,450,4
warehouse.map,46,30,PIBT,10,500,1,175.862,412,3
warehouse.map,47,30,PIBT,10,500,1,168.03,414,3
warehouse.map,40,30,PIBT,10,500,1,172.936,427,4
warehouse.map,41,30,PIBT,10,500,1,179.696,454,4
warehouse.map,42,30,PIBT,10,500,1,177.148,427,4
warehouse.map,43,30,PIBT,10,500,1,171.168,436,4
warehouse.map,36,30,PIBT,10,500,1,168.466,412,3
warehouse.map,37,30,PIBT,10,500,1,169.866,429,3
warehouse.map,38,30,PIBT,10,500,1,172.342,434,4
warehouse.map,39,30,PIBT,10,500,1,177.918,439,4
warehouse.map,52,30,PIBT,10,500,1,173.584,398,3
warehouse.map,53,30,PIBT,10,500,1,177.652,428,3
warehouse.map,54,30,PIBT,10,500,1,168.892,420,3
warehouse.map,55,30,PIBT,10,500,1,178.632,413,3
warehouse.map,56,30,PIBT,10,500,1,176.834,430,3
warehouse.map,57,30,PIBT,10,500,1,169.882,423,3
warehouse.map,58,30,PIBT,10,500,1,176.834,415,3
warehouse.map,59,30,PIBT,10,500,1,173.372,399,3
warehouse.map,48,30,PIBT,10,500,1,177.332,434,4
warehouse.map,49,30,PIBT,10,500,1,180.708,447,4
warehouse.map,50,30,PIBT,10,500,1,174.006,409,3
warehouse.map,51,30,PIBT,10,500,1,171.17,411,4
warehouse.map,32,30,PIBT,10,500,1,169.146,412,3
warehouse.map,33,30,PIBT,10,500,1,174.886,450,4
warehouse.map,34,30,PIBT,10,500,1,171.432,415,3
warehouse.map,35,30,PIBT,10,500,1,178.638,427,3
warehouse.map,60,30,PIBT,10,500,1,174.002,416,3
warehouse.map,61,30,PIBT,10,500,1,171.13,426,3
warehouse.map,62,30,PIBT,10,500,1,177.62,461,4
warehouse.map,63,30,PIBT,10,500,1,167.722,403,3
warehouse.map,64,30,PIBT,10,500,1,176.6,418,3
warehouse.map,65,30,PIBT,10,500,1,168.398,403,3
warehouse.map,66,30,PIBT,10,500,1,174.452,407,3
warehouse.map,67,30,PIBT,10,500,1,172.65,407,3
warehouse.map,68,30,PIBT,10,500,1,174.54,419,3
warehouse.map,69,30,PIBT,10,500,1,172.46,428,3
warehouse.map,70,30,PIBT,10,500,1,175.85,405,3
warehouse.map,71,30,PIBT,10,500,1,169.85,438,3
warehouse.map,72,30,PIBT,10,500,1,158.696,405,3
warehouse.map,73,30,PIBT,10,500,1,172.812,425,3
warehouse.map,74,30,PIBT,10,500,1,174.2,444,4
warehouse.map,75,30,PIBT,10,500,1,176.492,420,4
warehouse.map,80,30,PIBT,10,500,1,172.424,424,4
warehouse.map,81,30,PIBT,10,500,1,174.248,419,3
warehouse.map,82,30,PIBT,10,500,1,164.75,419,3
warehouse.map,83,30,PIBT,10,500,1,165.01,401,3
warehouse.map,76,30,PIBT,10,500,1,173.61,440,4
warehouse.map,77,30,PIBT,10,500,1,175.61,430,3
warehouse.map,78,30,PIBT,10,500,1,158.604,404,3
warehouse.map,79,30,PIBT,10,500,1,170.052,430,4
warehouse.map,84,30,PIBT,10,500,1,177.134,419,3
warehouse.map,85,30,PIBT,10,500,1,178.84,446,4
warehouse.map,86,30,PIBT,10,500,1,163.854,399,3
warehouse.map,87,30,PIBT,10,500,1,170.66,415,3
warehouse.map,88,30,PIBT,10,500,1,180.466,437,4
warehouse.map,89,30,PIBT,10,500,1,178.338,443,4
warehouse.map,90,30,PIBT,10,500,1,165.886,418,3
warehouse.map,91,30,PIBT,10,500,1,182.6,450,3
warehouse.map,96,30,PIBT,10,500,1,174.384,426,3
warehouse.map,97,30,PIBT,10,500,1,167.468,446,4
warehouse.map,98,30,PIBT,10,500,1,168.11,426,3
warehouse.map,99,30,PIBT,10,500,1,173.82,416,3
warehouse.map,92,30,PIBT,10,500,1,171.158,425,3
warehouse.map,93,30,PIBT,10,500,1,175.684,417,3
warehouse.map,94,30,PIBT,10,500,1,170.436,408,3
warehouse.map,95,30,PIBT,10,500,1,172.16,414,3
warehouse.map,0,40,PIBT,10,500,1,132.87,337,4
warehouse.map,1,40,PIBT,10,500,1,146.234,350,4
warehouse.map,2,40,PIBT,10,500,1,128.452,333,4
warehouse.map,3,40,PIBT,10,500,1,135.99,336,4
warehouse.map,8,40,PIBT,10,500,1,138.588,337,4
warehouse.map,9,40,PIBT,10,500,1,138.598,351,4
warehouse.map,10,40,PIBT,10,500,1,131.638,344,4
warehouse.map,11,40,PIBT,10,500,1,135.014,337,4
warehouse.map,4,40,PIBT,10,500,1,138.18,358,4
warehouse.map,5,40,PIBT,10,500,1,129.884,329,3
warehouse.map,6,40,PIBT,10,500,1,134.184,335,4
warehouse.map,7,40,PIBT,10,500,1,133.162,336,4
warehouse.map,12,40,PIBT,10,500,1,144.604,364,4
warehouse.map,13,40,PIBT,10,500,1,130.536,321,4
warehouse.map,14,40,PIBT,10,500,1,141.064,347,4
warehouse.map,15,40,PIBT,10,500,1,139.792,340,4
warehouse.map,32,40,PIBT,10,500,1,128.47,368,4
warehouse.map,33,40,PIBT,10,500,1,130.518,331,3
warehouse.map,34,40,PIBT,10,500,1,138.88,374,4
warehouse.map,35,40,PIBT,10,500,1,137.542,374,4
warehouse.map,16,40,PIBT,10,500,1,136.476,355,4
warehouse.map,17,40,PIBT,10,500,1,136.798,351,4
warehouse.map,18,40,PIBT,10,500,1,131.024,320,3
warehouse.map,19,40,PIBT,10,500,1,136.092,347,3
warehouse.map,24,40,PIBT,10,500,1,130.168,340,4
warehouse.map,25,40,PIBT,10,500,1,136.992,330,3
warehouse.map,26,40,PIBT,10,500,1,133.88,341,4
warehouse.map,27,40,PIBT,10,500,1,135.486,342,4
warehouse.map,36,40,PIBT,10,500,1,132.054,335,4
warehouse.map,37,40,PIBT,10,500,1,135.178,329,4
warehouse.map,38,40,PIBT,10,500,1,135.166,370,4
warehouse.map,39,40,PIBT,10,500,1,137.18,345,4
warehouse.map,20,40,PIBT,10,500,1,127.338,325,3
warehouse.map,21,40,PIBT,10,500,1,128.706,310,3
warehouse.map,22,40,PIBT,10,500,1,136.194,352,4
warehouse.map,23,40,PIBT,10,500,1,131.08,334,4
warehouse.map,48,40,PIBT,10,500,1,139.68,350,4
warehouse.map,49,40,PIBT,10,500,1,133.486,351,4
warehouse.map,50,40,PIBT,10,500,1,139.658,344,4
warehouse.map,51,40,PIBT,10,500,1,130.472,321,3
warehouse.map,28,40,PIBT,10,500,1,135.466,339,4
warehouse.map,29,40,PIBT,10,500,1,130.576,328,4
warehouse.map,30,40,PIBT,10,500,1,138.544,344,4
warehouse.map,31,40,PIBT,10,500,1,131.184,320,3
warehouse.map,40,40,PIBT,10,500,1,142.682,361,4
warehouse.map,41,40,PIBT,10,500,1,137.084,342,4
warehouse.map,42,40,PIBT,10,500,1,137.72,361,4
warehouse.map,43,40,PIBT,10,500,1,131.552,335,4
warehouse.map,44,40,PIBT,10,500,1,127.406,333,4
warehouse.map,45,40,PIBT,10,500,1,130.956,329,4
warehouse.map,46,40,PIBT,10,500,1,130.806,340,4
warehouse.map,47,40,PIBT,10,500,1,139.494,343,4
warehouse.map,52,40,PIBT,10,500,1,137.13,354,4
warehouse.map,53,40,PIBT,10,500,1,128.47,327,4
warehouse.map,54,40,PIBT,10,500,1,136.574,339,4
warehouse.map,55,40,PIBT,10,500,1,130.142,327,3
warehouse.map,56,40,PIBT,10,500,1,137.04,340,3
warehouse.map,57,40,PIBT,10,500,1,138.512,360,4
warehouse.map,58,40,PIBT,10,500,1,131.064,333,4
warehouse.map,59,40,PIBT,10,500,1,138.45,353,4
warehouse.map,60,40,PIBT,10,500,1,133.3,361,4
warehouse.map,61,40,PIBT,10,500,1,133.178,339,4
warehouse.map,62,40,PIBT,10,500,1,133.74,333,4
warehouse.map,63,40,PIBT,10,500,1,136.888,335,4
warehouse.map,64,40,PIBT,10,500,1,133.258,337,4
warehouse.map,65,40,PIBT,10,500,1,133.586,327,3
warehouse.map,66,40,PIBT,10,500,1,122.086,335,3
warehouse.map,67,40,PIBT,10,500,1,139.802,351,4
warehouse.map,76,40,PIBT,10,500,1,136.628,346,4
warehouse.map,77,40,PIBT,10,500,1,139.016,359,4
warehouse.map,78,40,PIBT,10,500,1,126.432,345,4
warehouse.map,79,40,PIBT,10,500,1,139.422,352,4
warehouse.map,68,40,PIBT,10,500,1,134.034,355,4
warehouse.map,69,40,PIBT,10,500,1,135.096,341,4
warehouse.map,70,40,PIBT,10,500,1,134.246,350,4
warehouse.map,71,40,PIBT,10,500,1,142.586,353,4
warehouse.map,72,40,PIBT,10,500,1,139.892,340,4
warehouse.map,73,40,PIBT,10,500,1,131.374,340,4
warehouse.map,74,40,PIBT,10,500,1,133.316,342,4
warehouse.map,75,40,PIBT,10,500,1,141.472,355,4
warehouse.map,88,40,PIBT,10,500,1,133.906,361,4
warehouse.map,89,40,PIBT,10,500,1,136.398,340,4
warehouse.map,90,40,PIBT,10,500,1,131.956,336,4
warehouse.map,91,40,PIBT,10,500,1,128.656,334,4
warehouse.map,80,40,PIBT,10,500,1,134.718,357,4
warehouse.map,81,40,PIBT,10,500,1,138.996,343,4
warehouse.map,82,40,PIBT,10,500,1,130.096,339,4
warehouse.map,83,40,PIBT,10,500,1,137.158,348,4
warehouse.map,84,40,PIBT,10,500,1,129.466,333,4
warehouse.map,85,40,PIBT,10,500,1,130.182,338,4
warehouse.map,86,40,PIBT,10,500,1,133.486,329,4
warehouse.map,87,40,PIBT,10,500,1,140.578,337,4
warehouse.map,92,40,PIBT,10,500,1,134.89,332,4
warehouse.map,93,40,PIBT,10,500,1,143.956,357,4
warehouse.map,94,40,PIBT,10,500,1,143.99,356,4
warehouse.map,95,40,PIBT,10,500,1,131.486,341,4
warehouse.map,96,40,PIBT,10,500,1,139.892,328,3
warehouse.map,97,40,PIBT,10,500,1,130.392,334,3
warehouse.map,98,40,PIBT,10,500,1,138.264,366,4
warehouse.map,99,40,PIBT,10,500,1,136.386,344,4
warehouse.map,0,50,PIBT,10,500,1,115.798,295,4
warehouse.map,1,50,PIBT,10,500,1,106.926,277,4
warehouse.map,2,50,PIBT,10,500,1,118.752,301,4
warehouse.map,3,50,PIBT,10,500,1,111.576,298,4
warehouse.map,16,50,PIBT,10,500,1,107.924,284,4
warehouse.map,17,50,PIBT,10,500,1,115.278,296,4
warehouse.map,18,50,PIBT,10,500,1,114.128,310,4
warehouse.map,19,50,PIBT,10,500,1,107.796,297,4
warehouse.map,4,50,PIBT,10,500,1,111.036,286,4
warehouse.map,5,50,PIBT,10,500,1,117.85,319,4
warehouse.map,6,50,PIBT,10,500,1,113.356,281,4
warehouse.map,7,50,PIBT,10,500,1,120.438,299,4
warehouse.map,24,50,PIBT,10,500,1,111.714,300,4
warehouse.map,25,50,PIBT,10,500,1,109.348,294,4
warehouse.map,26,50,PIBT,10,500,1,125.988,333,5
warehouse.map,27,50,PIBT,10,500,1,108.014,283,4
warehouse.map,12,50,PIBT,10,500,1,115.372,308,4
warehouse.map,13,50,PIBT,10,500,1,108.936,298,4
warehouse.map,14,50,PIBT,10,500,1,114.896,317,4
warehouse.map,15,50,PIBT,10,500,1,114.062,284,4
warehouse.map,28,50,PIBT,10,500,1,109.386,284,4
warehouse.map,29,50,PIBT,10,500,1,118.524,300,4
warehouse.map,30,50,PIBT,10,500,1,114.808,290,4
warehouse.map,31,50,PIBT,10,500,1,112.018,287,4
warehouse.map,36,50,PIBT,10,500,1,105.386,267,4
warehouse.map,37,50,PIBT,10,500,1,106.222,290,4
warehouse.map,38,50,PIBT,10,500,1,106.156,299,4
warehouse.map,39,50,PIBT,10,500,1,112.144,294,4
warehouse.map,44,50,PIBT,10,500,1,108.23,284,4
warehouse.map,45,50,PIBT,10,500,1,109.976,281,4
warehouse.map,46,50,PIBT,10,500,1,114.188,303,4
warehouse.map,47,50,PIBT,10,500,1,112.372,293,4
warehouse.map,32,50,PIBT,10,500,1,109.544,282,4
warehouse.map,33,50,PIBT,10,500,1,114.616,311,4
warehouse.map,34,50,PIBT,10,500,1,111.346,291,4
warehouse.map,35,50,PIBT,10,500,1,105.454,289,4
warehouse.map,52,50,PIBT,10,500,1,113.61,293,3
warehouse.map,53,50,PIBT,10,500,1,111.594,301,4
warehouse.map,54,50,PIBT,10,500,1,115.774,285,4
warehouse.map,55,50,PIBT,10,500,1,117.47,299,4
warehouse.map,40,50,PIBT,10,500,1,108.89,287,4
warehouse.map,41,50,PIBT,10,500,1,117.238,326,4
warehouse.map,42,50,PIBT,10,500,1,115.312,292,4
warehouse.map,43,50,PIBT,10,500,1,110.736,297,4
warehouse.map,48,50,PIBT,10,500,1,105.91,293,4
warehouse.map,49,50,PIBT,10,500,1,108.102,280,3
warehouse.map,50,50,PIBT,10,500,1,111.096,285,4
warehouse.map,51,50,PIBT,10,500,1,111.872,294,4
warehouse.map,20,50,PIBT,10,500,1,107.706,306,4
warehouse.map,21,50,PIBT,10,500,1,113.678,306,4
warehouse.map,22,50,PIBT,10,500,1,114.572,289,4
warehouse.map,23,50,PIBT,10,500,1,120.116,285,4
warehouse.map,8,50,PIBT,10,500,1,112.072,297,4
warehouse.map,9,50,PIBT,10,500,1,113.296,303,4
warehouse.map,10,50,PIBT,10,500,1,113.636,296,4
warehouse.map,11,50,PIBT,10,500,1,107.032,293,4
warehouse.map,56,50,PIBT,10,500,1,106.812,296,4
warehouse.map,57,50,PIBT,10,500,1,116.024,303,4
warehouse.map,58,50,PIBT,10,500,1,109.388,293,4
warehouse.map,59,50,PIBT,10,500,1,115.09,296,4
warehouse.map,60,50,PIBT,10,500,1,119.2,326,4
warehouse.map,61,50,PIBT,10,500,1,119.266,296,4
warehouse.map,62,50,PIBT,10,500,1,113.532,289,4
warehouse.map,63,50,PIBT,10,500,1,113.55,311,4
warehouse.map,64,50,PIBT,10,500,1,108.35,310,4
warehouse.map,65,50,PIBT,10,500,1,116.822,298,4
warehouse.map,66,50,PIBT,10,500,1,112.108,291,4
warehouse.map,67,50,PIBT,10,500,1,100.826,288,4
warehouse.map,72,50,PIBT,10,500,1,111.606,319,4
warehouse.map,73,50,PIBT,10,500,1,109.914,289,4
warehouse.map,74,50,PIBT,10,500,1,113.426,285,4
warehouse.map,75,50,PIBT,10,500,1,112.744,293,4
warehouse.map,68,50,PIBT,10,500,1,114.696,305,4
warehouse.map,69,50,PIBT,10,500,1,116.85,317,4
warehouse.map,70,50,PIBT,10,500,1,107.068,285,4
warehouse.map,71,50,PIBT,10,500,1,119.134,314,4
warehouse.map,76,50,PIBT,10,500,1,109.97,279,4
warehouse.map,77,50,PIBT,10,500,1,115.366,303,4
warehouse.map,78,50,PIBT,10,500,1,108.4,294,3
warehouse.map,79,50,PIBT,10,500,1,110.584,282,4
warehouse.map,80,50,PIBT,10,500,1,110.748,297,4
warehouse.map,81,50,PIBT,10,500,1,112.164,311,3
warehouse.map,82,50,PIBT,10,500,1,114.028,296,4
warehouse.map,83,50,PIBT,10,500,1,110.9,301,4
warehouse.map,88,50,PIBT,10,500,1,113.274,310,4
warehouse.map,89,50,PIBT,10,500,1,114.168,314,4
warehouse.map,90,50,PIBT,10,500,1,110.044,296,3
warehouse.map,91,50,PIBT,10,500,1,113.286,284,4
warehouse.map,92,50,PIBT,10,500,1,114.698,282,4
warehouse.map,93,50,PIBT,10,500,1,119.908,310,4
warehouse.map,94,50,PIBT,10,500,1,126.278,322,4
warehouse.map,95,50,PIBT,10,500,1,108.914,291,4
warehouse.map,84,50,PIBT,10,500,1,111.996,292,4
warehouse.map,85,50,PIBT,10,500,1,115.638,290,4
warehouse.map,86,50,PIBT,10,500,1,107.812,286,4
warehouse.map,87,50,PIBT,10,500,1,112.108,301,4
warehouse.map,96,50,PIBT,10,500,1,111.33,295,4
warehouse.map,97,50,PIBT,10,500,1,112.378,296,4
warehouse.map,98,50,PIBT,10,500,1,113.408,294,4
warehouse.map,99,50,PIBT,10,500,1,104.66,274,4
warehouse.map,4,10,TP,0.2,500,1,39.676,2569,86
warehouse.map,5,10,TP,0.2,500,1,38.746,2712,106
warehouse.map,6,10,TP,0.2,500,1,39.214,2768,131
warehouse.map,7,10,TP,0.2,500,1,39.338,2632,176
warehouse.map,20,10,TP,0.2,500,1,38.434,2414,90
warehouse.map,21,10,TP,0.2,500,1,38.45,2809,92
warehouse.map,22,10,TP,0.2,500,1,38.854,2456,76
warehouse.map,23,10,TP,0.2,500,1,38.644,2417,100
warehouse.map,44,10,TP,0.2,500,1,40.268,2504,107
warehouse.map,45,10,TP,0.2,500,1,39.914,2497,122
warehouse.map,46,10,TP,0.2,500,1,39.468,2626,89
warehouse.map,47,10,TP,0.2,500,1,38.942,2783,111
warehouse.map,24,10,TP,0.2,500,1,39.028,2678,117
warehouse.map,25,10,TP,0.2,500,1,38.622,2692,78
warehouse.map,26,10,TP,0.2,500,1,39.688,2588,111
warehouse.map,27,10,TP,0.2,500,1,40.77,2596,139
warehouse.map,56,10,TP,0.2,500,1,38.854,2504,97
warehouse.map,57,10,TP,0.2,500,1,38.32,2545,102
warehouse.map,58,10,TP,0.2,500,1,38.728,2675,98
warehouse.map,59,10,TP,0.2,500,1,38.798,2558,97
warehouse.map,48,10,TP,0.2,500,1,39.066,2620,96
warehouse.map,49,10,TP,0.2,500,1,39.884,2479,117
warehouse.map,50,10,TP,0.2,500,1,38.208,2575,138
warehouse.map,51,10,TP,0.2,500,1,40.324,2397,94
warehouse.map,36,10,TP,0.2,500,1,39.292,2573,109
warehouse.map,37,10,TP,0.2,500,1,38.592,2463,86
warehouse.map,38,10,TP,0.2,500,1,39.448,2665,122
warehouse.map,39,10,TP,0.2,500,1,38.73,2500,85
warehouse.map,28,10,TP,0.2,500,1,40.626,2550,143
warehouse.map,29,10,TP,0.2,500,1,39.402,2599,90
warehouse.map,30,10,TP,0.2,500,1,39.844,2432,90
warehouse.map,31,10,TP,0.2,500,1,39.978,2578,129
warehouse.map,16,10,TP,0.2,500,1,39.986,2419,103
warehouse.map,17,10,TP,0.2,500,1,40.11,2554,126
warehouse.map,18,10,TP,0.2,500,1,40.082,2572,159
warehouse.map,19,10,TP,0.2,500,1,38.18,2651,120
warehouse.map,0,10,TP,0.2,500,1,40.516,2515,146
warehouse.map,1,10,TP,0.2,500,1,40.028,2552,131
warehouse.map,2,10,TP,0.2,500,1,38.696,2535,128
warehouse.map,3,10,TP,0.2,500,1,39.816,2642,108
warehouse.map,12,10,TP,0.2,500,1,39.424,2497,91
warehouse.map,13,10,TP,0.2,500,1,40.482,2475,157
warehouse.map,14,10,TP,0.2,500,1,40.434,2595,130
warehouse.map,15,10,TP,0.2,500,1,40.888,2650,155
warehouse.map,8,10,TP,0.2,500,1,40.09,2504,155
warehouse.map,9,10,TP,0.2,500,1,40.556,2524,118
warehouse.map,10,10,TP,0.2,500,1,39.16,2573,102
warehouse.map,11,10,TP,0.2,500,1,39.898,2726,134
warehouse.map,60,10,TP,0.2,500,1,39.26,2668,125
warehouse.map,61,10,TP,0.2,500,1,40.01,2545,139
warehouse.map,62,10,TP,0.2,500,1,37.96,2682,124
warehouse.map,63,10,TP,0.2,500,1,40.102,2674,165
warehouse.map,64,10,TP,0.2,500,1,38.86,2439,92
warehouse.map,65,10,TP,0.2,500,1,39.786,2419,93
warehouse.map,66,10,TP,0.2,500,1,40.346,2559,174
warehouse.map,67,10,TP,0.2,500,1,39.08,2528,91
warehouse.map,32,10,TP,0.2,500,1,40.018,2584,97
warehouse.map,33,10,TP,0.2,500,1,39.934,2502,142
warehouse.map,34,10,TP,0.2,500,1,40.598,2437,117
warehouse.map,35,10,TP,0.2,500,1,39.136,2581,124
warehouse.map,40,10,TP,0.2,500,1,40.636,2564,127
warehouse.map,41,10,TP,0.2,500,1,37.932,2542,80
warehouse.map,42,10,TP,0.2,500,1,40.054,2494,185
warehouse.map,43,10,TP,0.2,500,1,39.688,2521,122
warehouse.map,52,10,TP,0.2,500,1,38.424,2898,106
warehouse.map,53,10,TP,0.2,500,1,38.678,2461,87
warehouse.map,54,10,TP,0.2,500,1,41.33,2507,221
warehouse.map,55,10,TP,0.2,500,1,40.536,2507,143
warehouse.map,68,10,TP,0.2,500,1,38.328,2697,117
warehouse.map,69,10,TP,0.2,500,1,40.578,2482,152
warehouse.map,70,10,TP,0.2,500,1,38.81,2495,135
warehouse.map,71,10,TP,0.2,500,1,39.538,2625,150
warehouse.map,80,10,TP,0.2,500,1,39.888,2650,167
warehouse.map,81,10,TP,0.2,500,1,39.08,2445,116
warehouse.map,82,10,TP,0.2,500,1,39.672,2684,84
warehouse.map,83,10,TP,0.2,500,1,39.498,2524,104
warehouse.map,72,10,TP,0.2,500,1,40.11,2681,136
warehouse.map,73,10,TP,0.2,500,1,40.624,2485,143
warehouse.map,74,10,TP,0.2,500,1,40.12,2599,128
warehouse.map,75,10,TP,0.2,500,1,39.436,2464,84
warehouse.map,84,10,TP,0.2,500,1,39.942,2485,122
warehouse.map,85,10,TP,0.2,500,1,39.33,2528,159
warehouse.map,86,10,TP,0.2,500,1,39.476,2371,111
warehouse.map,87,10,TP,0.2,500,1,38.476,2593,101
warehouse.map,76,10,TP,0.2,500,1,39.908,2399,140
warehouse.map,77,10,TP,0.2,500,1,41.174,2529,159
warehouse.map,78,10,TP,0.2,500,1,39.07,2626,110
warehouse.map,79,10,TP,0.2,500,1,40.482,2521,115
warehouse.map,88,10,TP,0.2,500,1,40.88,2347,98
warehouse.map,89,10,TP,0.2,500,1,40.224,2575,78
warehouse.map,90,10,TP,0.2,500,1,38.71,2688,104
warehouse.map,91,10,TP,0.2,500,1,41.074,2566,113
warehouse.map,92,10,TP,0.2,500,1,39.856,2763,106
warehouse.map,93,10,TP,0.2,500,1,39.656,2315,110
warehouse.map,94,10,TP,0.2,500,1,39.152,2465,138
warehouse.map,95,10,TP,0.2,500,1,40.328,2610,157
warehouse.map,96,10,TP,0.2,500,1,39.958,2656,121
warehouse.map,97,10,TP,0.2,500,1,39.392,2761,94
warehouse.map,98,10,TP,0.2,500,1,39.386,2501,119
warehouse.map,99,10,TP,0.2,500,1,38.984,2457,99
warehouse.map,4,20,TP,0.2,500,1,39.068,2563,88
warehouse.map,5,20,TP,0.2,500,1,38.726,2710,119
warehouse.map,6,20,TP,0.2,500,1,38.342,2742,96
warehouse.map,7,20,TP,0.2,500,1,38.428,2616,120
warehouse.map,8,20,TP,0.2,500,1,39.124,2494,156
warehouse.map,9,20,TP,0.2,500,1,39.396,2515,128
warehouse.map,10,20,TP,0.2,500,1,38.674,2565,118
warehouse.map,11,20,TP,0.2,500,1,38.868,2701,93
warehouse.map,12,20,TP,0.2,500,1,39.456,2512,123
warehouse.map,13,20,TP,0.2,500,1,39.152,2473,161
warehouse.map,14,20,TP,0.2,500,1,39.876,2593,132
warehouse.map,15,20,TP,0.2,500,1,39.948,2644,163
warehouse.map,32,20,TP,0.2,500,1,39.448,2584,91
warehouse.map,33,20,TP,0.2,500,1,38.622,2504,114
warehouse.map,34,20,TP,0.2,500,1,38.934,2447,111
warehouse.map,35,20,TP,0.2,500,1,38.52,2588,107
warehouse.map,20,20,TP,0.2,500,1,37.614,2410,105
warehouse.map,21,20,TP,0.2,500,1,38.412,2803,133
warehouse.map,22,20,TP,0.2,500,1,37.66,2435,114
warehouse.map,23,20,TP,0.2,500,1,38.088,2421,104
warehouse.map,24,20,TP,0.2,500,1,39.046,2703,139
warehouse.map,25,20,TP,0.2,500,1,38.496,2687,111
warehouse.map,26,20,TP,0.2,500,1,38.99,2572,110
warehouse.map,27,20,TP,0.2,500,1,39.866,2597,143
warehouse.map,0,20,TP,0.2,500,1,38.792,2507,164
warehouse.map,1,20,TP,0.2,500,1,38.894,2554,155
warehouse.map,2,20,TP,0.2,500,1,38.128,2538,108
warehouse.map,3,20,TP,0.2,500,1,39.316,2641,100
warehouse.map,48,20,TP,0.2,500,1,38.74,2624,106
warehouse.map,49,20,TP,0.2,500,1,38.912,2509,138
warehouse.map,50,20,TP,0.2,500,1,38.194,2575,73
warehouse.map,51,20,TP,0.2,500,1,38.676,2403,82
warehouse.map,28,20,TP,0.2,500,1,39.392,2538,139
warehouse.map,29,20,TP,0.2,500,1,38.468,2582,98
warehouse.map,30,20,TP,0.2,500,1,39.446,2432,126
warehouse.map,31,20,TP,0.2,500,1,39.902,2590,152
warehouse.map,36,20,TP,0.2,500,1,38.324,2576,101
warehouse.map,37,20,TP,0.2,500,1,38.42,2457,106
warehouse.map,38,20,TP,0.2,500,1,39.28,2678,97
warehouse.map,39,20,TP,0.2,500,1,38.364,2498,111
warehouse.map,44,20,TP,0.2,500,1,40.598,2495,155
warehouse.map,45,20,TP,0.2,500,1,39.418,2499,109
warehouse.map,46,20,TP,0.2,500,1,39.16,2617,98
warehouse.map,47,20,TP,0.2,500,1,39.092,2789,149
warehouse.map,56,20,TP,0.2,500,1,37.888,2509,123
warehouse.map,57,20,TP,0.2,500,1,37.5,2549,126
warehouse.map,58,20,TP,0.2,500,1,37.406,2680,99
warehouse.map,59,20,TP,0.2,500,1,38.83,2555,105
warehouse.map,64,20,TP,0.2,500,1,39.152,2456,77
warehouse.map,65,20,TP,0.2,500,1,39.018,2407,144
warehouse.map,66,20,TP,0.2,500,1,38.924,2547,116
warehouse.map,67,20,TP,0.2,500,1,38.616,2541,122
warehouse.map,16,20,TP,0.2,500,1,38.904,2418,110
warehouse.map,17,20,TP,0.2,500,1,39.46,2543,189
warehouse.map,18,20,TP,0.2,500,1,37.954,2562,103
warehouse.map,19,20,TP,0.2,500,1,38.918,2636,141
warehouse.map,40,20,TP,0.2,500,1,39.596,2561,143
warehouse.map,41,20,TP,0.2,500,1,38.354,2550,105
warehouse.map,42,20,TP,0.2,500,1,39.858,2507,185
warehouse.map,43,20,TP,0.2,500,1,39.75,2539,146
warehouse.map,52,20,TP,0.2,500,1,38.594,2886,135
warehouse.map,53,20,TP,0.2,500,1,38.354,2455,87
warehouse.map,54,20,TP,0.2,500,1,39.36,2482,165
warehouse.map,55,20,TP,0.2,500,1,40.504,2513,164
warehouse.map,60,20,TP,0.2,500,1,38.776,2667,141
warehouse.map,61,20,TP,0.2,500,1,38.978,2606,262
warehouse.map,62,20,TP,0.2,500,1,38.388,2672,172
warehouse.map,63,20,TP,0.2,500,1,39.504,2674,149
warehouse.map,68,20,TP,0.2,500,1,38.754,2685,134
warehouse.map,69,20,TP,0.2,500,1,39.678,2481,138
warehouse.map,70,20,TP,0.2,500,1,38.312,2503,124
warehouse.map,71,20,TP,0.2,500,1,39.016,2615,122
warehouse.map,80,20,TP,0.2,500,1,39.182,2643,168
warehouse.map,81,20,TP,0.2,500,1,38.838,2477,108
warehouse.map,82,20,TP,0.2,500,1,38.728,2673,76
warehouse.map,83,20,TP,0.2,500,1,39.18,2507,99
warehouse.map,76,20,TP,0.2,500,1,40.16,2392,160
warehouse.map,77,20,TP,0.2,500,1,40.992,2528,190
warehouse.map,78,20,TP,0.2,500,1,38.768,2631,95
warehouse.map,79,20,TP,0.2,500,1,38.95,2526,121
warehouse.map,72,20,TP,0.2,500,1,38.898,2688,168
warehouse.map,73,20,TP,0.2,500,1,39.348,2483,141
warehouse.map,74,20,TP,0.2,500,1,39.616,2599,127
warehouse.map,75,20,TP,0.2,500,1,38.394,2463,151
warehouse.map,84,20,TP,0.2,500,1,38.758,2470,125
warehouse.map,85,20,TP,0.2,500,1,38.832,2526,122
warehouse.map,86,20,TP,0.2,500,1,39.116,2353,115
warehouse.map,87,20,TP,0.2,500,1,37.634,2588,168
warehouse.map,88,20,TP,0.2,500,1,39.764,2346,141
warehouse.map,89,20,TP,0.2,500,1,39.242,2563,98
warehouse.map,90,20,TP,0.2,500,1,38.224,2695,96
warehouse.map,91,20,TP,0.2,500,1,40.722,2566,104
warehouse.map,0,30,TP,0.2,500,1,39.218,2513,151
warehouse.map,1,30,TP,0.2,500,1,39.746,2554,146
warehouse.map,2,30,TP,0.2,500,1,37.942,2542,118
warehouse.map,3,30,TP,0.2,500,1,38.928,2642,87
warehouse.map,8,30,TP,0.2,500,1,39.422,2501,139
warehouse.map,9,30,TP,0.2,500,1,39.102,2519,139
warehouse.map,10,30,TP,0.2,500,1,38.71,2565,112
warehouse.map,11,30,TP,0.2,500,1,38.656,2716,88
warehouse.map,96,20,TP,0.2,500,1,39.538,2656,129
warehouse.map,97,20,TP,0.2,500,1,39.224,2751,119
warehouse.map,98,20,TP,0.2,500,1,38.51,2499,150
warehouse.map,99,20,TP,0.2,500,1,39.034,2459,150
warehouse.map,4,30,TP,0.2,500,1,38.326,2564,85
warehouse.map,5,30,TP,0.2,500,1,39.086,2713,125
warehouse.map,6,30,TP,0.2,500,1,37.974,2771,122
warehouse.map,7,30,TP,0.2,500,1,39.402,2622,136
warehouse.map,20,30,TP,0.2,500,1,37.166,2410,105
warehouse.map,21,30,TP,0.2,500,1,37.948,2808,125
warehouse.map,22,30,TP,0.2,500,1,38.316,2446,103
warehouse.map,23,30,TP,0.2,500,1,38.508,2415,129
warehouse.map,92,20,TP,0.2,500,1,39.358,2765,121
warehouse.map,93,20,TP,0.2,500,1,39.54,2312,130
warehouse.map,94,20,TP,0.2,500,1,38.268,2473,133
warehouse.map,95,20,TP,0.2,500,1,39.836,2607,196
warehouse.map,36,30,TP,0.2,500,1,39.042,2569,172
warehouse.map,37,30,TP,0.2,500,1,37.662,2459,89
warehouse.map,38,30,TP,0.2,500,1,38.962,2673,132
warehouse.map,39,30,TP,0.2,500,1,38.052,2512,107
warehouse.map,48,30,TP,0.2,500,1,38.858,2627,114
warehouse.map,49,30,TP,0.2,500,1,39.368,2493,149
warehouse.map,50,30,TP,0.2,500,1,38.42,2543,100
warehouse.map,51,30,TP,0.2,500,1,39.032,2396,66
warehouse.map,12,30,TP,0.2,500,1,40.104,2500,141
warehouse.map,13,30,TP,0.2,500,1,40.002,2465,128
warehouse.map,14,30,TP,0.2,500,1,40.202,2579,153
warehouse.map,15,30,TP,0.2,500,1,39.464,2646,137
warehouse.map,24,30,TP,0.2,500,1,39.142,2703,93
warehouse.map,25,30,TP,0.2,500,1,38.82,2690,106
warehouse.map,26,30,TP,0.2,500,1,39.554,2566,140
warehouse.map,27,30,TP,0.2,500,1,40.15,2585,163
warehouse.map,32,30,TP,0.2,500,1,39.244,2586,105
warehouse.map,33,30,TP,0.2,500,1,38.508,2504,96
warehouse.map,34,30,TP,0.2,500,1,39.484,2446,119
warehouse.map,35,30,TP,0.2,500,1,38.688,2575,129
warehouse.map,16,30,TP,0.2,500,1,39.506,2415,143
warehouse.map,17,30,TP,0.2,500,1,39.502,2555,102
warehouse.map,18,30,TP,0.2,500,1,38.306,2573,113
warehouse.map,19,30,TP,0.2,500,1,38.724,2649,139
warehouse.map,28,30,TP,0.2,500,1,38.962,2546,127
warehouse.map,29,30,TP,0.2,500,1,38.988,2582,110
warehouse.map,30,30,TP,0.2,500,1,40.272,2437,170
warehouse.map,31,30,TP,0.2,500,1,39.114,2584,130
warehouse.map,52,30,TP,0.2,500,1,38.166,2894,113
warehouse.map,53,30,TP,0.2,500,1,38.016,2453,85
warehouse.map,54,30,TP,0.2,500,1,39.34,2497,125
warehouse.map,55,30,TP,0.2,500,1,40.34,2512,150
warehouse.map,56,30,TP,0.2,500,1,38.464,2504,136
warehouse.map,57,30,TP,0.2,500,1,37.812,2550,126
warehouse.map,58,30,TP,0.2,500,1,37.768,2662,95
warehouse.map,59,30,TP,0.2,500,1,39.33,2555,124
warehouse.map,44,30,TP,0.2,500,1,39.606,2511,112
warehouse.map,45,30,TP,0.2,500,1,39.542,2498,128
warehouse.map,46,30,TP,0.2,500,1,39.546,2626,93
warehouse.map,47,30,TP,0.2,500,1,39.066,2797,103
warehouse.map,40,30,TP,0.2,500,1,39.428,2586,113
warehouse.map,41,30,TP,0.2,500,1,38.28,2546,82
warehouse.map,42,30,TP,0.2,500,1,39.058,2516,129
warehouse.map,43,30,TP,0.2,500,1,39.944,2531,161
warehouse.map,60,30,TP,0.2,500,1,38.512,2662,143
warehouse.map,61,30,TP,0.2,500,1,39.224,2586,205
warehouse.map,62,30,TP,0.2,500,1,37.996,2681,146
warehouse.map,63,30,TP,0.2,500,1,38.774,2674,134
warehouse.map,64,30,TP,0.2,500,1,39.548,2454,95
warehouse.map,65,30,TP,0.2,500,1,39.2,2416,85
warehouse.map,66,30,TP,0.2,500,1,39.312,2557,147
warehouse.map,67,30,TP,0.2,500,1,38.306,2530,106
warehouse.map,72,30,TP,0.2,500,1,39.198,2688,136
warehouse.map,73,30,TP,0.2,500,1,39.3,2478,125
warehouse.map,74,30,TP,0.2,500,1,39.78,2607,118
warehouse.map,75,30,TP,0.2,500,1,38.946,2462,111
warehouse.map,68,30,TP,0.2,500,1,37.986,2691,104
warehouse.map,69,30,TP,0.2,500,1,39.828,2477,138
warehouse.map,70,30,TP,0.2,500,1,39.098,2493,164
warehouse.map,71,30,TP,0.2,500,1,38.99,2619,140
warehouse.map,76,30,TP,0.2,500,1,39.904,2392,149
warehouse.map,77,30,TP,0.2,500,1,40.16,2528,150
warehouse.map,78,30,TP,0.2,500,1,39.346,2632,95
warehouse.map,79,30,TP,0.2,500,1,39.848,2522,117
warehouse.map,80,30,TP,0.2,500,1,39.264,2626,187
warehouse.map,81,30,TP,0.2,500,1,38.584,2442,103
warehouse.map,82,30,TP,0.2,500,1,39.21,2690,100
warehouse.map,83,30,TP,0.2,500,1,38.806,2514,108
warehouse.map,84,30,TP,0.2,500,1,39.094,2482,100
warehouse.map,85,30,TP,0.2,500,1,38.974,2528,176
warehouse.map,86,30,TP,0.2,500,1,39.61,2370,128
warehouse.map,87,30,TP,0.2,500,1,38.026,2590,123
warehouse.map,92,30,TP,0.2,500,1,39.272,2765,95
warehouse.map,93,30,TP,0.2,500,1,39.064,2326,133
warehouse.map,94,30,TP,0.2,500,1,38.42,2485,159
warehouse.map,95,30,TP,0.2,500,1,39.554,2609,135
warehouse.map,4,40,TP,0.2,500,1,38.088,2566,77
warehouse.map,5,40,TP,0.2,500,1,39.308,2710,138
warehouse.map,6,40,TP,0.2,500,1,37.988,2760,100
warehouse.map,7,40,TP,0.2,500,1,39.284,2611,132
warehouse.map,0,40,TP,0.2,500,1,39.502,2513,154
warehouse.map,1,40,TP,0.2,500,1,39.042,2547,138
warehouse.map,2,40,TP,0.2,500,1,38.18,2542,146
warehouse.map,3,40,TP,0.2,500,1,39.236,2638,79
warehouse.map,88,30,TP,0.2,500,1,39.584,2344,190
warehouse.map,89,30,TP,0.2,500,1,38.984,2572,74
warehouse.map,90,30,TP,0.2,500,1,39.126,2694,109
warehouse.map,91,30,TP,0.2,500,1,40.422,2566,130
warehouse.map,20,40,TP,0.2,500,1,37.864,2410,96
warehouse.map,21,40,TP,0.2,500,1,38.96,2816,113
warehouse.map,22,40,TP,0.2,500,1,38.092,2452,100
warehouse.map,23,40,TP,0.2,500,1,38.112,2419,142
warehouse.map,96,30,TP,0.2,500,1,39.588,2656,139
warehouse.map,97,30,TP,0.2,500,1,39.354,2766,98
warehouse.map,98,30,TP,0.2,500,1,38.28,2518,142
warehouse.map,99,30,TP,0.2,500,1,39.04,2449,158
warehouse.map,8,40,TP,0.2,500,1,39.554,2476,133
warehouse.map,9,40,TP,0.2,500,1,38.688,2514,140
warehouse.map,10,40,TP,0.2,500,1,39.2,2564,92
warehouse.map,11,40,TP,0.2,500,1,38.686,2720,92
warehouse.map,44,40,TP,0.2,500,1,39.55,2498,120
warehouse.map,45,40,TP,0.2,500,1,39.236,2487,92
warehouse.map,46,40,TP,0.2,500,1,39.964,2626,80
warehouse.map,47,40,TP,0.2,500,1,39.15,2783,111
warehouse.map,12,40,TP,0.2,500,1,39.746,2512,114
warehouse.map,13,40,TP,0.2,500,1,38.79,2465,137
warehouse.map,14,40,TP,0.2,500,1,40.372,2581,156
warehouse.map,15,40,TP,0.2,500,1,40.092,2641,161
warehouse.map,32,40,TP,0.2,500,1,39.704,2600,147
warehouse.map,33,40,TP,0.2,500,1,38.988,2502,130
warehouse.map,34,40,TP,0.2,500,1,39.97,2437,127
warehouse.map,35,40,TP,0.2,500,1,38.13,2579,118
warehouse.map,36,40,TP,0.2,500,1,38.77,2569,100
warehouse.map,37,40,TP,0.2,500,1,37.948,2467,155
warehouse.map,38,40,TP,0.2,500,1,38.704,2676,124
warehouse.map,39,40,TP,0.2,500,1,38.122,2528,121
warehouse.map,16,40,TP,0.2,500,1,38.534,2417,107
warehouse.map,17,40,TP,0.2,500,1,39.374,2543,97
warehouse.map,18,40,TP,0.2,500,1,39.152,2571,178
warehouse.map,19,40,TP,0.2,500,1,37.86,2648,100
warehouse.map,40,40,TP,0.2,500,1,39.19,2563,104
warehouse.map,41,40,TP,0.2,500,1,37.998,2530,75
warehouse.map,42,40,TP,0.2,500,1,39.438,2506,129
warehouse.map,43,40,TP,0.2,500,1,39.826,2535,194
warehouse.map,24,40,TP,0.2,500,1,39.12,2684,121
warehouse.map,25,40,TP,0.2,500,1,38.398,2690,106
warehouse.map,26,40,TP,0.2,500,1,39.066,2577,130
warehouse.map,27,40,TP,0.2,500,1,40.118,2600,150
warehouse.map,28,40,TP,0.2,500,1,39.628,2542,114
warehouse.map,29,40,TP,0.2,500,1,38.884,2580,118
warehouse.map,30,40,TP,0.2,500,1,38.99,2438,123
warehouse.map,31,40,TP,0.2,500,1,39.204,2592,116
warehouse.map,48,40,TP,0.2,500,1,39.032,2633,109
warehouse.map,49,40,TP,0.2,500,1,39.532,2477,109
warehouse.map,50,40,TP,0.2,500,1,37.464,2558,81
warehouse.map,51,40,TP,0.2,500,1,39.748,2399,112
warehouse.map,52,40,TP,0.2,500,1,39.09,2895,103
warehouse.map,53,40,TP,0.2,500,1,37.874,2453,108
warehouse.map,54,40,TP,0.2,500,1,38.826,2475,129
warehouse.map,55,40,TP,0.2,500,1,40.192,2502,131
warehouse.map,56,40,TP,0.2,500,1,38.344,2508,114
warehouse.map,57,40,TP,0.2,500,1,37.92,2547,99
warehouse.map,58,40,TP,0.2,500,1,37.81,2666,105
warehouse.map,59,40,TP,0.2,500,1,38.994,2556,94
warehouse.map,60,40,TP,0.2,500,1,38.922,2666,151
warehouse.map,61,40,TP,0.2,500,1,40.054,2590,257
warehouse.map,62,40,TP,0.2,500,1,38.782,2668,140
warehouse.map,63,40,TP,0.2,500,1,38.998,2666,125
warehouse.map,68,40,TP,0.2,500,1,38.034,2685,112
warehouse.map,69,40,TP,0.2,500,1,40.138,2483,123
warehouse.map,70,40,TP,0.2,500,1,39.21,2508,158
warehouse.map,71,40,TP,0.2,500,1,38.992,2608,100
warehouse.map,72,40,TP,0.2,500,1,39.022,2688,129
warehouse.map,73,40,TP,0.2,500,1,39.878,2479,161
warehouse.map,74,40,TP,0.2,500,1,39.854,2592,133
warehouse.map,75,40,TP,0.2,500,1,38.95,2464,102
warehouse.map,64,40,TP,0.2,500,1,38.83,2450,84
warehouse.map,65,40,TP,0.2,500,1,39.57,2415,164
warehouse.map,66,40,TP,0.2,500,1,39.314,2555,148
warehouse.map,67,40,TP,0.2,500,1,38.62,2548,133
warehouse.map,80,40,TP,0.2,500,1,39.364,2644,152
warehouse.map,81,40,TP,0.2,500,1,38.292,2441,101
warehouse.map,82,40,TP,0.2,500,1,39.142,2692,101
warehouse.map,83,40,TP,0.2,500,1,39.78,2507,156
warehouse.map,76,40,TP,0.2,500,1,39.618,2397,185
warehouse.map,77,40,TP,0.2,500,1,40.128,2529,123
warehouse.map,78,40,TP,0.2,500,1,39.022,2632,90
warehouse.map,79,40,TP,0.2,500,1,39.712,2540,108
warehouse.map,84,40,TP,0.2,500,1,39.174,2482,124
warehouse.map,85,40,TP,0.2,500,1,37.924,2529,108
warehouse.map,86,40,TP,0.2,500,1,39.854,2373,150
warehouse.map,87,40,TP,0.2,500,1,37.688,2588,99
warehouse.map,88,40,TP,0.2,500,1,40.806,2358,216
warehouse.map,89,40,TP,0.2,500,1,39.73,2574,70
warehouse.map,90,40,TP,0.2,500,1,37.94,2696,114
warehouse.map,91,40,TP,0.2,500,1,39.362,2566,98
warehouse.map,92,40,TP,0.2,500,1,39.996,2770,96
warehouse.map,93,40,TP,0.2,500,1,39.204,2315,115
warehouse.map,94,40,TP,0.2,500,1,38.706,2481,123
warehouse.map,95,40,TP,0.2,500,1,40.366,2608,185
warehouse.map,96,40,TP,0.2,500,1,39.57,2655,137
warehouse.map,97,40,TP,0.2,500,1,39.434,2761,104
warehouse.map,98,40,TP,0.2,500,1,38.466,2498,102
warehouse.map,99,40,TP,0.2,500,1,38.504,2454,134
warehouse.map,0,50,TP,0.2,500,1,39.57,2527,118
warehouse.map,1,50,TP,0.2,500,1,39.154,2547,89
warehouse.map,2,50,TP,0.2,500,1,38.618,2535,139
warehouse.map,3,50,TP,0.2,500,1,38.568,2641,78
warehouse.map,4,50,TP,0.2,500,1,38.99,2563,148
warehouse.map,5,50,TP,0.2,500,1,39.256,2710,166
warehouse.map,6,50,TP,0.2,500,1,39.676,2774,143
warehouse.map,7,50,TP,0.2,500,1,38.962,2617,128
warehouse.map,24,50,TP,0.2,500,1,39.796,2688,136
warehouse.map,25,50,TP,0.2,500,1,38.59,2694,121
warehouse.map,26,50,TP,0.2,500,1,39.146,2566,126
warehouse.map,27,50,TP,0.2,500,1,40.084,2593,144
warehouse.map,12,50,TP,0.2,500,1,40.166,2504,120
warehouse.map,13,50,TP,0.2,500,1,40.418,2471,175
warehouse.map,14,50,TP,0.2,500,1,40.594,2597,128
warehouse.map,15,50,TP,0.2,500,1,40.58,2648,160
warehouse.map,28,50,TP,0.2,500,1,39.494,2546,156
warehouse.map,29,50,TP,0.2,500,1,38.644,2581,85
warehouse.map,30,50,TP,0.2,500,1,38.66,2436,114
warehouse.map,31,50,TP,0.2,500,1,39.042,2590,123
warehouse.map,32,50,TP,0.2,500,1,40.18,2600,130
warehouse.map,33,50,TP,0.2,500,1,39.804,2504,111
warehouse.map,34,50,TP,0.2,500,1,39.664,2439,119
warehouse.map,35,50,TP,0.2,500,1,38.254,2585,114
warehouse.map,8,50,TP,0.2,500,1,39.438,2494,134
warehouse.map,9,50,TP,0.2,500,1,38.65,2508,118
warehouse.map,10,50,TP,0.2,500,1,39.482,2560,120
warehouse.map,11,50,TP,0.2,500,1,39.378,2727,143
warehouse.map,16,50,TP,0.2,500,1,39.562,2415,186
warehouse.map,17,50,TP,0.2,500,1,40.072,2543,131
warehouse.map,18,50,TP,0.2,500,1,38.694,2572,138
warehouse.map,19,50,TP,0.2,500,1,37.74,2648,122
warehouse.map,20,50,TP,0.2,500,1,38.14,2409,106
warehouse.map,21,50,TP,0.2,500,1,39.13,2809,139
warehouse.map,22,50,TP,0.2,500,1,38.994,2439,114
warehouse.map,23,50,TP,0.2,500,1,38.166,2416,113
warehouse.map,40,50,TP,0.2,500,1,38.878,2586,77
warehouse.map,41,50,TP,0.2,500,1,38.124,2548,76
warehouse.map,42,50,TP,0.2,500,1,39.514,2507,97
warehouse.map,43,50,TP,0.2,500,1,39.064,2529,151
warehouse.map,48,50,TP,0.2,500,1,39.494,2638,111
warehouse.map,49,50,TP,0.2,500,1,39.56,2479,137
warehouse.map,50,50,TP,0.2,500,1,38.558,2575,94
warehouse.map,51,50,TP,0.2,500,1,40.352,2392,116
warehouse.map,44,50,TP,0.2,500,1,39.72,2497,170
warehouse.map,45,50,TP,0.2,500,1,39.68,2505,131
warehouse.map,46,50,TP,0.2,500,1,39.228,2617,66
warehouse.map,47,50,TP,0.2,500,1,39.132,2783,122
warehouse.map,36,50,TP,0.2,500,1,38.174,2586,115
warehouse.map,37,50,TP,0.2,500,1,38.968,2447,129
warehouse.map,38,50,TP,0.2,500,1,40.264,2674,156
warehouse.map,39,50,TP,0.2,500,1,39.34,2522,155
warehouse.map,52,50,TP,0.2,500,1,38.6,2894,90
warehouse.map,53,50,TP,0.2,500,1,38.416,2472,103
warehouse.map,54,50,TP,0.2,500,1,39.034,2486,98
warehouse.map,55,50,TP,0.2,500,1,40.222,2510,132
warehouse.map,56,50,TP,0.2,500,1,38.23,2508,84
warehouse.map,57,50,TP,0.2,500,1,37.902,2550,112
warehouse.map,58,50,TP,0.2,500,1,38.424,2670,114
warehouse.map,59,50,TP,0.2,500,1,38.856,2555,89
warehouse.map,60,50,TP,0.2,500,1,39.06,2666,131
warehouse.map,61,50,TP,0.2,500,1,39.228,2570,209
warehouse.map,62,50,TP,0.2,500,1,38.298,2664,108
warehouse.map,63,50,TP,0.2,500,1,39.206,2653,112
warehouse.map,68,50,TP,0.2,500,1,38.744,2701,129
warehouse.map,69,50,TP,0.2,500,1,39.678,2481,117
warehouse.map,70,50,TP,0.2,500,1,38.4,2503,126
warehouse.map,71,50,TP,0.2,500,1,39.366,2615,139
warehouse.map,64,50,TP,0.2,500,1,39.258,2439,92
warehouse.map,65,50,TP,0.2,500,1,39.57,2413,126
warehouse.map,66,50,TP,0.2,500,1,39.552,2565,138
warehouse.map,67,50,TP,0.2,500,1,38.54,2522,158
warehouse.map,76,50,TP,0.2,500,1,40.756,2395,232
warehouse.map,77,50,TP,0.2,500,1,40.15,2531,113
warehouse.map,78,50,TP,0.2,500,1,39.888,2635,122
warehouse.map,79,50,TP,0.2,500,1,38.976,2520,125
warehouse.map,72,50,TP,0.2,500,1,39.472,2688,159
warehouse.map,73,50,TP,0.2,500,1,39.934,2478,178
warehouse.map,74,50,TP,0.2,500,1,39.756,2599,123
warehouse.map,75,50,TP,0.2,500,1,39.792,2475,134
warehouse.map,24,10,TP,0.5,500,1,135.386,1244,43
warehouse.map,25,10,TP,0.5,500,1,135.412,1248,42
warehouse.map,26,10,TP,0.5,500,1,143.552,1246,40
warehouse.map,27,10,TP,0.5,500,1,137.844,1249,64
warehouse.map,16,10,TP,0.5,500,1,109.828,1224,48
warehouse.map,17,10,TP,0.5,500,1,124.624,1289,50
warehouse.map,18,10,TP,0.5,500,1,100.704,1219,47
warehouse.map,19,10,TP,0.5,500,1,117.144,1206,42
warehouse.map,0,10,TP,0.5,500,1,143.416,1231,46
warehouse.map,1,10,TP,0.5,500,1,116.788,1289,56
warehouse.map,2,10,TP,0.5,500,1,151.198,1248,77
warehouse.map,3,10,TP,0.5,500,1,130.644,1265,44
warehouse.map,20,10,TP,0.5,500,1,142.368,1309,43
warehouse.map,21,10,TP,0.5,500,1,137.286,1214,69
warehouse.map,22,10,TP,0.5,500,1,125.552,1299,47
warehouse.map,23,10,TP,0.5,500,1,150.98,1273,69
warehouse.map,28,10,TP,0.5,500,1,116.584,1168,31
warehouse.map,29,10,TP,0.5,500,1,103.304,1241,44
warehouse.map,30,10,TP,0.5,500,1,153.488,1272,54
warehouse.map,31,10,TP,0.5,500,1,138.566,1233,53
warehouse.map,8,10,TP,0.5,500,1,118.61,1244,37
warehouse.map,9,10,TP,0.5,500,1,147.644,1257,38
warehouse.map,10,10,TP,0.5,500,1,151.888,1279,66
warehouse.map,11,10,TP,0.5,500,1,132.424,1249,84
warehouse.map,12,10,TP,0.5,500,1,141.812,1296,59
warehouse.map,13,10,TP,0.5,500,1,143.616,1284,98
warehouse.map,14,10,TP,0.5,500,1,142.854,1264,103
warehouse.map,15,10,TP,0.5,500,1,109.462,1243,37
warehouse.map,84,50,TP,0.2,500,1,38.43,2471,105
warehouse.map,85,50,TP,0.2,500,1,38.826,2528,118
warehouse.map,86,50,TP,0.2,500,1,39.88,2389,144
warehouse.map,87,50,TP,0.2,500,1,38.49,2588,105
warehouse.map,4,10,TP,0.5,500,1,125.176,1230,41
warehouse.map,5,10,TP,0.5,500,1,126.218,1277,95
warehouse.map,6,10,TP,0.5,500,1,134.354,1294,38
warehouse.map,7,10,TP,0.5,500,1,159.768,1289,68
warehouse.map,80,50,TP,0.2,500,1,38.954,2650,149
warehouse.map,81,50,TP,0.2,500,1,38.744,2457,139
warehouse.map,82,50,TP,0.2,500,1,39.836,2688,158
warehouse.map,83,50,TP,0.2,500,1,40.016,2516,121
warehouse.map,96,50,TP,0.2,500,1,40.052,2657,123
warehouse.map,97,50,TP,0.2,500,1,39.352,2757,116
warehouse.map,98,50,TP,0.2,500,1,37.952,2512,123
warehouse.map,99,50,TP,0.2,500,1,39.14,2459,122
warehouse.map,36,10,TP,0.5,500,1,139.212,1246,64
warehouse.map,37,10,TP,0.5,500,1,156.578,1305,87
warehouse.map,38,10,TP,0.5,500,1,109.176,1276,72
warehouse.map,39,10,TP,0.5,500,1,130.126,1248,53
warehouse.map,88,50,TP,0.2,500,1,40.676,2358,223
warehouse.map,89,50,TP,0.2,500,1,39.598,2580,86
warehouse.map,90,50,TP,0.2,500,1,39.05,2695,118
warehouse.map,91,50,TP,0.2,500,1,40.724,2546,121
warehouse.map,44,10,TP,0.5,500,1,154.988,1244,46
warehouse.map,45,10,TP,0.5,500,1,124.846,1233,38
warehouse.map,46,10,TP,0.5,500,1,129.232,1269,68
warehouse.map,47,10,TP,0.5,500,1,118.69,1244,83
warehouse.map,32,10,TP,0.5,500,1,128.848,1251,109
warehouse.map,33,10,TP,0.5,500,1,121.336,1269,46
warehouse.map,34,10,TP,0.5,500,1,145.238,1445,47
warehouse.map,35,10,TP,0.5,500,1,110.612,1264,56
warehouse.map,40,10,TP,0.5,500,1,162.694,1269,75
warehouse.map,41,10,TP,0.5,500,1,116.606,1267,57
warehouse.map,42,10,TP,0.5,500,1,145.852,1298,125
warehouse.map,43,10,TP,0.5,500,1,110.326,1261,39
warehouse.map,92,50,TP,0.2,500,1,39.872,2765,110
warehouse.map,93,50,TP,0.2,500,1,39.33,2326,138
warehouse.map,94,50,TP,0.2,500,1,38.918,2474,138
warehouse.map,95,50,TP,0.2,500,1,39.938,2607,132
warehouse.map,48,10,TP,0.5,500,1,170.974,1330,95
warehouse.map,49,10,TP,0.5,500,1,137.714,1233,55
warehouse.map,50,10,TP,0.5,500,1,135.97,1257,44
warehouse.map,51,10,TP,0.5,500,1,156.04,1268,56
warehouse.map,52,10,TP,0.5,500,1,111.012,1292,60
warehouse.map,53,10,TP,0.5,500,1,132.086,1242,45
warehouse.map,54,10,TP,0.5,500,1,137.632,1251,50
warehouse.map,55,10,TP,0.5,500,1,134.502,1225,61
warehouse.map,64,10,TP,0.5,500,1,149.284,1243,81
warehouse.map,65,10,TP,0.5,500,1,138.164,1257,64
warehouse.map,66,10,TP,0.5,500,1,117.058,1228,65
warehouse.map,67,10,TP,0.5,500,1,139.772,1194,36
warehouse.map,56,10,TP,0.5,500,1,141.514,1290,55
warehouse.map,57,10,TP,0.5,500,1,138.186,1259,79
warehouse.map,58,10,TP,0.5,500,1,158.334,1309,72
warehouse.map,59,10,TP,0.5,500,1,103.838,1243,61
warehouse.map,60,10,TP,0.5,500,1,151.872,1293,72
warehouse.map,61,10,TP,0.5,500,1,133.614,1240,53
warehouse.map,62,10,TP,0.5,500,1,118.314,1229,55
warehouse.map,63,10,TP,0.5,500,1,94.294,1309,61
warehouse.map,68,10,TP,0.5,500,1,130.386,1289,75
warehouse.map,69,10,TP,0.5,500,1,138.734,1237,58
warehouse.map,70,10,TP,0.5,500,1,128.84,1249,62
warehouse.map,71,10,TP,0.5,500,1,121.056,1249,34
warehouse.map,72,10,TP,0.5,500,1,143.972,1264,77
warehouse.map,73,10,TP,0.5,500,1,145.586,1246,47
warehouse.map,74,10,TP,0.5,500,1,93.294,1271,72
warehouse.map,75,10,TP,0.5,500,1,121.648,1261,56
warehouse.map,76,10,TP,0.5,500,1,150.372,1309,64
warehouse.map,77,10,TP,0.5,500,1,145.85,1202,66
warehouse.map,78,10,TP,0.5,500,1,127.718,1261,65
warehouse.map,79,10,TP,0.5,500,1,136.95,1264,55
warehouse.map,96,10,TP,0.5,500,1,145.732,1273,51
warehouse.map,97,10,TP,0.5,500,1,121.81,1252,67
warehouse.map,98,10,TP,0.5,500,1,135.32,1222,43
warehouse.map,99,10,TP,0.5,500,1,119.646,1297,46
warehouse.map,84,10,TP,0.5,500,1,132.108,1253,57
warehouse.map,85,10,TP,0.5,500,1,134.106,1248,50
warehouse.map,86,10,TP,0.5,500,1,153.658,1301,66
warehouse.map,87,10,TP,0.5,500,1,119.54,1213,69
warehouse.map,80,10,TP,0.5,500,1,156.524,1325,102
warehouse.map,81,10,TP,0.5,500,1,125.888,1225,43
warehouse.map,82,10,TP,0.5,500,1,158.14,1250,77
warehouse.map,83,10,TP,0.5,500,1,127.304,1235,45
warehouse.map,92,10,TP,0.5,500,1,162.748,1309,83
warehouse.map,93,10,TP,0.5,500,1,134.424,1235,36
warehouse.map,94,10,TP,0.5,500,1,145.246,1258,80
warehouse.map,95,10,TP,0.5,500,1,131.824,1253,55
warehouse.map,88,10,TP,0.5,500,1,141.504,1237,47
warehouse.map,89,10,TP,0.5,500,1,142.388,1311,75
warehouse.map,90,10,TP,0.5,500,1,127.544,1256,60
warehouse.map,91,10,TP,0.5,500,1,131.806,1267,83
warehouse.map,12,20,TP,0.5,500,1,40.974,1037,177
warehouse.map,13,20,TP,0.5,500,1,41.508,1124,267
warehouse.map,14,20,TP,0.5,500,1,41.508,1055,172
warehouse.map,15,20,TP,0.5,500,1,41.884,1086,194
warehouse.map,40,20,TP,0.5,500,1,41.476,1024,179
warehouse.map,41,20,TP,0.5,500,1,40.334,1057,154
warehouse.map,42,20,TP,0.5,500,1,43.336,1074,217
warehouse.map,43,20,TP,0.5,500,1,40.41,1114,236
warehouse.map,4,20,TP,0.5,500,1,42.924,1070,218
warehouse.map,5,20,TP,0.5,500,1,42.554,1101,268
warehouse.map,6,20,TP,0.5,500,1,43.586,1095,267
warehouse.map,7,20,TP,0.5,500,1,41.384,1023,182
warehouse.map,20,20,TP,0.5,500,1,41.566,1094,212
warehouse.map,21,20,TP,0.5,500,1,41.272,1025,238
warehouse.map,22,20,TP,0.5,500,1,42.982,1108,237
warehouse.map,23,20,TP,0.5,500,1,41.696,1040,180
warehouse.map,28,20,TP,0.5,500,1,40.57,1025,182
warehouse.map,29,20,TP,0.5,500,1,41.688,1114,237
warehouse.map,30,20,TP,0.5,500,1,43.694,1110,267
warehouse.map,31,20,TP,0.5,500,1,41.49,1028,255
warehouse.map,32,20,TP,0.5,500,1,43.068,1034,293
warehouse.map,33,20,TP,0.5,500,1,41.402,1064,211
warehouse.map,34,20,TP,0.5,500,1,41.4,1055,146
warehouse.map,35,20,TP,0.5,500,1,42.472,1149,274
warehouse.map,0,20,TP,0.5,500,1,41.364,1058,197
warehouse.map,1,20,TP,0.5,500,1,41.95,1072,169
warehouse.map,2,20,TP,0.5,500,1,43.396,1024,285
warehouse.map,3,20,TP,0.5,500,1,44.494,1075,394
warehouse.map,16,20,TP,0.5,500,1,41.734,1053,288
warehouse.map,17,20,TP,0.5,500,1,42.866,1099,272
warehouse.map,18,20,TP,0.5,500,1,40.098,1082,179
warehouse.map,19,20,TP,0.5,500,1,42.142,1039,308
warehouse.map,24,20,TP,0.5,500,1,41.382,1081,319
warehouse.map,25,20,TP,0.5,500,1,42.946,1036,222
warehouse.map,26,20,TP,0.5,500,1,42.39,1062,272
warehouse.map,27,20,TP,0.5,500,1,42.968,1052,212
warehouse.map,36,20,TP,0.5,500,1,43.428,1102,319
warehouse.map,37,20,TP,0.5,500,1,43.242,1064,227
warehouse.map,38,20,TP,0.5,500,1,43.032,1111,292
warehouse.map,39,20,TP,0.5,500,1,41.33,1041,264
warehouse.map,44,20,TP,0.5,500,1,43.036,1051,226
warehouse.map,45,20,TP,0.5,500,1,40.414,1058,201
warehouse.map,46,20,TP,0.5,500,1,42.062,1081,158
warehouse.map,47,20,TP,0.5,500,1,42.348,1113,293
warehouse.map,8,20,TP,0.5,500,1,41.832,1066,268
warehouse.map,9,20,TP,0.5,500,1,44.448,1058,294
warehouse.map,10,20,TP,0.5,500,1,45.218,1059,333
warehouse.map,11,20,TP,0.5,500,1,43.426,1068,304
warehouse.map,48,20,TP,0.5,500,1,43.556,1027,268
warehouse.map,49,20,TP,0.5,500,1,41.626,1026,182
warehouse.map,50,20,TP,0.5,500,1,41.86,1056,252
warehouse.map,51,20,TP,0.5,500,1,43.598,1050,224
warehouse.map,52,20,TP,0.5,500,1,40.958,1088,191
warehouse.map,53,20,TP,0.5,500,1,41.966,1076,230
warehouse.map,54,20,TP,0.5,500,1,41.494,1047,216
warehouse.map,55,20,TP,0.5,500,1,39.274,1041,168
warehouse.map,56,20,TP,0.5,500,1,41.786,1052,182
warehouse.map,57,20,TP,0.5,500,1,42.162,1058,230
warehouse.map,58,20,TP,0.5,500,1,41.632,1061,207
warehouse.map,59,20,TP,0.5,500,1,40.682,1098,176
warehouse.map,68,20,TP,0.5,500,1,41.032,1103,266
warehouse.map,69,20,TP,0.5,500,1,42.442,1014,222
warehouse.map,70,20,TP,0.5,500,1,42.212,1065,258
warehouse.map,71,20,TP,0.5,500,1,41.416,1054,166
warehouse.map,64,20,TP,0.5,500,1,40.838,1043,155
warehouse.map,65,20,TP,0.5,500,1,44.578,1039,288
warehouse.map,66,20,TP,0.5,500,1,40.52,1043,227
warehouse.map,67,20,TP,0.5,500,1,44.066,1035,279
warehouse.map,60,20,TP,0.5,500,1,42.558,1066,344
warehouse.map,61,20,TP,0.5,500,1,41.29,1033,165
warehouse.map,62,20,TP,0.5,500,1,43.182,1138,370
warehouse.map,63,20,TP,0.5,500,1,41.824,1139,247
warehouse.map,92,20,TP,0.5,500,1,42.97,1063,245
warehouse.map,93,20,TP,0.5,500,1,41.03,1034,202
warehouse.map,94,20,TP,0.5,500,1,41.876,1069,221
warehouse.map,95,20,TP,0.5,500,1,42.598,1041,284
warehouse.map,76,20,TP,0.5,500,1,43.02,1064,405
warehouse.map,77,20,TP,0.5,500,1,41.64,995,169
warehouse.map,78,20,TP,0.5,500,1,42.118,1090,243
warehouse.map,79,20,TP,0.5,500,1,42.306,1068,219
warehouse.map,80,20,TP,0.5,500,1,43.328,1064,220
warehouse.map,81,20,TP,0.5,500,1,41.912,1089,173
warehouse.map,82,20,TP,0.5,500,1,44.51,1063,374
warehouse.map,83,20,TP,0.5,500,1,41.686,1032,181
warehouse.map,72,20,TP,0.5,500,1,44.126,1064,294
warehouse.map,73,20,TP,0.5,500,1,42.228,1039,280
warehouse.map,74,20,TP,0.5,500,1,42.448,1130,286
warehouse.map,75,20,TP,0.5,500,1,42.62,1105,214
warehouse.map,88,20,TP,0.5,500,1,41.356,1084,252
warehouse.map,89,20,TP,0.5,500,1,41.636,1097,218
warehouse.map,90,20,TP,0.5,500,1,41.618,1075,244
warehouse.map,91,20,TP,0.5,500,1,42.036,1041,247
warehouse.map,84,20,TP,0.5,500,1,42.52,1079,215
warehouse.map,85,20,TP,0.5,500,1,44.074,1107,342
warehouse.map,86,20,TP,0.5,500,1,42.216,1067,210
warehouse.map,87,20,TP,0.5,500,1,40.834,1054,296
warehouse.map,0,30,TP,0.5,500,1,41.708,1060,232
warehouse.map,1,30,TP,0.5,500,1,42.218,1074,189
warehouse.map,2,30,TP,0.5,500,1,43.37,1022,344
warehouse.map,3,30,TP,0.5,500,1,42.838,1073,240
warehouse.map,96,20,TP,0.5,500,1,43.246,1082,263
warehouse.map,97,20,TP,0.5,500,1,42.114,1071,343
warehouse.map,98,20,TP,0.5,500,1,41.492,1048,207
warehouse.map,99,20,TP,0.5,500,1,42.222,1112,240
warehouse.map,4,30,TP,0.5,500,1,42.422,1081,232
warehouse.map,5,30,TP,0.5,500,1,43.954,1093,388
warehouse.map,6,30,TP,0.5,500,1,43.038,1095,264
warehouse.map,7,30,TP,0.5,500,1,42.716,1038,209
warehouse.map,28,30,TP,0.5,500,1,40.47,1023,171
warehouse.map,29,30,TP,0.5,500,1,43.164,1128,345
warehouse.map,30,30,TP,0.5,500,1,41.796,1095,233
warehouse.map,31,30,TP,0.5,500,1,42.306,1013,289
warehouse.map,20,30,TP,0.5,500,1,42.21,1070,285
warehouse.map,21,30,TP,0.5,500,1,41.658,1022,224
warehouse.map,22,30,TP,0.5,500,1,42.802,1097,217
warehouse.map,23,30,TP,0.5,500,1,42.45,1049,402
warehouse.map,12,30,TP,0.5,500,1,41.834,1050,338
warehouse.map,13,30,TP,0.5,500,1,43.426,1132,356
warehouse.map,14,30,TP,0.5,500,1,41.298,1051,197
warehouse.map,15,30,TP,0.5,500,1,41.814,1081,218
warehouse.map,16,30,TP,0.5,500,1,42.546,1071,340
warehouse.map,17,30,TP,0.5,500,1,43.234,1090,309
warehouse.map,18,30,TP,0.5,500,1,40.474,1081,223
warehouse.map,19,30,TP,0.5,500,1,42.198,1045,275
warehouse.map,32,30,TP,0.5,500,1,42.862,1021,318
warehouse.map,33,30,TP,0.5,500,1,42.678,1118,284
warehouse.map,34,30,TP,0.5,500,1,41.774,1054,226
warehouse.map,35,30,TP,0.5,500,1,41.94,1153,341
warehouse.map,36,30,TP,0.5,500,1,42.474,1099,221
warehouse.map,37,30,TP,0.5,500,1,42.782,1074,261
warehouse.map,38,30,TP,0.5,500,1,42.622,1125,259
warehouse.map,39,30,TP,0.5,500,1,42.23,1047,313
warehouse.map,24,30,TP,0.5,500,1,40.886,1085,195
warehouse.map,25,30,TP,0.5,500,1,43.736,1044,278
warehouse.map,26,30,TP,0.5,500,1,41.958,1040,235
warehouse.map,27,30,TP,0.5,500,1,44.968,1081,445
warehouse.map,8,30,TP,0.5,500,1,42.256,1057,287
warehouse.map,9,30,TP,0.5,500,1,44.16,1040,313
warehouse.map,10,30,TP,0.5,500,1,45.21,1053,526
warehouse.map,11,30,TP,0.5,500,1,42.384,1057,364
warehouse.map,40,30,TP,0.5,500,1,42.57,1040,380
warehouse.map,41,30,TP,0.5,500,1,42.27,1069,410
warehouse.map,42,30,TP,0.5,500,1,43.19,1071,261
warehouse.map,43,30,TP,0.5,500,1,42.79,1107,353
warehouse.map,48,30,TP,0.5,500,1,42.828,1021,261
warehouse.map,49,30,TP,0.5,500,1,41.894,1024,183
warehouse.map,50,30,TP,0.5,500,1,42.074,1052,335
warehouse.map,51,30,TP,0.5,500,1,42.832,1074,281
warehouse.map,52,30,TP,0.5,500,1,42.156,1078,228
warehouse.map,53,30,TP,0.5,500,1,43.904,1089,386
warehouse.map,54,30,TP,0.5,500,1,42.924,1046,256
warehouse.map,55,30,TP,0.5,500,1,40.99,1037,240
warehouse.map,44,30,TP,0.5,500,1,42.93,1053,308
warehouse.map,45,30,TP,0.5,500,1,41.208,1058,250
warehouse.map,46,30,TP,0.5,500,1,42.558,1080,280
warehouse.map,47,30,TP,0.5,500,1,43.596,1107,431
warehouse.map,56,30,TP,0.5,500,1,42.53,1057,296
warehouse.map,57,30,TP,0.5,500,1,41.662,1059,324
warehouse.map,58,30,TP,0.5,500,1,42.488,1070,255
warehouse.map,59,30,TP,0.5,500,1,40.85,1109,179
warehouse.map,60,30,TP,0.5,500,1,44.1,1080,407
warehouse.map,61,30,TP,0.5,500,1,41.926,1041,296
warehouse.map,62,30,TP,0.5,500,1,42.986,1123,330
warehouse.map,63,30,TP,0.5,500,1,41.786,1144,116
warehouse.map,64,30,TP,0.5,500,1,41.386,1039,224
warehouse.map,65,30,TP,0.5,500,1,42.676,1024,289
warehouse.map,66,30,TP,0.5,500,1,41.316,1024,248
warehouse.map,67,30,TP,0.5,500,1,42.384,1023,251
warehouse.map,72,30,TP,0.5,500,1,42.98,1059,310
warehouse.map,73,30,TP,0.5,500,1,42.482,1039,257
warehouse.map,74,30,TP,0.5,500,1,41.314,1126,212
warehouse.map,75,30,TP,0.5,500,1,41.998,1093,341
warehouse.map,68,30,TP,0.5,500,1,41.474,1092,275
warehouse.map,69,30,TP,0.5,500,1,42.46,1004,238
warehouse.map,70,30,TP,0.5,500,1,41.654,1064,275
warehouse.map,71,30,TP,0.5,500,1,41.566,1052,218
warehouse.map,76,30,TP,0.5,500,1,44.392,1070,356
warehouse.map,77,30,TP,0.5,500,1,42.516,992,280
warehouse.map,78,30,TP,0.5,500,1,42.16,1077,204
warehouse.map,79,30,TP,0.5,500,1,42.34,1077,218
warehouse.map,88,30,TP,0.5,500,1,41.59,1088,281
warehouse.map,89,30,TP,0.5,500,1,42.924,1093,273
warehouse.map,90,30,TP,0.5,500,1,42.586,1091,310
warehouse.map,91,30,TP,0.5,500,1,42.938,1042,298
warehouse.map,80,30,TP,0.5,500,1,44.278,1068,349
warehouse.map,81,30,TP,0.5,500,1,42.15,1092,257
warehouse.map,82,30,TP,0.5,500,1,45.38,1059,367
warehouse.map,83,30,TP,0.5,500,1,42.108,1036,231
warehouse.map,84,30,TP,0.5,500,1,42.834,1084,311
warehouse.map,85,30,TP,0.5,500,1,44.924,1111,363
warehouse.map,86,30,TP,0.5,500,1,42.834,1046,228
warehouse.map,87,30,TP,0.5,500,1,40.782,1063,271
warehouse.map,92,30,TP,0.5,500,1,42.996,1054,248
warehouse.map,93,30,TP,0.5,500,1,42.484,1032,280
warehouse.map,94,30,TP,0.5,500,1,42.632,1077,312
warehouse.map,95,30,TP,0.5,500,1,41.856,1052,255
warehouse.map,96,30,TP,0.5,500,1,44.314,1099,373
warehouse.map,97,30,TP,0.5,500,1,42.286,1074,415
warehouse.map,98,30,TP,0.5,500,1,42.07,1047,224
warehouse.map,99,30,TP,0.5,500,1,42.492,1111,275
warehouse.map,16,40,TP,0.5,500,1,42.514,1068,330
warehouse.map,17,40,TP,0.5,500,1,41.626,1089,190
warehouse.map,18,40,TP,0.5,500,1,40.644,1080,237
warehouse.map,19,40,TP,0.5,500,1,41.274,1029,241
warehouse.map,0,40,TP,0.5,500,1,42.63,1078,227
warehouse.map,1,40,TP,0.5,500,1,43.724,1084,255
warehouse.map,2,40,TP,0.5,500,1,44.084,1035,400
warehouse.map,3,40,TP,0.5,500,1,42.268,1073,228
warehouse.map,12,40,TP,0.5,500,1,41.57,1030,226
warehouse.map,13,40,TP,0.5,500,1,42.972,1132,227
warehouse.map,14,40,TP,0.5,500,1,41.882,1060,282
warehouse.map,15,40,TP,0.5,500,1,42.034,1083,260
warehouse.map,24,40,TP,0.5,500,1,42.208,1083,205
warehouse.map,25,40,TP,0.5,500,1,43.538,1039,265
warehouse.map,26,40,TP,0.5,500,1,42.73,1033,316
warehouse.map,27,40,TP,0.5,500,1,43.51,1057,302
warehouse.map,28,40,TP,0.5,500,1,40.472,1025,210
warehouse.map,29,40,TP,0.5,500,1,42.154,1125,239
warehouse.map,30,40,TP,0.5,500,1,43.792,1096,315
warehouse.map,31,40,TP,0.5,500,1,42.758,1015,305
warehouse.map,8,40,TP,0.5,500,1,42.116,1052,320
warehouse.map,9,40,TP,0.5,500,1,44.32,1039,301
warehouse.map,10,40,TP,0.5,500,1,44.396,1046,350
warehouse.map,11,40,TP,0.5,500,1,41.954,1064,296
warehouse.map,32,40,TP,0.5,500,1,42.414,1025,290
warehouse.map,33,40,TP,0.5,500,1,42.206,1109,228
warehouse.map,34,40,TP,0.5,500,1,42.422,1048,158
warehouse.map,35,40,TP,0.5,500,1,43.818,1151,392
warehouse.map,4,40,TP,0.5,500,1,41.65,1078,245
warehouse.map,5,40,TP,0.5,500,1,45.042,1095,418
warehouse.map,6,40,TP,0.5,500,1,43.592,1100,312
warehouse.map,7,40,TP,0.5,500,1,43.212,1034,318
warehouse.map,36,40,TP,0.5,500,1,42.17,1100,280
warehouse.map,37,40,TP,0.5,500,1,43.9,1074,311
warehouse.map,38,40,TP,0.5,500,1,42.476,1123,251
warehouse.map,39,40,TP,0.5,500,1,42.362,1038,407
warehouse.map,20,40,TP,0.5,500,1,42.718,1068,276
warehouse.map,21,40,TP,0.5,500,1,43.578,1028,438
warehouse.map,22,40,TP,0.5,500,1,43.39,1105,279
warehouse.map,23,40,TP,0.5,500,1,43.196,1030,288
warehouse.map,40,40,TP,0.5,500,1,42.836,1019,320
warehouse.map,41,40,TP,0.5,500,1,42.256,1077,362
warehouse.map,42,40,TP,0.5,500,1,43.492,1063,288
warehouse.map,43,40,TP,0.5,500,1,42.198,1093,314
warehouse.map,64,40,TP,0.5,500,1,42.24,1045,197
warehouse.map,65,40,TP,0.5,500,1,44.254,1027,305
warehouse.map,66,40,TP,0.5,500,1,40.714,1023,195
warehouse.map,67,40,TP,0.5,500,1,43.016,1006,262
warehouse.map,56,40,TP,0.5,500,1,42.054,1060,241
warehouse.map,57,40,TP,0.5,500,1,41.77,1073,229
warehouse.map,58,40,TP,0.5,500,1,43.276,1072,311
warehouse.map,59,40,TP,0.5,500,1,40.352,1097,168
warehouse.map,48,40,TP,0.5,500,1,44.448,1030,303
warehouse.map,49,40,TP,0.5,500,1,41.618,1031,216
warehouse.map,50,40,TP,0.5,500,1,42.7,1069,306
warehouse.map,51,40,TP,0.5,500,1,43.79,1051,397
warehouse.map,60,40,TP,0.5,500,1,42.208,1074,219
warehouse.map,61,40,TP,0.5,500,1,41.804,1026,286
warehouse.map,62,40,TP,0.5,500,1,43.008,1142,334
warehouse.map,63,40,TP,0.5,500,1,41.798,1144,202
warehouse.map,52,40,TP,0.5,500,1,41.748,1086,250
warehouse.map,53,40,TP,0.5,500,1,43.936,1068,329
warehouse.map,54,40,TP,0.5,500,1,42.02,1080,202
warehouse.map,55,40,TP,0.5,500,1,40.824,1036,162
warehouse.map,68,40,TP,0.5,500,1,42.036,1093,215
warehouse.map,69,40,TP,0.5,500,1,42.554,1018,291
warehouse.map,70,40,TP,0.5,500,1,41.084,1056,258
warehouse.map,71,40,TP,0.5,500,1,41.644,1040,238
warehouse.map,44,40,TP,0.5,500,1,42.362,1050,249
warehouse.map,45,40,TP,0.5,500,1,41.436,1070,209
warehouse.map,46,40,TP,0.5,500,1,42.53,1082,285
warehouse.map,47,40,TP,0.5,500,1,43.544,1125,328
warehouse.map,76,40,TP,0.5,500,1,43.226,1059,304
warehouse.map,77,40,TP,0.5,500,1,42.526,1002,292
warehouse.map,78,40,TP,0.5,500,1,41.918,1072,188
warehouse.map,79,40,TP,0.5,500,1,41.95,1069,263
warehouse.map,72,40,TP,0.5,500,1,42.38,1059,201
warehouse.map,73,40,TP,0.5,500,1,42.08,1040,265
warehouse.map,74,40,TP,0.5,500,1,41.828,1144,253
warehouse.map,75,40,TP,0.5,500,1,42.576,1103,331
warehouse.map,84,40,TP,0.5,500,1,43.26,1079,275
warehouse.map,85,40,TP,0.5,500,1,43.402,1103,243
warehouse.map,86,40,TP,0.5,500,1,43.552,1051,276
warehouse.map,87,40,TP,0.5,500,1,41.492,1083,274
warehouse.map,80,40,TP,0.5,500,1,43.164,1075,348
warehouse.map,81,40,TP,0.5,500,1,41.686,1102,200
warehouse.map,82,40,TP,0.5,500,1,44.226,1054,299
warehouse.map,83,40,TP,0.5,500,1,42.972,1030,339
warehouse.map,0,50,TP,0.5,500,1,42.252,1069,211
warehouse.map,1,50,TP,0.5,500,1,42.022,1060,231
warehouse.map,2,50,TP,0.5,500,1,44.072,1009,359
warehouse.map,3,50,TP,0.5,500,1,41.814,1062,175
warehouse.map,88,40,TP,0.5,500,1,41.854,1076,289
warehouse.map,89,40,TP,0.5,500,1,42.138,1093,224
warehouse.map,90,40,TP,0.5,500,1,42.042,1078,343
warehouse.map,91,40,TP,0.5,500,1,42.656,1032,269
warehouse.map,96,40,TP,0.5,500,1,43.564,1077,307
warehouse.map,97,40,TP,0.5,500,1,42.282,1066,260
warehouse.map,98,40,TP,0.5,500,1,41.34,1038,184
warehouse.map,99,40,TP,0.5,500,1,41.464,1106,218
warehouse.map,92,40,TP,0.5,500,1,44.192,1076,381
warehouse.map,93,40,TP,0.5,500,1,42.544,1035,269
warehouse.map,94,40,TP,0.5,500,1,42.148,1047,217
warehouse.map,95,40,TP,0.5,500,1,41.752,1034,277
warehouse.map,4,50,TP,0.5,500,1,42.502,1064,232
warehouse.map,5,50,TP,0.5,500,1,44.528,1094,416
warehouse.map,6,50,TP,0.5,500,1,44.206,1099,334
warehouse.map,7,50,TP,0.5,500,1,42.52,1033,200
warehouse.map,12,50,TP,0.5,500,1,41.896,1037,245
warehouse.map,13,50,TP,0.5,500,1,42.768,1124,280
warehouse.map,14,50,TP,0.5,500,1,42.308,1060,207
warehouse.map,15,50,TP,0.5,500,1,42.526,1084,242
warehouse.map,16,50,TP,0.5,500,1,42.384,1056,324
warehouse.map,17,50,TP,0.5,500,1,42.178,1085,238
warehouse.map,18,50,TP,0.5,500,1,40.25,1081,206
warehouse.map,19,50,TP,0.5,500,1,41.668,1047,234
warehouse.map,28,50,TP,0.5,500,1,41.016,1027,226
warehouse.map,29,50,TP,0.5,500,1,41.776,1116,231
warehouse.map,30,50,TP,0.5,500,1,43.692,1096,292
warehouse.map,31,50,TP,0.5,500,1,42.206,1031,219
warehouse.map,20,50,TP,0.5,500,1,43.716,1060,320
warehouse.map,21,50,TP,0.5,500,1,43.31,1024,368
warehouse.map,22,50,TP,0.5,500,1,41.45,1099,200
warehouse.map,23,50,TP,0.5,500,1,42.828,1031,261
warehouse.map,8,50,TP,0.5,500,1,42.02,1060,263
warehouse.map,9,50,TP,0.5,500,1,44.074,1066,351
warehouse.map,10,50,TP,0.5,500,1,46.004,1055,472
warehouse.map,11,50,TP,0.5,500,1,42.974,1048,363
warehouse.map,32,50,TP,0.5,500,1,42.61,1030,374
warehouse.map,33,50,TP,0.5,500,1,42.64,1106,204
warehouse.map,34,50,TP,0.5,500,1,42.822,1053,169
warehouse.map,35,50,TP,0.5,500,1,43.298,1166,378
warehouse.map,56,50,TP,0.5,500,1,41.956,1059,215
warehouse.map,57,50,TP,0.5,500,1,41.9,1064,205
warehouse.map,58,50,TP,0.5,500,1,42.284,1082,231
warehouse.map,59,50,TP,0.5,500,1,40.84,1099,173
warehouse.map,64,50,TP,0.5,500,1,41.406,1047,177
warehouse.map,65,50,TP,0.5,500,1,43.342,1041,242
warehouse.map,66,50,TP,0.5,500,1,40.922,1041,201
warehouse.map,67,50,TP,0.5,500,1,42.664,1019,195
warehouse.map,52,50,TP,0.5,500,1,42.302,1094,204
warehouse.map,53,50,TP,0.5,500,1,42.69,1083,321
warehouse.map,54,50,TP,0.5,500,1,41.216,1054,228
warehouse.map,55,50,TP,0.5,500,1,40.328,1038,192
warehouse.map,24,50,TP,0.5,500,1,40.844,1075,154
warehouse.map,25,50,TP,0.5,500,1,43.806,1044,313
warehouse.map,26,50,TP,0.5,500,1,43.368,1040,282
warehouse.map,27,50,TP,0.5,500,1,44.016,1110,526
warehouse.map,48,50,TP,0.5,500,1,44.586,1056,254
warehouse.map,49,50,TP,0.5,500,1,42.708,1026,257
warehouse.map,50,50,TP,0.5,500,1,41.89,1054,201
warehouse.map,51,50,TP,0.5,500,1,44.728,1047,372
warehouse.map,36,50,TP,0.5,500,1,42.086,1091,242
warehouse.map,37,50,TP,0.5,500,1,42.81,1073,197
warehouse.map,38,50,TP,0.5,500,1,42.626,1123,260
warehouse.map,39,50,TP,0.5,500,1,41.984,1042,437
warehouse.map,68,50,TP,0.5,500,1,42.51,1109,218
warehouse.map,69,50,TP,0.5,500,1,42.226,1012,244
warehouse.map,70,50,TP,0.5,500,1,41.83,1074,218
warehouse.map,71,50,TP,0.5,500,1,41.944,1047,221
warehouse.map,44,50,TP,0.5,500,1,43.36,1038,302
warehouse.map,45,50,TP,0.5,500,1,42.44,1059,224
warehouse.map,46,50,TP,0.5,500,1,42.646,1081,262
warehouse.map,47,50,TP,0.5,500,1,43.792,1115,340
warehouse.map,40,50,TP,0.5,500,1,44.05,1035,322
warehouse.map,41,50,TP,0.5,500,1,41.854,1070,242
warehouse.map,42,50,TP,0.5,500,1,45.116,1083,319
warehouse.map,43,50,TP,0.5,500,1,41.882,1093,285
warehouse.map,60,50,TP,0.5,500,1,43.1,1077,263
warehouse.map,61,50,TP,0.5,500,1,43.0,1046,290
warehouse.map,62,50,TP,0.5,500,1,41.874,1118,244
warehouse.map,63,50,TP,0.5,500,1,42.574,1142,316
warehouse.map,0,10,TP,1,500,1,322.79,1190,33
warehouse.map,1,10,TP,1,500,1,338.878,1193,46
warehouse.map,2,10,TP,1,500,1,305.944,1154,39
warehouse.map,3,10,TP,1,500,1,320.392,1199,65
warehouse.map,8,10,TP,1,500,1,316.972,1198,61
warehouse.map,9,10,TP,1,500,1,340.902,1234,51
warehouse.map,10,10,TP,1,500,1,322.696,1187,34
warehouse.map,11,10,TP,1,500,1,322.832,1226,46
warehouse.map,4,10,TP,1,500,1,313.22,1191,51
warehouse.map,5,10,TP,1,500,1,333.026,1185,53
warehouse.map,6,10,TP,1,500,1,320.078,1159,52
warehouse.map,7,10,TP,1,500,1,324.478,1177,53
warehouse.map,72,50,TP,0.5,500,1,42.654,1055,240
warehouse.map,73,50,TP,0.5,500,1,41.934,1047,246
warehouse.map,74,50,TP,0.5,500,1,41.52,1142,267
warehouse.map,75,50,TP,0.5,500,1,41.946,1110,181
warehouse.map,12,10,TP,1,500,1,312.806,1157,48
warehouse.map,13,10,TP,1,500,1,322.312,1181,46
warehouse.map,14,10,TP,1,500,1,315.974,1167,50
warehouse.map,15,10,TP,1,500,1,310.566,1135,42
warehouse.map,76,50,TP,0.5,500,1,43.656,1076,293
warehouse.map,77,50,TP,0.5,500,1,42.11,991,259
warehouse.map,78,50,TP,0.5,500,1,42.17,1086,200
warehouse.map,79,50,TP,0.5,500,1,42.524,1066,255
warehouse.map,80,50,TP,0.5,500,1,43.012,1068,250
warehouse.map,81,50,TP,0.5,500,1,40.906,1097,197
warehouse.map,82,50,TP,0.5,500,1,44.594,1070,348
warehouse.map,83,50,TP,0.5,500,1,42.558,1048,271
warehouse.map,16,10,TP,1,500,1,312.286,1173,43
warehouse.map,17,10,TP,1,500,1,341.062,1177,52
warehouse.map,18,10,TP,1,500,1,320.85,1173,162
warehouse.map,19,10,TP,1,500,1,303.052,1161,49
warehouse.map,88,50,TP,0.5,500,1,41.956,1083,285
warehouse.map,89,50,TP,0.5,500,1,42.132,1084,207
warehouse.map,90,50,TP,0.5,500,1,42.572,1070,269
warehouse.map,91,50,TP,0.5,500,1,42.846,1039,206
warehouse.map,20,10,TP,1,500,1,342.866,1214,57
warehouse.map,21,10,TP,1,500,1,344.004,1197,51
warehouse.map,22,10,TP,1,500,1,350.862,1231,50
warehouse.map,23,10,TP,1,500,1,325.886,1185,53
warehouse.map,24,10,TP,1,500,1,313.102,1171,56
warehouse.map,25,10,TP,1,500,1,303.486,1176,46
warehouse.map,26,10,TP,1,500,1,335.574,1157,50
warehouse.map,27,10,TP,1,500,1,338.412,1244,51
warehouse.map,28,10,TP,1,500,1,326.762,1157,34
warehouse.map,29,10,TP,1,500,1,313.098,1186,44
warehouse.map,30,10,TP,1,500,1,340.796,1207,54
warehouse.map,31,10,TP,1,500,1,313.26,1188,34
warehouse.map,36,10,TP,1,500,1,325.88,1178,93
warehouse.map,37,10,TP,1,500,1,321.574,1167,52
warehouse.map,38,10,TP,1,500,1,322.26,1162,49
warehouse.map,39,10,TP,1,500,1,310.464,1137,27
warehouse.map,32,10,TP,1,500,1,326.094,1167,44
warehouse.map,33,10,TP,1,500,1,323.152,1204,121
warehouse.map,34,10,TP,1,500,1,314.926,1148,42
warehouse.map,35,10,TP,1,500,1,305.888,1170,46
warehouse.map,96,50,TP,0.5,500,1,44.686,1101,316
warehouse.map,97,50,TP,0.5,500,1,41.344,1077,232
warehouse.map,98,50,TP,0.5,500,1,42.04,1045,243
warehouse.map,99,50,TP,0.5,500,1,41.896,1117,183
warehouse.map,40,10,TP,1,500,1,341.166,1229,49
warehouse.map,41,10,TP,1,500,1,315.69,1113,62
warehouse.map,42,10,TP,1,500,1,344.492,1221,58
warehouse.map,43,10,TP,1,500,1,353.91,1245,49
warehouse.map,92,50,TP,0.5,500,1,43.932,1079,380
warehouse.map,93,50,TP,0.5,500,1,41.83,1038,251
warehouse.map,94,50,TP,0.5,500,1,42.304,1062,267
warehouse.map,95,50,TP,0.5,500,1,42.572,1031,273
warehouse.map,52,10,TP,1,500,1,315.872,1146,36
warehouse.map,53,10,TP,1,500,1,303.524,1159,45
warehouse.map,54,10,TP,1,500,1,328.796,1215,75
warehouse.map,55,10,TP,1,500,1,328.998,1194,32
warehouse.map,84,50,TP,0.5,500,1,43.482,1080,300
warehouse.map,85,50,TP,0.5,500,1,44.27,1103,341
warehouse.map,86,50,TP,0.5,500,1,43.7,1059,288
warehouse.map,87,50,TP,0.5,500,1,41.856,1079,379
warehouse.map,44,10,TP,1,500,1,342.548,1223,45
warehouse.map,45,10,TP,1,500,1,324.738,1171,49
warehouse.map,46,10,TP,1,500,1,344.754,1222,36
warehouse.map,47,10,TP,1,500,1,330.328,1185,60
warehouse.map,60,10,TP,1,500,1,290.82,1143,52
warehouse.map,61,10,TP,1,500,1,313.108,1166,43
warehouse.map,62,10,TP,1,500,1,320.836,1169,42
warehouse.map,63,10,TP,1,500,1,319.274,1151,40
warehouse.map,56,10,TP,1,500,1,314.056,1188,35
warehouse.map,57,10,TP,1,500,1,331.668,1157,50
warehouse.map,58,10,TP,1,500,1,336.006,1199,93
warehouse.map,59,10,TP,1,500,1,318.222,1173,42
warehouse.map,64,10,TP,1,500,1,327.138,1194,37
warehouse.map,65,10,TP,1,500,1,318.614,1181,63
warehouse.map,66,10,TP,1,500,1,318.568,1147,47
warehouse.map,67,10,TP,1,500,1,323.964,1211,69
warehouse.map,48,10,TP,1,500,1,321.1,1163,63
warehouse.map,49,10,TP,1,500,1,335.988,1159,47
warehouse.map,50,10,TP,1,500,1,325.406,1160,39
warehouse.map,51,10,TP,1,500,1,345.306,1215,109
warehouse.map,68,10,TP,1,500,1,314.74,1167,46
warehouse.map,69,10,TP,1,500,1,313.554,1151,58
warehouse.map,70,10,TP,1,500,1,321.078,1181,59
warehouse.map,71,10,TP,1,500,1,312.182,1154,57
warehouse.map,76,10,TP,1,500,1,342.88,1177,61
warehouse.map,77,10,TP,1,500,1,344.122,1198,46
warehouse.map,78,10,TP,1,500,1,305.464,1128,34
warehouse.map,79,10,TP,1,500,1,329.958,1170,42
warehouse.map,72,10,TP,1,500,1,305.546,1170,29
warehouse.map,73,10,TP,1,500,1,345.168,1210,50
warehouse.map,74,10,TP,1,500,1,312.592,1145,51
warehouse.map,75,10,TP,1,500,1,325.428,1205,53
warehouse.map,80,10,TP,1,500,1,300.68,1325,64
warehouse.map,81,10,TP,1,500,1,330.266,1204,64
warehouse.map,82,10,TP,1,500,1,333.474,1164,51
warehouse.map,83,10,TP,1,500,1,307.106,1140,45
warehouse.map,84,10,TP,1,500,1,324.05,1155,37
warehouse.map,85,10,TP,1,500,1,348.86,1222,66
warehouse.map,86,10,TP,1,500,1,334.44,1192,37
warehouse.map,87,10,TP,1,500,1,323.264,1187,51
warehouse.map,88,10,TP,1,500,1,346.576,1198,111
warehouse.map,89,10,TP,1,500,1,337.376,1200,42
warehouse.map,90,10,TP,1,500,1,311.358,1145,39
warehouse.map,91,10,TP,1,500,1,343.736,1196,33
warehouse.map,92,10,TP,1,500,1,337.078,1215,49
warehouse.map,93,10,TP,1,500,1,336.258,1187,84
warehouse.map,94,10,TP,1,500,1,322.246,1175,44
warehouse.map,95,10,TP,1,500,1,334.712,1192,36
warehouse.map,96,10,TP,1,500,1,327.99,1237,63
warehouse.map,97,10,TP,1,500,1,327.036,1149,59
warehouse.map,98,10,TP,1,500,1,321.328,1157,39
warehouse.map,99,10,TP,1,500,1,362.652,1256,77
warehouse.map,4,20,TP,1,500,1,97.598,694,114
warehouse.map,5,20,TP,1,500,1,95.294,703,119
warehouse.map,6,20,TP,1,500,1,100.028,665,139
warehouse.map,7,20,TP,1,500,1,96.892,685,76
warehouse.map,12,20,TP,1,500,1,96.714,715,140
warehouse.map,13,20,TP,1,500,1,92.184,680,61
warehouse.map,14,20,TP,1,500,1,103.664,700,139
warehouse.map,15,20,TP,1,500,1,89.888,671,75
warehouse.map,28,20,TP,1,500,1,100.816,667,99
warehouse.map,29,20,TP,1,500,1,95.524,685,85
warehouse.map,30,20,TP,1,500,1,97.684,695,98
warehouse.map,31,20,TP,1,500,1,94.858,679,84
warehouse.map,0,20,TP,1,500,1,99.656,732,98
warehouse.map,1,20,TP,1,500,1,112.986,737,153
warehouse.map,2,20,TP,1,500,1,87.486,674,80
warehouse.map,3,20,TP,1,500,1,99.978,710,158
warehouse.map,20,20,TP,1,500,1,98.31,690,76
warehouse.map,21,20,TP,1,500,1,109.092,705,120
warehouse.map,22,20,TP,1,500,1,100.134,725,115
warehouse.map,23,20,TP,1,500,1,92.688,685,132
warehouse.map,24,20,TP,1,500,1,92.434,678,122
warehouse.map,25,20,TP,1,500,1,102.898,679,155
warehouse.map,26,20,TP,1,500,1,104.668,695,130
warehouse.map,27,20,TP,1,500,1,105.724,696,109
warehouse.map,8,20,TP,1,500,1,99.138,718,225
warehouse.map,9,20,TP,1,500,1,112.488,761,165
warehouse.map,10,20,TP,1,500,1,96.018,783,127
warehouse.map,11,20,TP,1,500,1,102.04,724,115
warehouse.map,32,20,TP,1,500,1,97.262,688,127
warehouse.map,33,20,TP,1,500,1,92.802,688,163
warehouse.map,34,20,TP,1,500,1,90.502,671,77
warehouse.map,35,20,TP,1,500,1,88.236,670,84
warehouse.map,44,20,TP,1,500,1,101.652,714,111
warehouse.map,45,20,TP,1,500,1,100.25,687,120
warehouse.map,46,20,TP,1,500,1,104.204,732,88
warehouse.map,47,20,TP,1,500,1,99.51,703,114
warehouse.map,36,20,TP,1,500,1,96.234,687,180
warehouse.map,37,20,TP,1,500,1,92.574,671,109
warehouse.map,38,20,TP,1,500,1,99.33,673,115
warehouse.map,39,20,TP,1,500,1,96.236,702,160
warehouse.map,16,20,TP,1,500,1,89.286,670,65
warehouse.map,17,20,TP,1,500,1,112.226,694,167
warehouse.map,18,20,TP,1,500,1,105.784,662,425
warehouse.map,19,20,TP,1,500,1,96.206,695,113
warehouse.map,64,20,TP,1,500,1,93.968,686,93
warehouse.map,65,20,TP,1,500,1,92.622,685,119
warehouse.map,66,20,TP,1,500,1,91.252,703,95
warehouse.map,67,20,TP,1,500,1,100.23,697,133
warehouse.map,48,20,TP,1,500,1,98.526,664,96
warehouse.map,49,20,TP,1,500,1,100.82,701,135
warehouse.map,50,20,TP,1,500,1,106.156,704,127
warehouse.map,51,20,TP,1,500,1,108.608,720,157
warehouse.map,40,20,TP,1,500,1,110.764,721,136
warehouse.map,41,20,TP,1,500,1,94.952,664,166
warehouse.map,42,20,TP,1,500,1,103.256,701,104
warehouse.map,43,20,TP,1,500,1,110.93,740,113
warehouse.map,60,20,TP,1,500,1,78.798,653,76
warehouse.map,61,20,TP,1,500,1,92.472,699,110
warehouse.map,62,20,TP,1,500,1,102.98,711,111
warehouse.map,63,20,TP,1,500,1,87.882,664,112
warehouse.map,56,20,TP,1,500,1,97.766,701,94
warehouse.map,57,20,TP,1,500,1,103.256,694,133
warehouse.map,58,20,TP,1,500,1,99.882,682,88
warehouse.map,59,20,TP,1,500,1,106.692,702,143
warehouse.map,52,20,TP,1,500,1,102.902,679,162
warehouse.map,53,20,TP,1,500,1,93.012,687,163
warehouse.map,54,20,TP,1,500,1,97.612,724,113
warehouse.map,55,20,TP,1,500,1,108.44,765,163
warehouse.map,68,20,TP,1,500,1,91.762,664,100
warehouse.map,69,20,TP,1,500,1,103.208,685,189
warehouse.map,70,20,TP,1,500,1,94.436,686,157
warehouse.map,71,20,TP,1,500,1,91.244,676,111
warehouse.map,76,20,TP,1,500,1,104.13,701,140
warehouse.map,77,20,TP,1,500,1,109.34,704,161
warehouse.map,78,20,TP,1,500,1,88.68,707,116
warehouse.map,79,20,TP,1,500,1,96.436,684,79
warehouse.map,80,20,TP,1,500,1,95.122,771,140
warehouse.map,81,20,TP,1,500,1,93.716,682,113
warehouse.map,82,20,TP,1,500,1,98.95,705,80
warehouse.map,83,20,TP,1,500,1,88.102,650,68
warehouse.map,72,20,TP,1,500,1,99.318,692,138
warehouse.map,73,20,TP,1,500,1,104.186,707,107
warehouse.map,74,20,TP,1,500,1,101.126,688,171
warehouse.map,75,20,TP,1,500,1,99.31,696,109
warehouse.map,84,20,TP,1,500,1,97.192,698,240
warehouse.map,85,20,TP,1,500,1,112.112,721,159
warehouse.map,86,20,TP,1,500,1,110.53,715,125
warehouse.map,87,20,TP,1,500,1,95.86,696,106
warehouse.map,88,20,TP,1,500,1,120.046,715,238
warehouse.map,89,20,TP,1,500,1,111.884,714,140
warehouse.map,90,20,TP,1,500,1,93.934,689,102
warehouse.map,91,20,TP,1,500,1,114.066,722,158
warehouse.map,92,20,TP,1,500,1,98.222,725,56
warehouse.map,93,20,TP,1,500,1,109.074,673,129
warehouse.map,94,20,TP,1,500,1,96.656,696,126
warehouse.map,95,20,TP,1,500,1,115.974,728,246
warehouse.map,96,20,TP,1,500,1,99.65,676,123
warehouse.map,97,20,TP,1,500,1,94.262,698,107
warehouse.map,98,20,TP,1,500,1,99.256,681,71
warehouse.map,99,20,TP,1,500,1,107.592,704,96
warehouse.map,0,30,TP,1,500,1,46.05,564,172
warehouse.map,1,30,TP,1,500,1,47.59,596,178
warehouse.map,2,30,TP,1,500,1,46.68,581,208
warehouse.map,3,30,TP,1,500,1,46.008,576,209
warehouse.map,12,30,TP,1,500,1,44.722,578,231
warehouse.map,13,30,TP,1,500,1,44.03,569,161
warehouse.map,14,30,TP,1,500,1,46.566,576,186
warehouse.map,15,30,TP,1,500,1,44.794,558,239
warehouse.map,8,30,TP,1,500,1,44.256,609,191
warehouse.map,9,30,TP,1,500,1,49.954,585,249
warehouse.map,10,30,TP,1,500,1,46.626,630,264
warehouse.map,11,30,TP,1,500,1,49.53,597,216
warehouse.map,28,30,TP,1,500,1,46.076,556,201
warehouse.map,29,30,TP,1,500,1,51.034,559,223
warehouse.map,30,30,TP,1,500,1,44.514,592,147
warehouse.map,31,30,TP,1,500,1,45.356,601,264
warehouse.map,44,30,TP,1,500,1,49.682,671,261
warehouse.map,45,30,TP,1,500,1,44.482,678,178
warehouse.map,46,30,TP,1,500,1,50.964,570,181
warehouse.map,47,30,TP,1,500,1,45.34,595,184
warehouse.map,4,30,TP,1,500,1,47.522,572,272
warehouse.map,5,30,TP,1,500,1,43.694,577,241
warehouse.map,6,30,TP,1,500,1,48.766,571,376
warehouse.map,7,30,TP,1,500,1,51.016,574,332
warehouse.map,24,30,TP,1,500,1,47.596,580,288
warehouse.map,25,30,TP,1,500,1,46.552,605,207
warehouse.map,26,30,TP,1,500,1,46.174,602,233
warehouse.map,27,30,TP,1,500,1,48.748,569,247
warehouse.map,32,30,TP,1,500,1,47.812,580,346
warehouse.map,33,30,TP,1,500,1,44.278,587,239
warehouse.map,34,30,TP,1,500,1,44.542,586,224
warehouse.map,35,30,TP,1,500,1,46.45,578,218
warehouse.map,60,30,TP,1,500,1,42.174,577,146
warehouse.map,61,30,TP,1,500,1,44.098,571,188
warehouse.map,62,30,TP,1,500,1,46.852,617,278
warehouse.map,63,30,TP,1,500,1,43.472,634,170
warehouse.map,40,30,TP,1,500,1,51.744,562,290
warehouse.map,41,30,TP,1,500,1,46.842,573,353
warehouse.map,42,30,TP,1,500,1,45.744,578,209
warehouse.map,43,30,TP,1,500,1,52.778,596,220
warehouse.map,16,30,TP,1,500,1,45.938,597,194
warehouse.map,17,30,TP,1,500,1,50.768,562,274
warehouse.map,18,30,TP,1,500,1,49.216,568,519
warehouse.map,19,30,TP,1,500,1,45.578,572,260
warehouse.map,48,30,TP,1,500,1,45.154,557,204
warehouse.map,49,30,TP,1,500,1,51.898,557,386
warehouse.map,50,30,TP,1,500,1,44.864,606,151
warehouse.map,51,30,TP,1,500,1,52.4,577,337
warehouse.map,36,30,TP,1,500,1,45.952,557,227
warehouse.map,37,30,TP,1,500,1,50.158,607,301
warehouse.map,38,30,TP,1,500,1,46.734,581,271
warehouse.map,39,30,TP,1,500,1,45.576,584,295
warehouse.map,52,30,TP,1,500,1,50.062,594,411
warehouse.map,53,30,TP,1,500,1,45.99,580,260
warehouse.map,54,30,TP,1,500,1,43.312,574,229
warehouse.map,55,30,TP,1,500,1,48.756,574,294
warehouse.map,20,30,TP,1,500,1,48.824,584,243
warehouse.map,21,30,TP,1,500,1,53.38,574,366
warehouse.map,22,30,TP,1,500,1,55.528,609,364
warehouse.map,23,30,TP,1,500,1,55.084,593,481
warehouse.map,64,30,TP,1,500,1,45.488,602,206
warehouse.map,65,30,TP,1,500,1,45.574,580,231
warehouse.map,66,30,TP,1,500,1,44.11,603,244
warehouse.map,67,30,TP,1,500,1,46.388,568,274
warehouse.map,56,30,TP,1,500,1,46.692,576,287
warehouse.map,57,30,TP,1,500,1,52.512,564,303
warehouse.map,58,30,TP,1,500,1,48.514,578,384
warehouse.map,59,30,TP,1,500,1,46.326,577,236
warehouse.map,68,30,TP,1,500,1,44.134,578,208
warehouse.map,69,30,TP,1,500,1,44.426,565,208
warehouse.map,70,30,TP,1,500,1,42.9,596,292
warehouse.map,71,30,TP,1,500,1,45.808,571,211
warehouse.map,76,30,TP,1,500,1,45.506,579,177
warehouse.map,77,30,TP,1,500,1,52.202,580,317
warehouse.map,78,30,TP,1,500,1,44.288,631,256
warehouse.map,79,30,TP,1,500,1,50.874,593,288
warehouse.map,80,30,TP,1,500,1,43.812,639,178
warehouse.map,81,30,TP,1,500,1,44.71,581,229
warehouse.map,82,30,TP,1,500,1,50.7,587,268
warehouse.map,83,30,TP,1,500,1,43.154,608,171
warehouse.map,72,30,TP,1,500,1,45.84,597,294
warehouse.map,73,30,TP,1,500,1,51.28,568,298
warehouse.map,74,30,TP,1,500,1,49.526,584,267
warehouse.map,75,30,TP,1,500,1,50.312,608,298
warehouse.map,84,30,TP,1,500,1,46.654,569,317
warehouse.map,85,30,TP,1,500,1,50.97,577,289
warehouse.map,86,30,TP,1,500,1,50.772,595,279
warehouse.map,87,30,TP,1,500,1,47.734,570,263
warehouse.map,88,30,TP,1,500,1,51.024,592,386
warehouse.map,89,30,TP,1,500,1,49.738,564,221
warehouse.map,90,30,TP,1,500,1,45.046,576,191
warehouse.map,91,30,TP,1,500,1,59.344,575,584
warehouse.map,92,30,TP,1,500,1,58.798,581,416
warehouse.map,93,30,TP,1,500,1,48.928,557,230
warehouse.map,94,30,TP,1,500,1,49.08,585,264
warehouse.map,95,30,TP,1,500,1,54.046,570,323
warehouse.map,96,30,TP,1,500,1,46.208,591,261
warehouse.map,97,30,TP,1,500,1,50.186,588,358
warehouse.map,98,30,TP,1,500,1,49.014,579,278
warehouse.map,99,30,TP,1,500,1,53.198,625,350
warehouse.map,12,40,TP,1,500,1,46.564,573,461
warehouse.map,13,40,TP,1,500,1,46.12,575,403
warehouse.map,14,40,TP,1,500,1,48.254,589,540
warehouse.map,15,40,TP,1,500,1,45.69,562,346
warehouse.map,0,40,TP,1,500,1,47.24,600,426
warehouse.map,1,40,TP,1,500,1,46.954,589,545
warehouse.map,2,40,TP,1,500,1,46.85,578,350
warehouse.map,3,40,TP,1,500,1,47.234,580,522
warehouse.map,28,40,TP,1,500,1,46.05,577,354
warehouse.map,29,40,TP,1,500,1,48.402,580,368
warehouse.map,30,40,TP,1,500,1,46.734,570,422
warehouse.map,31,40,TP,1,500,1,45.828,585,467
warehouse.map,20,40,TP,1,500,1,45.2,572,350
warehouse.map,21,40,TP,1,500,1,47.774,557,553
warehouse.map,22,40,TP,1,500,1,48.45,647,426
warehouse.map,23,40,TP,1,500,1,45.566,574,394
warehouse.map,48,40,TP,1,500,1,46.536,579,339
warehouse.map,49,40,TP,1,500,1,46.194,558,387
warehouse.map,50,40,TP,1,500,1,47.744,581,378
warehouse.map,51,40,TP,1,500,1,47.902,571,453
warehouse.map,64,40,TP,1,500,1,46.168,553,281
warehouse.map,65,40,TP,1,500,1,45.678,563,461
warehouse.map,66,40,TP,1,500,1,46.61,569,402
warehouse.map,67,40,TP,1,500,1,45.522,554,398
warehouse.map,8,40,TP,1,500,1,46.154,607,416
warehouse.map,9,40,TP,1,500,1,52.416,568,910
warehouse.map,10,40,TP,1,500,1,46.882,596,317
warehouse.map,11,40,TP,1,500,1,48.316,604,506
warehouse.map,4,40,TP,1,500,1,46.846,585,501
warehouse.map,5,40,TP,1,500,1,44.526,586,348
warehouse.map,6,40,TP,1,500,1,45.906,555,668
warehouse.map,7,40,TP,1,500,1,48.262,564,612
warehouse.map,32,40,TP,1,500,1,48.252,587,559
warehouse.map,33,40,TP,1,500,1,48.27,597,537
warehouse.map,34,40,TP,1,500,1,45.59,571,400
warehouse.map,35,40,TP,1,500,1,47.478,575,465
warehouse.map,36,40,TP,1,500,1,46.54,575,421
warehouse.map,37,40,TP,1,500,1,47.642,596,484
warehouse.map,38,40,TP,1,500,1,45.556,584,474
warehouse.map,39,40,TP,1,500,1,45.48,605,474
warehouse.map,56,40,TP,1,500,1,44.652,585,345
warehouse.map,57,40,TP,1,500,1,46.204,577,441
warehouse.map,58,40,TP,1,500,1,46.79,577,620
warehouse.map,59,40,TP,1,500,1,47.274,573,487
warehouse.map,16,40,TP,1,500,1,46.292,590,472
warehouse.map,17,40,TP,1,500,1,46.434,574,503
warehouse.map,18,40,TP,1,500,1,48.522,563,810
warehouse.map,19,40,TP,1,500,1,45.39,583,426
warehouse.map,72,40,TP,1,500,1,47.662,570,380
warehouse.map,73,40,TP,1,500,1,46.688,575,439
warehouse.map,74,40,TP,1,500,1,46.782,580,404
warehouse.map,75,40,TP,1,500,1,45.53,597,398
warehouse.map,76,40,TP,1,500,1,45.824,553,296
warehouse.map,77,40,TP,1,500,1,46.284,576,383
warehouse.map,78,40,TP,1,500,1,44.912,594,493
warehouse.map,79,40,TP,1,500,1,48.938,611,487
warehouse.map,40,40,TP,1,500,1,46.754,566,497
warehouse.map,41,40,TP,1,500,1,46.21,572,498
warehouse.map,42,40,TP,1,500,1,46.63,593,412
warehouse.map,43,40,TP,1,500,1,48.186,584,570
warehouse.map,60,40,TP,1,500,1,46.812,610,445
warehouse.map,61,40,TP,1,500,1,47.02,580,549
warehouse.map,62,40,TP,1,500,1,48.058,633,537
warehouse.map,63,40,TP,1,500,1,45.782,640,408
warehouse.map,24,40,TP,1,500,1,50.044,560,927
warehouse.map,25,40,TP,1,500,1,45.772,594,344
warehouse.map,26,40,TP,1,500,1,47.602,578,432
warehouse.map,27,40,TP,1,500,1,48.448,609,497
warehouse.map,52,40,TP,1,500,1,47.066,577,627
warehouse.map,53,40,TP,1,500,1,46.818,566,410
warehouse.map,54,40,TP,1,500,1,46.304,560,444
warehouse.map,55,40,TP,1,500,1,46.68,612,539
warehouse.map,68,40,TP,1,500,1,45.162,590,449
warehouse.map,69,40,TP,1,500,1,45.716,579,472
warehouse.map,70,40,TP,1,500,1,44.518,577,422
warehouse.map,71,40,TP,1,500,1,47.412,565,449
warehouse.map,80,40,TP,1,500,1,45.732,608,361
warehouse.map,81,40,TP,1,500,1,46.75,587,509
warehouse.map,82,40,TP,1,500,1,48.286,586,406
warehouse.map,83,40,TP,1,500,1,46.726,617,358
warehouse.map,44,40,TP,1,500,1,48.022,655,637
warehouse.map,45,40,TP,1,500,1,48.366,622,588
warehouse.map,46,40,TP,1,500,1,50.474,580,641
warehouse.map,47,40,TP,1,500,1,46.502,610,555
warehouse.map,84,40,TP,1,500,1,46.658,565,380
warehouse.map,85,40,TP,1,500,1,46.952,596,454
warehouse.map,86,40,TP,1,500,1,48.648,607,809
warehouse.map,87,40,TP,1,500,1,45.232,597,390
warehouse.map,88,40,TP,1,500,1,47.512,566,632
warehouse.map,89,40,TP,1,500,1,47.142,572,453
warehouse.map,90,40,TP,1,500,1,46.576,578,400
warehouse.map,91,40,TP,1,500,1,46.86,562,444
warehouse.map,92,40,TP,1,500,1,47.524,586,409
warehouse.map,93,40,TP,1,500,1,45.684,560,351
warehouse.map,94,40,TP,1,500,1,47.276,564,624
warehouse.map,95,40,TP,1,500,1,46.566,543,432
warehouse.map,4,50,TP,1,500,1,46.236,566,272
warehouse.map,5,50,TP,1,500,1,47.968,592,430
warehouse.map,6,50,TP,1,500,1,47.44,601,499
warehouse.map,7,50,TP,1,500,1,48.054,570,514
warehouse.map,8,50,TP,1,500,1,46.316,612,386
warehouse.map,9,50,TP,1,500,1,50.274,578,516
warehouse.map,10,50,TP,1,500,1,49.464,626,465
warehouse.map,11,50,TP,1,500,1,49.758,587,566
warehouse.map,96,40,TP,1,500,1,48.192,622,778
warehouse.map,97,40,TP,1,500,1,46.294,574,435
warehouse.map,98,40,TP,1,500,1,48.24,565,428
warehouse.map,99,40,TP,1,500,1,47.234,611,511
warehouse.map,12,50,TP,1,500,1,49.632,592,698
warehouse.map,13,50,TP,1,500,1,47.424,588,442
warehouse.map,14,50,TP,1,500,1,49.186,602,389
warehouse.map,15,50,TP,1,500,1,48.066,570,466
warehouse.map,28,50,TP,1,500,1,48.688,581,535
warehouse.map,29,50,TP,1,500,1,50.834,598,494
warehouse.map,30,50,TP,1,500,1,47.64,571,321
warehouse.map,31,50,TP,1,500,1,48.726,580,485
warehouse.map,20,50,TP,1,500,1,46.81,595,381
warehouse.map,21,50,TP,1,500,1,49.728,571,411
warehouse.map,22,50,TP,1,500,1,53.088,657,625
warehouse.map,23,50,TP,1,500,1,48.116,586,474
warehouse.map,64,50,TP,1,500,1,47.268,574,439
warehouse.map,65,50,TP,1,500,1,46.572,571,374
warehouse.map,66,50,TP,1,500,1,49.714,592,458
warehouse.map,67,50,TP,1,500,1,46.606,565,384
warehouse.map,24,50,TP,1,500,1,49.156,567,543
warehouse.map,25,50,TP,1,500,1,47.454,609,429
warehouse.map,26,50,TP,1,500,1,49.058,575,505
warehouse.map,27,50,TP,1,500,1,50.092,578,541
warehouse.map,36,50,TP,1,500,1,46.96,570,431
warehouse.map,37,50,TP,1,500,1,48.934,614,499
warehouse.map,38,50,TP,1,500,1,48.374,582,554
warehouse.map,39,50,TP,1,500,1,47.75,576,479
warehouse.map,48,50,TP,1,500,1,46.494,569,392
warehouse.map,49,50,TP,1,500,1,49.23,582,468
warehouse.map,50,50,TP,1,500,1,48.094,587,333
warehouse.map,51,50,TP,1,500,1,50.704,573,477
warehouse.map,0,50,TP,1,500,1,49.616,595,575
warehouse.map,1,50,TP,1,500,1,49.05,611,576
warehouse.map,2,50,TP,1,500,1,49.468,610,523
warehouse.map,3,50,TP,1,500,1,49.156,612,712
warehouse.map,40,50,TP,1,500,1,47.816,560,429
warehouse.map,41,50,TP,1,500,1,47.076,584,521
warehouse.map,42,50,TP,1,500,1,47.628,587,464
warehouse.map,43,50,TP,1,500,1,50.144,587,546
warehouse.map,56,50,TP,1,500,1,46.458,585,386
warehouse.map,57,50,TP,1,500,1,48.138,577,527
warehouse.map,58,50,TP,1,500,1,47.76,591,492
warehouse.map,59,50,TP,1,500,1,48.078,577,503
warehouse.map,60,50,TP,1,500,1,48.214,600,443
warehouse.map,61,50,TP,1,500,1,46.746,569,352
warehouse.map,62,50,TP,1,500,1,48.58,646,541
warehouse.map,63,50,TP,1,500,1,47.73,638,442
warehouse.map,72,50,TP,1,500,1,48.746,570,476
warehouse.map,73,50,TP,1,500,1,47.422,570,399
warehouse.map,74,50,TP,1,500,1,47.61,574,517
warehouse.map,75,50,TP,1,500,1,48.15,596,492
warehouse.map,52,50,TP,1,500,1,48.37,569,686
warehouse.map,53,50,TP,1,500,1,47.744,564,519
warehouse.map,54,50,TP,1,500,1,47.5,568,516
warehouse.map,55,50,TP,1,500,1,49.476,600,622
warehouse.map,32,50,TP,1,500,1,48.934,567,683
warehouse.map,33,50,TP,1,500,1,51.416,590,748
warehouse.map,34,50,TP,1,500,1,47.474,593,547
warehouse.map,35,50,TP,1,500,1,47.542,589,518
warehouse.map,76,50,TP,1,500,1,48.272,585,443
warehouse.map,77,50,TP,1,500,1,49.042,564,470
warehouse.map,78,50,TP,1,500,1,46.254,603,441
warehouse.map,79,50,TP,1,500,1,51.914,623,657
warehouse.map,44,50,TP,1,500,1,50.992,672,687
warehouse.map,45,50,TP,1,500,1,50.538,629,713
warehouse.map,46,50,TP,1,500,1,51.88,585,535
warehouse.map,47,50,TP,1,500,1,49.362,614,609
warehouse.map,68,50,TP,1,500,1,50.628,589,788
warehouse.map,69,50,TP,1,500,1,48.202,569,622
warehouse.map,70,50,TP,1,500,1,45.988,578,499
warehouse.map,71,50,TP,1,500,1,48.902,585,584
warehouse.map,0,10,TP,2,500,1,435.48,1166,31
warehouse.map,1,10,TP,2,500,1,437.394,1184,78
warehouse.map,2,10,TP,2,500,1,419.028,1130,35
warehouse.map,3,10,TP,2,500,1,440.186,1169,87
warehouse.map,4,10,TP,2,500,1,413.818,1143,31
warehouse.map,5,10,TP,2,500,1,427.416,1159,42
warehouse.map,6,10,TP,2,500,1,412.516,1120,37
warehouse.map,7,10,TP,2,500,1,421.758,1139,47
warehouse.map,12,10,TP,2,500,1,423.022,1112,35
warehouse.map,13,10,TP,2,500,1,435.432,1171,54
warehouse.map,14,10,TP,2,500,1,430.608,1152,50
warehouse.map,15,10,TP,2,500,1,416.344,1132,51
warehouse.map,8,10,TP,2,500,1,408.106,1141,33
warehouse.map,9,10,TP,2,500,1,449.736,1223,50
warehouse.map,10,10,TP,2,500,1,430.144,1178,41
warehouse.map,11,10,TP,2,500,1,446.314,1210,65
warehouse.map,20,10,TP,2,500,1,457.722,1244,56
warehouse.map,21,10,TP,2,500,1,459.446,1188,92
warehouse.map,22,10,TP,2,500,1,446.158,1256,32
warehouse.map,23,10,TP,2,500,1,422.276,1144,25
warehouse.map,16,50,TP,1,500,1,48.232,586,486
warehouse.map,17,50,TP,1,500,1,49.468,567,716
warehouse.map,18,50,TP,1,500,1,49.35,559,878
warehouse.map,19,50,TP,1,500,1,48.408,670,990
warehouse.map,16,10,TP,2,500,1,407.926,1130,30
warehouse.map,17,10,TP,2,500,1,444.938,1185,52
warehouse.map,18,10,TP,2,500,1,419.828,1111,99
warehouse.map,19,10,TP,2,500,1,423.468,1146,43
warehouse.map,24,10,TP,2,500,1,423.324,1155,54
warehouse.map,25,10,TP,2,500,1,419.396,1159,40
warehouse.map,26,10,TP,2,500,1,459.44,1157,59
warehouse.map,27,10,TP,2,500,1,454.756,1187,51
warehouse.map,32,10,TP,2,500,1,425.448,1154,39
warehouse.map,33,10,TP,2,500,1,435.18,1160,65
warehouse.map,34,10,TP,2,500,1,424.374,1152,39
warehouse.map,35,10,TP,2,500,1,424.396,1183,72
warehouse.map,28,10,TP,2,500,1,433.79,1137,39
warehouse.map,29,10,TP,2,500,1,435.44,1200,61
warehouse.map,30,10,TP,2,500,1,456.284,1200,48
warehouse.map,31,10,TP,2,500,1,431.766,1172,65
warehouse.map,40,10,TP,2,500,1,430.682,1182,30
warehouse.map,41,10,TP,2,500,1,414.224,1094,27
warehouse.map,42,10,TP,2,500,1,449.624,1175,61
warehouse.map,43,10,TP,2,500,1,459.942,1225,63
warehouse.map,36,10,TP,2,500,1,413.814,1126,33
warehouse.map,37,10,TP,2,500,1,437.674,1168,77
warehouse.map,38,10,TP,2,500,1,432.636,1141,84
warehouse.map,39,10,TP,2,500,1,419.88,1141,38
warehouse.map,44,10,TP,2,500,1,442.622,1181,46
warehouse.map,45,10,TP,2,500,1,432.58,1159,69
warehouse.map,46,10,TP,2,500,1,453.526,1228,58
warehouse.map,47,10,TP,2,500,1,444.938,1154,41
warehouse.map,84,50,TP,1,500,1,48.566,588,472
warehouse.map,85,50,TP,1,500,1,48.01,578,536
warehouse.map,86,50,TP,1,500,1,48.652,599,665
warehouse.map,87,50,TP,1,500,1,47.486,573,485
warehouse.map,80,50,TP,1,500,1,48.078,598,487
warehouse.map,81,50,TP,1,500,1,50.048,587,813
warehouse.map,82,50,TP,1,500,1,50.56,607,414
warehouse.map,83,50,TP,1,500,1,48.23,605,565
warehouse.map,48,10,TP,2,500,1,423.544,1119,29
warehouse.map,49,10,TP,2,500,1,430.438,1163,47
warehouse.map,50,10,TP,2,500,1,438.15,1145,31
warehouse.map,51,10,TP,2,500,1,453.878,1211,51
warehouse.map,52,10,TP,2,500,1,425.286,1155,32
warehouse.map,53,10,TP,2,500,1,421.632,1130,42
warehouse.map,54,10,TP,2,500,1,440.466,1190,56
warehouse.map,55,10,TP,2,500,1,435.748,1189,45
warehouse.map,64,10,TP,2,500,1,430.266,1185,48
warehouse.map,65,10,TP,2,500,1,430.44,1156,52
warehouse.map,66,10,TP,2,500,1,430.614,1118,44
warehouse.map,67,10,TP,2,500,1,421.498,1156,37
warehouse.map,56,10,TP,2,500,1,414.018,1157,35
warehouse.map,57,10,TP,2,500,1,433.126,1144,62
warehouse.map,58,10,TP,2,500,1,450.074,1158,39
warehouse.map,59,10,TP,2,500,1,422.674,1164,45
warehouse.map,60,10,TP,2,500,1,406.974,1125,50
warehouse.map,61,10,TP,2,500,1,428.726,1167,45
warehouse.map,62,10,TP,2,500,1,447.338,1181,65
warehouse.map,63,10,TP,2,500,1,407.086,1117,28
warehouse.map,88,50,TP,1,500,1,47.752,591,635
warehouse.map,89,50,TP,1,500,1,50.896,579,617
warehouse.map,90,50,TP,1,500,1,50.206,575,517
warehouse.map,91,50,TP,1,500,1,50.998,555,788
warehouse.map,68,10,TP,2,500,1,422.86,1149,62
warehouse.map,69,10,TP,2,500,1,408.862,1123,40
warehouse.map,70,10,TP,2,500,1,433.782,1151,62
warehouse.map,71,10,TP,2,500,1,421.146,1136,44
warehouse.map,76,10,TP,2,500,1,443.156,1133,32
warehouse.map,77,10,TP,2,500,1,450.674,1188,53
warehouse.map,78,10,TP,2,500,1,417.05,1110,46
warehouse.map,79,10,TP,2,500,1,438.206,1208,77
warehouse.map,84,10,TP,2,500,1,437.08,1122,35
warehouse.map,85,10,TP,2,500,1,456.824,1198,47
warehouse.map,86,10,TP,2,500,1,449.904,1178,57
warehouse.map,87,10,TP,2,500,1,419.428,1163,42
warehouse.map,72,10,TP,2,500,1,420.71,1142,36
warehouse.map,73,10,TP,2,500,1,441.04,1167,45
warehouse.map,74,10,TP,2,500,1,421.552,1128,45
warehouse.map,75,10,TP,2,500,1,447.988,1215,70
warehouse.map,92,10,TP,2,500,1,444.094,1190,33
warehouse.map,93,10,TP,2,500,1,450.428,1177,80
warehouse.map,94,10,TP,2,500,1,417.992,1156,44
warehouse.map,95,10,TP,2,500,1,436.35,1214,53
warehouse.map,80,10,TP,2,500,1,425.462,1195,62
warehouse.map,81,10,TP,2,500,1,443.964,1170,46
warehouse.map,82,10,TP,2,500,1,441.354,1155,47
warehouse.map,83,10,TP,2,500,1,409.402,1119,53
warehouse.map,88,10,TP,2,500,1,453.572,1166,62
warehouse.map,89,10,TP,2,500,1,467.514,1187,48
warehouse.map,90,10,TP,2,500,1,435.728,1121,35
warehouse.map,91,10,TP,2,500,1,450.8,1196,55
warehouse.map,4,20,TP,2,500,1,177.512,654,73
warehouse.map,5,20,TP,2,500,1,187.06,622,84
warehouse.map,6,20,TP,2,500,1,192.422,638,101
warehouse.map,7,20,TP,2,500,1,193.676,657,104
warehouse.map,96,10,TP,2,500,1,425.162,1179,48
warehouse.map,97,10,TP,2,500,1,441.054,1125,53
warehouse.map,98,10,TP,2,500,1,435.866,1151,38
warehouse.map,99,10,TP,2,500,1,448.332,1223,47
warehouse.map,92,50,TP,1,500,1,50.078,570,537
warehouse.map,93,50,TP,1,500,1,47.448,569,331
warehouse.map,94,50,TP,1,500,1,50.066,594,691
warehouse.map,95,50,TP,1,500,1,49.926,567,664
warehouse.map,0,20,TP,2,500,1,193.842,650,77
warehouse.map,1,20,TP,2,500,1,205.546,669,117
warehouse.map,2,20,TP,2,500,1,187.822,645,95
warehouse.map,3,20,TP,2,500,1,201.936,672,178
warehouse.map,8,20,TP,2,500,1,177.11,655,85
warehouse.map,9,20,TP,2,500,1,196.398,695,76
warehouse.map,10,20,TP,2,500,1,189.234,677,81
warehouse.map,11,20,TP,2,500,1,205.364,701,136
warehouse.map,12,20,TP,2,500,1,194.978,642,121
warehouse.map,13,20,TP,2,500,1,195.986,672,124
warehouse.map,14,20,TP,2,500,1,186.24,653,78
warehouse.map,15,20,TP,2,500,1,183.448,629,84
warehouse.map,32,20,TP,2,500,1,187.706,647,70
warehouse.map,33,20,TP,2,500,1,189.3,653,112
warehouse.map,34,20,TP,2,500,1,193.43,654,106
warehouse.map,35,20,TP,2,500,1,175.03,631,106
warehouse.map,28,20,TP,2,500,1,186.154,636,67
warehouse.map,29,20,TP,2,500,1,191.728,669,114
warehouse.map,30,20,TP,2,500,1,201.044,684,100
warehouse.map,31,20,TP,2,500,1,190.752,702,83
warehouse.map,20,20,TP,2,500,1,200.818,667,67
warehouse.map,21,20,TP,2,500,1,207.392,656,133
warehouse.map,22,20,TP,2,500,1,204.852,764,115
warehouse.map,23,20,TP,2,500,1,188.54,647,70
warehouse.map,16,20,TP,2,500,1,183.368,662,97
warehouse.map,17,20,TP,2,500,1,203.638,653,103
warehouse.map,18,20,TP,2,500,1,202.684,664,277
warehouse.map,19,20,TP,2,500,1,173.976,618,66
warehouse.map,96,50,TP,1,500,1,49.888,618,932
warehouse.map,97,50,TP,1,500,1,50.69,594,684
warehouse.map,98,50,TP,1,500,1,48.558,567,427
warehouse.map,99,50,TP,1,500,1,48.33,579,600
warehouse.map,24,20,TP,2,500,1,193.792,655,106
warehouse.map,25,20,TP,2,500,1,186.464,657,109
warehouse.map,26,20,TP,2,500,1,203.16,643,112
warehouse.map,27,20,TP,2,500,1,203.3,734,244
warehouse.map,48,20,TP,2,500,1,182.474,630,57
warehouse.map,49,20,TP,2,500,1,195.228,640,65
warehouse.map,50,20,TP,2,500,1,193.742,642,71
warehouse.map,51,20,TP,2,500,1,208.918,696,177
warehouse.map,44,20,TP,2,500,1,204.408,695,128
warehouse.map,45,20,TP,2,500,1,185.958,663,80
warehouse.map,46,20,TP,2,500,1,212.594,694,93
warehouse.map,47,20,TP,2,500,1,191.544,650,87
warehouse.map,40,20,TP,2,500,1,196.844,670,106
warehouse.map,41,20,TP,2,500,1,191.634,635,154
warehouse.map,42,20,TP,2,500,1,208.41,689,188
warehouse.map,43,20,TP,2,500,1,198.336,683,65
warehouse.map,36,20,TP,2,500,1,186.352,651,92
warehouse.map,37,20,TP,2,500,1,188.6,657,119
warehouse.map,38,20,TP,2,500,1,190.92,650,100
warehouse.map,39,20,TP,2,500,1,187.548,658,82
warehouse.map,52,20,TP,2,500,1,186.406,632,91
warehouse.map,53,20,TP,2,500,1,186.578,694,105
warehouse.map,54,20,TP,2,500,1,196.636,669,106
warehouse.map,55,20,TP,2,500,1,195.898,656,95
warehouse.map,56,20,TP,2,500,1,184.216,637,78
warehouse.map,57,20,TP,2,500,1,190.692,634,79
warehouse.map,58,20,TP,2,500,1,191.69,646,91
warehouse.map,59,20,TP,2,500,1,182.506,653,114
warehouse.map,60,20,TP,2,500,1,172.478,654,67
warehouse.map,61,20,TP,2,500,1,189.498,655,86
warehouse.map,62,20,TP,2,500,1,188.03,646,84
warehouse.map,63,20,TP,2,500,1,182.016,659,70
warehouse.map,64,20,TP,2,500,1,188.412,666,105
warehouse.map,65,20,TP,2,500,1,185.38,635,85
warehouse.map,66,20,TP,2,500,1,199.666,634,108
warehouse.map,67,20,TP,2,500,1,184.448,715,80
warehouse.map,80,20,TP,2,500,1,186.254,677,88
warehouse.map,81,20,TP,2,500,1,195.794,644,81
warehouse.map,82,20,TP,2,500,1,199.576,643,114
warehouse.map,83,20,TP,2,500,1,173.844,603,74
warehouse.map,68,20,TP,2,500,1,191.682,639,89
warehouse.map,69,20,TP,2,500,1,189.166,630,90
warehouse.map,70,20,TP,2,500,1,198.238,673,203
warehouse.map,71,20,TP,2,500,1,189.374,727,93
warehouse.map,76,20,TP,2,500,1,199.928,644,105
warehouse.map,77,20,TP,2,500,1,200.926,659,151
warehouse.map,78,20,TP,2,500,1,176.672,622,89
warehouse.map,79,20,TP,2,500,1,190.32,650,80
warehouse.map,72,20,TP,2,500,1,192.038,656,147
warehouse.map,73,20,TP,2,500,1,195.26,662,89
warehouse.map,74,20,TP,2,500,1,179.55,643,98
warehouse.map,75,20,TP,2,500,1,192.874,681,132
warehouse.map,84,20,TP,2,500,1,196.604,637,108
warehouse.map,85,20,TP,2,500,1,204.292,679,120
warehouse.map,86,20,TP,2,500,1,202.958,671,101
warehouse.map,87,20,TP,2,500,1,188.486,647,77
warehouse.map,88,20,TP,2,500,1,207.176,657,182
warehouse.map,89,20,TP,2,500,1,198.822,657,67
warehouse.map,90,20,TP,2,500,1,186.724,637,76
warehouse.map,91,20,TP,2,500,1,205.24,685,101
warehouse.map,92,20,TP,2,500,1,209.42,669,165
warehouse.map,93,20,TP,2,500,1,206.898,652,113
warehouse.map,94,20,TP,2,500,1,180.754,650,74
warehouse.map,95,20,TP,2,500,1,198.192,675,105
warehouse.map,96,20,TP,2,500,1,184.694,698,120
warehouse.map,97,20,TP,2,500,1,195.658,627,105
warehouse.map,98,20,TP,2,500,1,192.532,692,108
warehouse.map,99,20,TP,2,500,1,200.606,671,80
warehouse.map,0,30,TP,2,500,1,117.416,518,182
warehouse.map,1,30,TP,2,500,1,121.314,489,127
warehouse.map,2,30,TP,2,500,1,115.172,516,158
warehouse.map,3,30,TP,2,500,1,113.772,477,171
warehouse.map,4,30,TP,2,500,1,115.168,536,201
warehouse.map,5,30,TP,2,500,1,106.876,483,107
warehouse.map,6,30,TP,2,500,1,112.484,471,140
warehouse.map,7,30,TP,2,500,1,121.042,497,160
warehouse.map,8,30,TP,2,500,1,109.97,520,126
warehouse.map,9,30,TP,2,500,1,116.17,527,110
warehouse.map,10,30,TP,2,500,1,110.31,537,133
warehouse.map,11,30,TP,2,500,1,120.524,510,152
warehouse.map,12,30,TP,2,500,1,114.056,515,148
warehouse.map,13,30,TP,2,500,1,126.398,508,247
warehouse.map,14,30,TP,2,500,1,113.062,510,272
warehouse.map,15,30,TP,2,500,1,111.236,467,151
warehouse.map,28,30,TP,2,500,1,112.512,468,116
warehouse.map,29,30,TP,2,500,1,120.942,511,163
warehouse.map,30,30,TP,2,500,1,122.64,507,114
warehouse.map,31,30,TP,2,500,1,119.514,558,208
warehouse.map,20,30,TP,2,500,1,119.89,512,147
warehouse.map,21,30,TP,2,500,1,125.462,487,215
warehouse.map,22,30,TP,2,500,1,130.718,668,274
warehouse.map,23,30,TP,2,500,1,115.562,523,159
warehouse.map,44,30,TP,2,500,1,120.808,559,160
warehouse.map,45,30,TP,2,500,1,113.816,492,127
warehouse.map,46,30,TP,2,500,1,126.19,537,139
warehouse.map,47,30,TP,2,500,1,119.608,501,154
warehouse.map,48,30,TP,2,500,1,110.174,477,112
warehouse.map,49,30,TP,2,500,1,116.798,493,148
warehouse.map,50,30,TP,2,500,1,118.634,479,176
warehouse.map,51,30,TP,2,500,1,126.192,569,205
warehouse.map,36,30,TP,2,500,1,105.344,482,148
warehouse.map,37,30,TP,2,500,1,113.638,507,161
warehouse.map,38,30,TP,2,500,1,117.576,473,200
warehouse.map,39,30,TP,2,500,1,110.318,489,138
warehouse.map,40,30,TP,2,500,1,121.688,500,187
warehouse.map,41,30,TP,2,500,1,117.692,472,180
warehouse.map,42,30,TP,2,500,1,120.858,548,158
warehouse.map,43,30,TP,2,500,1,125.056,500,138
warehouse.map,52,30,TP,2,500,1,113.724,478,159
warehouse.map,53,30,TP,2,500,1,111.78,502,178
warehouse.map,54,30,TP,2,500,1,113.644,506,162
warehouse.map,55,30,TP,2,500,1,110.732,539,95
warehouse.map,24,30,TP,2,500,1,130.388,520,465
warehouse.map,25,30,TP,2,500,1,118.85,522,188
warehouse.map,26,30,TP,2,500,1,118.106,511,204
warehouse.map,27,30,TP,2,500,1,120.512,544,219
warehouse.map,16,30,TP,2,500,1,112.708,493,176
warehouse.map,17,30,TP,2,500,1,122.692,482,144
warehouse.map,18,30,TP,2,500,1,134.77,494,554
warehouse.map,19,30,TP,2,500,1,106.88,474,117
warehouse.map,32,30,TP,2,500,1,116.306,529,144
warehouse.map,33,30,TP,2,500,1,115.196,528,211
warehouse.map,34,30,TP,2,500,1,118.074,486,146
warehouse.map,35,30,TP,2,500,1,110.032,490,285
warehouse.map,56,30,TP,2,500,1,113.674,514,265
warehouse.map,57,30,TP,2,500,1,118.424,476,165
warehouse.map,58,30,TP,2,500,1,112.292,483,125
warehouse.map,59,30,TP,2,500,1,110.226,485,101
warehouse.map,64,30,TP,2,500,1,113.652,520,156
warehouse.map,65,30,TP,2,500,1,115.288,490,178
warehouse.map,66,30,TP,2,500,1,112.016,477,141
warehouse.map,67,30,TP,2,500,1,108.944,499,124
warehouse.map,60,30,TP,2,500,1,103.498,499,120
warehouse.map,61,30,TP,2,500,1,116.376,481,122
warehouse.map,62,30,TP,2,500,1,122.656,500,226
warehouse.map,63,30,TP,2,500,1,108.056,468,129
warehouse.map,72,30,TP,2,500,1,114.078,492,151
warehouse.map,73,30,TP,2,500,1,117.086,488,125
warehouse.map,74,30,TP,2,500,1,117.672,488,180
warehouse.map,75,30,TP,2,500,1,120.868,491,165
warehouse.map,80,30,TP,2,500,1,105.494,546,105
warehouse.map,81,30,TP,2,500,1,121.062,509,136
warehouse.map,82,30,TP,2,500,1,120.61,486,115
warehouse.map,83,30,TP,2,500,1,108.84,474,163
warehouse.map,68,30,TP,2,500,1,119.56,548,201
warehouse.map,69,30,TP,2,500,1,115.212,498,117
warehouse.map,70,30,TP,2,500,1,121.0,528,347
warehouse.map,71,30,TP,2,500,1,115.296,483,139
warehouse.map,88,30,TP,2,500,1,121.996,506,196
warehouse.map,89,30,TP,2,500,1,123.23,507,156
warehouse.map,90,30,TP,2,500,1,111.26,459,112
warehouse.map,91,30,TP,2,500,1,127.19,512,147
warehouse.map,76,30,TP,2,500,1,117.692,511,146
warehouse.map,77,30,TP,2,500,1,118.572,495,187
warehouse.map,78,30,TP,2,500,1,104.736,462,102
warehouse.map,79,30,TP,2,500,1,116.75,504,205
warehouse.map,84,30,TP,2,500,1,117.83,487,173
warehouse.map,85,30,TP,2,500,1,132.618,532,285
warehouse.map,86,30,TP,2,500,1,130.722,531,243
warehouse.map,87,30,TP,2,500,1,114.774,498,130
warehouse.map,92,30,TP,2,500,1,118.208,501,94
warehouse.map,93,30,TP,2,500,1,124.312,479,158
warehouse.map,94,30,TP,2,500,1,114.238,501,202
warehouse.map,95,30,TP,2,500,1,118.692,531,167
warehouse.map,96,30,TP,2,500,1,113.11,490,139
warehouse.map,97,30,TP,2,500,1,119.55,472,185
warehouse.map,98,30,TP,2,500,1,115.78,483,122
warehouse.map,99,30,TP,2,500,1,130.642,500,216
warehouse.map,0,40,TP,2,500,1,81.316,436,226
warehouse.map,1,40,TP,2,500,1,88.304,437,204
warehouse.map,2,40,TP,2,500,1,76.3,418,160
warehouse.map,3,40,TP,2,500,1,86.134,426,341
warehouse.map,8,40,TP,2,500,1,74.826,446,231
warehouse.map,9,40,TP,2,500,1,84.862,444,244
warehouse.map,10,40,TP,2,500,1,75.672,443,162
warehouse.map,11,40,TP,2,500,1,84.192,464,245
warehouse.map,12,40,TP,2,500,1,77.412,422,233
warehouse.map,13,40,TP,2,500,1,81.948,418,216
warehouse.map,14,40,TP,2,500,1,77.9,423,211
warehouse.map,15,40,TP,2,500,1,74.64,389,188
warehouse.map,4,40,TP,2,500,1,88.366,445,453
warehouse.map,5,40,TP,2,500,1,84.132,426,280
warehouse.map,6,40,TP,2,500,1,78.018,414,224
warehouse.map,7,40,TP,2,500,1,93.526,441,346
warehouse.map,48,40,TP,2,500,1,78.838,414,196
warehouse.map,49,40,TP,2,500,1,79.626,403,164
warehouse.map,50,40,TP,2,500,1,79.258,411,157
warehouse.map,51,40,TP,2,500,1,81.502,454,183
warehouse.map,56,40,TP,2,500,1,76.056,435,203
warehouse.map,57,40,TP,2,500,1,77.978,420,145
warehouse.map,58,40,TP,2,500,1,80.128,416,218
warehouse.map,59,40,TP,2,500,1,76.93,409,173
warehouse.map,28,40,TP,2,500,1,83.146,408,290
warehouse.map,29,40,TP,2,500,1,85.992,432,288
warehouse.map,30,40,TP,2,500,1,84.896,424,192
warehouse.map,31,40,TP,2,500,1,80.212,414,233
warehouse.map,32,40,TP,2,500,1,78.066,419,138
warehouse.map,33,40,TP,2,500,1,83.722,435,253
warehouse.map,34,40,TP,2,500,1,81.324,427,226
warehouse.map,35,40,TP,2,500,1,79.766,417,319
warehouse.map,64,40,TP,2,500,1,80.136,423,232
warehouse.map,65,40,TP,2,500,1,76.564,403,153
warehouse.map,66,40,TP,2,500,1,77.392,436,135
warehouse.map,67,40,TP,2,500,1,81.274,446,238
warehouse.map,52,40,TP,2,500,1,89.27,426,332
warehouse.map,53,40,TP,2,500,1,75.962,463,162
warehouse.map,54,40,TP,2,500,1,84.172,433,245
warehouse.map,55,40,TP,2,500,1,85.464,462,317
warehouse.map,60,40,TP,2,500,1,75.296,448,201
warehouse.map,61,40,TP,2,500,1,79.474,434,189
warehouse.map,62,40,TP,2,500,1,76.104,435,151
warehouse.map,63,40,TP,2,500,1,77.492,440,289
warehouse.map,40,40,TP,2,500,1,83.216,465,383
warehouse.map,41,40,TP,2,500,1,83.356,415,324
warehouse.map,42,40,TP,2,500,1,87.308,457,316
warehouse.map,43,40,TP,2,500,1,87.264,451,145
warehouse.map,76,40,TP,2,500,1,82.882,436,164
warehouse.map,77,40,TP,2,500,1,81.626,413,230
warehouse.map,78,40,TP,2,500,1,71.058,401,159
warehouse.map,79,40,TP,2,500,1,82.81,408,251
warehouse.map,20,40,TP,2,500,1,83.254,413,231
warehouse.map,21,40,TP,2,500,1,91.15,450,345
warehouse.map,22,40,TP,2,500,1,95.594,555,479
warehouse.map,23,40,TP,2,500,1,82.912,453,323
warehouse.map,80,40,TP,2,500,1,73.566,534,183
warehouse.map,81,40,TP,2,500,1,86.626,458,225
warehouse.map,82,40,TP,2,500,1,84.548,407,239
warehouse.map,83,40,TP,2,500,1,75.59,423,166
warehouse.map,72,40,TP,2,500,1,86.75,421,255
warehouse.map,73,40,TP,2,500,1,85.694,405,223
warehouse.map,74,40,TP,2,500,1,83.034,417,241
warehouse.map,75,40,TP,2,500,1,80.128,443,283
warehouse.map,16,40,TP,2,500,1,76.438,461,224
warehouse.map,17,40,TP,2,500,1,94.17,414,332
warehouse.map,18,40,TP,2,500,1,101.83,413,762
warehouse.map,19,40,TP,2,500,1,76.302,437,217
warehouse.map,24,40,TP,2,500,1,91.288,448,658
warehouse.map,25,40,TP,2,500,1,83.52,422,269
warehouse.map,26,40,TP,2,500,1,82.668,405,176
warehouse.map,27,40,TP,2,500,1,93.728,429,331
warehouse.map,36,40,TP,2,500,1,74.204,419,182
warehouse.map,37,40,TP,2,500,1,82.592,426,371
warehouse.map,38,40,TP,2,500,1,89.226,460,422
warehouse.map,39,40,TP,2,500,1,77.594,426,458
warehouse.map,68,40,TP,2,500,1,81.054,444,248
warehouse.map,69,40,TP,2,500,1,76.216,428,150
warehouse.map,70,40,TP,2,500,1,75.36,433,333
warehouse.map,71,40,TP,2,500,1,85.858,446,447
warehouse.map,44,40,TP,2,500,1,104.48,541,692
warehouse.map,45,40,TP,2,500,1,78.382,433,170
warehouse.map,46,40,TP,2,500,1,94.29,464,374
warehouse.map,47,40,TP,2,500,1,86.94,471,323
warehouse.map,84,40,TP,2,500,1,83.84,433,319
warehouse.map,85,40,TP,2,500,1,94.002,489,303
warehouse.map,86,40,TP,2,500,1,91.09,437,314
warehouse.map,87,40,TP,2,500,1,77.74,422,191
warehouse.map,88,40,TP,2,500,1,91.602,433,369
warehouse.map,89,40,TP,2,500,1,86.518,414,203
warehouse.map,90,40,TP,2,500,1,80.162,420,177
warehouse.map,91,40,TP,2,500,1,85.642,427,139
warehouse.map,92,40,TP,2,500,1,85.916,459,212
warehouse.map,93,40,TP,2,500,1,86.832,419,221
warehouse.map,94,40,TP,2,500,1,91.39,460,394
warehouse.map,95,40,TP,2,500,1,83.346,435,193
warehouse.map,96,40,TP,2,500,1,77.854,395,195
warehouse.map,97,40,TP,2,500,1,85.568,438,312
warehouse.map,98,40,TP,2,500,1,89.838,487,459
warehouse.map,99,40,TP,2,500,1,93.63,430,311
warehouse.map,8,50,TP,2,500,1,55.944,443,199
warehouse.map,9,50,TP,2,500,1,73.392,444,423
warehouse.map,10,50,TP,2,500,1,58.086,439,201
warehouse.map,11,50,TP,2,500,1,68.228,397,323
warehouse.map,4,50,TP,2,500,1,62.818,377,325
warehouse.map,5,50,TP,2,500,1,59.54,380,234
warehouse.map,6,50,TP,2,500,1,62.016,357,280
warehouse.map,7,50,TP,2,500,1,73.588,398,527
warehouse.map,12,50,TP,2,500,1,64.456,399,577
warehouse.map,13,50,TP,2,500,1,65.616,363,304
warehouse.map,14,50,TP,2,500,1,64.506,384,280
warehouse.map,15,50,TP,2,500,1,56.728,374,289
warehouse.map,20,50,TP,2,500,1,70.04,405,331
warehouse.map,21,50,TP,2,500,1,71.99,395,406
warehouse.map,22,50,TP,2,500,1,74.15,557,422
warehouse.map,23,50,TP,2,500,1,64.18,380,322
warehouse.map,48,50,TP,2,500,1,57.366,369,199
warehouse.map,49,50,TP,2,500,1,63.56,383,233
warehouse.map,50,50,TP,2,500,1,65.376,386,296
warehouse.map,51,50,TP,2,500,1,58.9,390,196
warehouse.map,0,50,TP,2,500,1,65.41,370,354
warehouse.map,1,50,TP,2,500,1,81.914,444,751
warehouse.map,2,50,TP,2,500,1,62.096,402,245
warehouse.map,3,50,TP,2,500,1,62.112,381,307
warehouse.map,56,50,TP,2,500,1,65.336,397,393
warehouse.map,57,50,TP,2,500,1,63.996,397,332
warehouse.map,58,50,TP,2,500,1,59.956,405,214
warehouse.map,59,50,TP,2,500,1,57.278,366,160
warehouse.map,32,50,TP,2,500,1,61.848,367,265
warehouse.map,33,50,TP,2,500,1,65.316,395,480
warehouse.map,34,50,TP,2,500,1,65.902,390,340
warehouse.map,35,50,TP,2,500,1,63.116,406,359
warehouse.map,16,50,TP,2,500,1,59.69,372,249
warehouse.map,17,50,TP,2,500,1,63.228,373,219
warehouse.map,18,50,TP,2,500,1,84.466,382,1058
warehouse.map,19,50,TP,2,500,1,59.52,392,288
warehouse.map,52,50,TP,2,500,1,65.618,396,404
warehouse.map,53,50,TP,2,500,1,61.13,447,247
warehouse.map,54,50,TP,2,500,1,57.962,383,205
warehouse.map,55,50,TP,2,500,1,74.792,448,496
warehouse.map,36,50,TP,2,500,1,55.93,371,209
warehouse.map,37,50,TP,2,500,1,67.796,425,504
warehouse.map,38,50,TP,2,500,1,69.298,402,488
warehouse.map,39,50,TP,2,500,1,59.196,413,303
warehouse.map,28,50,TP,2,500,1,65.284,411,443
warehouse.map,29,50,TP,2,500,1,71.334,401,401
warehouse.map,30,50,TP,2,500,1,63.388,413,439
warehouse.map,31,50,TP,2,500,1,57.836,374,314
warehouse.map,24,50,TP,2,500,1,75.366,393,817
warehouse.map,25,50,TP,2,500,1,65.392,391,285
warehouse.map,26,50,TP,2,500,1,61.35,353,258
warehouse.map,27,50,TP,2,500,1,70.124,377,394
warehouse.map,60,50,TP,2,500,1,61.236,402,369
warehouse.map,61,50,TP,2,500,1,62.292,416,345
warehouse.map,62,50,TP,2,500,1,64.136,514,398
warehouse.map,63,50,TP,2,500,1,59.73,384,307
warehouse.map,44,50,TP,2,500,1,80.02,481,856
warehouse.map,45,50,TP,2,500,1,59.554,427,212
warehouse.map,46,50,TP,2,500,1,73.708,448,370
warehouse.map,47,50,TP,2,500,1,60.99,389,277
warehouse.map,64,50,TP,2,500,1,64.974,429,347
warehouse.map,65,50,TP,2,500,1,60.726,389,288
warehouse.map,66,50,TP,2,500,1,64.34,386,269
warehouse.map,67,50,TP,2,500,1,65.732,396,385
warehouse.map,72,50,TP,2,500,1,66.486,375,386
warehouse.map,73,50,TP,2,500,1,60.406,378,217
warehouse.map,74,50,TP,2,500,1,60.9,371,250
warehouse.map,75,50,TP,2,500,1,66.936,394,525
warehouse.map,80,50,TP,2,500,1,56.42,483,234
warehouse.map,81,50,TP,2,500,1,65.926,405,331
warehouse.map,82,50,TP,2,500,1,62.69,443,304
warehouse.map,83,50,TP,2,500,1,64.192,402,390
warehouse.map,76,50,TP,2,500,1,63.25,379,266
warehouse.map,77,50,TP,2,500,1,59.698,349,230
warehouse.map,78,50,TP,2,500,1,59.506,433,416
warehouse.map,79,50,TP,2,500,1,73.312,366,477
warehouse.map,40,50,TP,2,500,1,69.302,378,530
warehouse.map,41,50,TP,2,500,1,66.974,385,457
warehouse.map,42,50,TP,2,500,1,72.692,392,481
warehouse.map,43,50,TP,2,500,1,75.886,435,392
warehouse.map,84,50,TP,2,500,1,68.678,364,308
warehouse.map,85,50,TP,2,500,1,70.382,462,388
warehouse.map,86,50,TP,2,500,1,67.896,383,347
warehouse.map,87,50,TP,2,500,1,56.992,369,237
warehouse.map,68,50,TP,2,500,1,62.968,380,345
warehouse.map,69,50,TP,2,500,1,68.876,386,527
warehouse.map,70,50,TP,2,500,1,60.886,373,421
warehouse.map,71,50,TP,2,500,1,64.412,366,289
warehouse.map,4,10,TP,5,500,1,473.422,1140,30
warehouse.map,5,10,TP,5,500,1,487.796,1131,51
warehouse.map,6,10,TP,5,500,1,481.284,1114,38
warehouse.map,7,10,TP,5,500,1,498.76,1132,35
warehouse.map,0,10,TP,5,500,1,500.552,1170,34
warehouse.map,1,10,TP,5,500,1,506.532,1172,47
warehouse.map,2,10,TP,5,500,1,489.27,1122,41
warehouse.map,3,10,TP,5,500,1,509.582,1158,90
warehouse.map,88,50,TP,2,500,1,66.508,410,447
warehouse.map,89,50,TP,2,500,1,67.144,380,261
warehouse.map,90,50,TP,2,500,1,61.124,357,189
warehouse.map,91,50,TP,2,500,1,70.874,399,437
warehouse.map,20,10,TP,5,500,1,511.774,1194,23
warehouse.map,21,10,TP,5,500,1,513.3,1175,47
warehouse.map,22,10,TP,5,500,1,522.402,1191,43
warehouse.map,23,10,TP,5,500,1,492.138,1150,34
warehouse.map,8,10,TP,5,500,1,473.976,1148,33
warehouse.map,9,10,TP,5,500,1,519.634,1219,67
warehouse.map,10,10,TP,5,500,1,501.504,1171,35
warehouse.map,11,10,TP,5,500,1,503.29,1192,52
warehouse.map,12,10,TP,5,500,1,496.442,1131,65
warehouse.map,13,10,TP,5,500,1,500.378,1155,36
warehouse.map,14,10,TP,5,500,1,494.062,1151,35
warehouse.map,15,10,TP,5,500,1,482.114,1134,54
warehouse.map,16,10,TP,5,500,1,490.696,1155,49
warehouse.map,17,10,TP,5,500,1,515.834,1150,40
warehouse.map,18,10,TP,5,500,1,505.488,1129,126
warehouse.map,19,10,TP,5,500,1,476.178,1114,34
warehouse.map,24,10,TP,5,500,1,488.092,1136,35
warehouse.map,25,10,TP,5,500,1,494.022,1132,35
warehouse.map,26,10,TP,5,500,1,508.77,1130,31
warehouse.map,27,10,TP,5,500,1,518.018,1209,61
warehouse.map,28,10,TP,5,500,1,510.098,1148,43
warehouse.map,29,10,TP,5,500,1,499.988,1172,57
warehouse.map,30,10,TP,5,500,1,515.466,1188,31
warehouse.map,31,10,TP,5,500,1,494.682,1175,28
warehouse.map,32,10,TP,5,500,1,495.26,1148,34
warehouse.map,33,10,TP,5,500,1,498.812,1167,42
warehouse.map,34,10,TP,5,500,1,484.398,1113,28
warehouse.map,35,10,TP,5,500,1,481.682,1144,45
warehouse.map,36,10,TP,5,500,1,488.066,1130,35
warehouse.map,37,10,TP,5,500,1,496.244,1133,35
warehouse.map,38,10,TP,5,500,1,495.846,1156,46
warehouse.map,39,10,TP,5,500,1,491.194,1144,40
warehouse.map,40,10,TP,5,500,1,509.016,1193,54
warehouse.map,41,10,TP,5,500,1,484.218,1111,29
warehouse.map,42,10,TP,5,500,1,515.064,1181,44
warehouse.map,43,10,TP,5,500,1,536.76,1191,55
warehouse.map,44,10,TP,5,500,1,509.634,1185,47
warehouse.map,45,10,TP,5,500,1,496.646,1140,44
warehouse.map,46,10,TP,5,500,1,525.242,1222,48
warehouse.map,47,10,TP,5,500,1,505.514,1141,57
warehouse.map,48,10,TP,5,500,1,501.41,1132,59
warehouse.map,49,10,TP,5,500,1,504.398,1129,40
warehouse.map,50,10,TP,5,500,1,509.658,1159,56
warehouse.map,51,10,TP,5,500,1,527.964,1195,55
warehouse.map,52,10,TP,5,500,1,489.138,1135,39
warehouse.map,53,10,TP,5,500,1,485.846,1129,55
warehouse.map,54,10,TP,5,500,1,513.872,1179,68
warehouse.map,55,10,TP,5,500,1,511.856,1181,46
warehouse.map,56,10,TP,5,500,1,487.784,1158,33
warehouse.map,57,10,TP,5,500,1,500.544,1144,59
warehouse.map,58,10,TP,5,500,1,506.028,1152,39
warehouse.map,59,10,TP,5,500,1,493.878,1177,67
warehouse.map,64,10,TP,5,500,1,498.338,1190,48
warehouse.map,65,10,TP,5,500,1,480.332,1145,38
warehouse.map,66,10,TP,5,500,1,486.222,1105,36
warehouse.map,67,10,TP,5,500,1,478.552,1140,39
warehouse.map,60,10,TP,5,500,1,471.31,1138,35
warehouse.map,61,10,TP,5,500,1,498.676,1172,70
warehouse.map,62,10,TP,5,500,1,503.634,1142,36
warehouse.map,63,10,TP,5,500,1,483.18,1120,38
warehouse.map,92,50,TP,2,500,1,69.796,398,294
warehouse.map,93,50,TP,2,500,1,71.72,459,342
warehouse.map,94,50,TP,2,500,1,71.876,441,422
warehouse.map,95,50,TP,2,500,1,67.412,430,433
warehouse.map,76,10,TP,5,500,1,508.556,1139,41
warehouse.map,77,10,TP,5,500,1,523.832,1179,49
warehouse.map,78,10,TP,5,500,1,480.05,1090,34
warehouse.map,79,10,TP,5,500,1,500.058,1161,46
warehouse.map,68,10,TP,5,500,1,496.94,1151,51
warehouse.map,69,10,TP,5,500,1,490.774,1123,36
warehouse.map,70,10,TP,5,500,1,498.108,1136,39
warehouse.map,71,10,TP,5,500,1,474.366,1099,39
warehouse.map,72,10,TP,5,500,1,482.624,1143,29
warehouse.map,73,10,TP,5,500,1,502.76,1172,50
warehouse.map,74,10,TP,5,500,1,480.616,1132,31
warehouse.map,75,10,TP,5,500,1,498.844,1172,47
warehouse.map,80,10,TP,5,500,1,473.682,1148,26
warehouse.map,81,10,TP,5,500,1,503.83,1166,37
warehouse.map,82,10,TP,5,500,1,507.266,1148,32
warehouse.map,83,10,TP,5,500,1,464.74,1087,30
warehouse.map,84,10,TP,5,500,1,509.696,1112,33
warehouse.map,85,10,TP,5,500,1,509.396,1186,42
warehouse.map,86,10,TP,5,500,1,506.428,1194,32
warehouse.map,87,10,TP,5,500,1,489.974,1160,40
warehouse.map,88,10,TP,5,500,1,519.118,1166,59
warehouse.map,89,10,TP,5,500,1,526.164,1186,45
warehouse.map,90,10,TP,5,500,1,504.204,1146,63
warehouse.map,91,10,TP,5,500,1,515.944,1210,64
warehouse.map,96,10,TP,5,500,1,491.978,1164,33
warehouse.map,97,10,TP,5,500,1,507.166,1130,43
warehouse.map,98,10,TP,5,500,1,493.98,1140,34
warehouse.map,99,10,TP,5,500,1,520.288,1200,46
warehouse.map,96,50,TP,2,500,1,66.228,430,410
warehouse.map,97,50,TP,2,500,1,65.116,396,302
warehouse.map,98,50,TP,2,500,1,66.042,412,510
warehouse.map,99,50,TP,2,500,1,72.22,388,432
warehouse.map,92,10,TP,5,500,1,512.4,1202,53
warehouse.map,93,10,TP,5,500,1,494.024,1136,37
warehouse.map,94,10,TP,5,500,1,492.984,1162,37
warehouse.map,95,10,TP,5,500,1,498.526,1178,35
warehouse.map,4,20,TP,5,500,1,249.896,654,87
warehouse.map,5,20,TP,5,500,1,246.668,621,76
warehouse.map,6,20,TP,5,500,1,247.23,624,104
warehouse.map,7,20,TP,5,500,1,248.474,642,55
warehouse.map,8,20,TP,5,500,1,245.684,631,87
warehouse.map,9,20,TP,5,500,1,266.094,657,88
warehouse.map,10,20,TP,5,500,1,256.356,653,99
warehouse.map,11,20,TP,5,500,1,259.06,659,127
warehouse.map,12,20,TP,5,500,1,256.358,626,152
warehouse.map,13,20,TP,5,500,1,254.098,639,70
warehouse.map,14,20,TP,5,500,1,249.962,632,61
warehouse.map,15,20,TP,5,500,1,246.716,615,94
warehouse.map,0,20,TP,5,500,1,250.838,644,62
warehouse.map,1,20,TP,5,500,1,261.006,651,107
warehouse.map,2,20,TP,5,500,1,251.878,616,91
warehouse.map,3,20,TP,5,500,1,267.304,679,266
warehouse.map,20,20,TP,5,500,1,261.878,683,97
warehouse.map,21,20,TP,5,500,1,258.112,638,102
warehouse.map,22,20,TP,5,500,1,270.792,680,95
warehouse.map,23,20,TP,5,500,1,257.448,647,98
warehouse.map,24,20,TP,5,500,1,249.186,632,59
warehouse.map,25,20,TP,5,500,1,249.296,616,70
warehouse.map,26,20,TP,5,500,1,255.824,627,64
warehouse.map,27,20,TP,5,500,1,263.986,679,259
warehouse.map,32,20,TP,5,500,1,250.22,625,86
warehouse.map,33,20,TP,5,500,1,250.77,664,93
warehouse.map,34,20,TP,5,500,1,246.01,618,58
warehouse.map,35,20,TP,5,500,1,244.364,641,101
warehouse.map,36,20,TP,5,500,1,250.14,620,78
warehouse.map,37,20,TP,5,500,1,256.966,624,122
warehouse.map,38,20,TP,5,500,1,249.496,630,105
warehouse.map,39,20,TP,5,500,1,246.998,660,64
warehouse.map,40,20,TP,5,500,1,254.086,657,72
warehouse.map,41,20,TP,5,500,1,255.54,622,91
warehouse.map,42,20,TP,5,500,1,262.994,667,111
warehouse.map,43,20,TP,5,500,1,273.21,677,98
warehouse.map,16,20,TP,5,500,1,239.536,621,86
warehouse.map,17,20,TP,5,500,1,265.934,648,109
warehouse.map,18,20,TP,5,500,1,269.922,629,356
warehouse.map,19,20,TP,5,500,1,247.556,613,100
warehouse.map,28,20,TP,5,500,1,253.846,620,70
warehouse.map,29,20,TP,5,500,1,252.566,634,129
warehouse.map,30,20,TP,5,500,1,271.53,668,140
warehouse.map,31,20,TP,5,500,1,252.044,688,110
warehouse.map,48,20,TP,5,500,1,249.166,605,66
warehouse.map,49,20,TP,5,500,1,254.838,632,93
warehouse.map,50,20,TP,5,500,1,253.456,620,59
warehouse.map,51,20,TP,5,500,1,264.49,650,118
warehouse.map,56,20,TP,5,500,1,243.096,643,66
warehouse.map,57,20,TP,5,500,1,250.3,622,76
warehouse.map,58,20,TP,5,500,1,257.084,632,79
warehouse.map,59,20,TP,5,500,1,248.464,649,79
warehouse.map,60,20,TP,5,500,1,232.132,665,74
warehouse.map,61,20,TP,5,500,1,254.618,649,86
warehouse.map,62,20,TP,5,500,1,256.264,635,141
warehouse.map,63,20,TP,5,500,1,249.954,621,151
warehouse.map,64,20,TP,5,500,1,253.762,687,94
warehouse.map,65,20,TP,5,500,1,243.178,635,86
warehouse.map,66,20,TP,5,500,1,249.014,614,83
warehouse.map,67,20,TP,5,500,1,246.53,626,82
warehouse.map,44,20,TP,5,500,1,255.058,655,153
warehouse.map,45,20,TP,5,500,1,251.13,630,93
warehouse.map,46,20,TP,5,500,1,271.586,683,162
warehouse.map,47,20,TP,5,500,1,257.468,680,93
warehouse.map,52,20,TP,5,500,1,251.614,629,77
warehouse.map,53,20,TP,5,500,1,253.578,654,160
warehouse.map,54,20,TP,5,500,1,258.334,651,95
warehouse.map,55,20,TP,5,500,1,260.806,679,108
warehouse.map,68,20,TP,5,500,1,248.546,660,84
warehouse.map,69,20,TP,5,500,1,246.966,638,129
warehouse.map,70,20,TP,5,500,1,254.748,637,126
warehouse.map,71,20,TP,5,500,1,236.622,625,82
warehouse.map,76,20,TP,5,500,1,257.512,641,69
warehouse.map,77,20,TP,5,500,1,271.512,660,110
warehouse.map,78,20,TP,5,500,1,243.212,606,77
warehouse.map,79,20,TP,5,500,1,251.09,637,109
warehouse.map,72,20,TP,5,500,1,251.36,648,105
warehouse.map,73,20,TP,5,500,1,263.818,653,100
warehouse.map,74,20,TP,5,500,1,245.506,626,112
warehouse.map,75,20,TP,5,500,1,254.794,658,128
warehouse.map,80,20,TP,5,500,1,244.038,678,82
warehouse.map,81,20,TP,5,500,1,260.138,650,84
warehouse.map,82,20,TP,5,500,1,261.974,631,113
warehouse.map,83,20,TP,5,500,1,236.218,605,75
warehouse.map,84,20,TP,5,500,1,263.34,624,94
warehouse.map,85,20,TP,5,500,1,267.33,664,95
warehouse.map,86,20,TP,5,500,1,258.356,654,79
warehouse.map,87,20,TP,5,500,1,241.42,628,74
warehouse.map,92,20,TP,5,500,1,255.402,643,65
warehouse.map,93,20,TP,5,500,1,257.226,628,91
warehouse.map,94,20,TP,5,500,1,242.214,615,58
warehouse.map,95,20,TP,5,500,1,254.09,669,78
warehouse.map,88,20,TP,5,500,1,265.988,644,108
warehouse.map,89,20,TP,5,500,1,266.668,653,104
warehouse.map,90,20,TP,5,500,1,252.788,641,63
warehouse.map,91,20,TP,5,500,1,262.732,687,162
warehouse.map,96,20,TP,5,500,1,257.11,659,86
warehouse.map,97,20,TP,5,500,1,251.64,660,64
warehouse.map,98,20,TP,5,500,1,251.044,626,69
warehouse.map,99,20,TP,5,500,1,270.854,682,74
warehouse.map,12,30,TP,5,500,1,177.282,497,158
warehouse.map,13,30,TP,5,500,1,181.722,483,156
warehouse.map,14,30,TP,5,500,1,170.136,479,124
warehouse.map,15,30,TP,5,500,1,167.44,482,100
warehouse.map,0,30,TP,5,500,1,170.688,456,78
warehouse.map,1,30,TP,5,500,1,181.026,547,232
warehouse.map,2,30,TP,5,500,1,173.536,447,155
warehouse.map,3,30,TP,5,500,1,173.418,473,219
warehouse.map,8,30,TP,5,500,1,163.326,471,120
warehouse.map,9,30,TP,5,500,1,179.484,535,134
warehouse.map,10,30,TP,5,500,1,177.542,494,198
warehouse.map,11,30,TP,5,500,1,182.702,527,176
warehouse.map,4,30,TP,5,500,1,173.1,511,235
warehouse.map,5,30,TP,5,500,1,170.128,451,116
warehouse.map,6,30,TP,5,500,1,179.478,464,177
warehouse.map,7,30,TP,5,500,1,169.034,447,89
warehouse.map,24,30,TP,5,500,1,168.134,467,107
warehouse.map,25,30,TP,5,500,1,170.796,455,123
warehouse.map,26,30,TP,5,500,1,177.878,457,115
warehouse.map,27,30,TP,5,500,1,181.16,474,184
warehouse.map,20,30,TP,5,500,1,183.896,491,144
warehouse.map,21,30,TP,5,500,1,185.308,483,155
warehouse.map,22,30,TP,5,500,1,182.382,585,140
warehouse.map,23,30,TP,5,500,1,176.592,493,136
warehouse.map,28,30,TP,5,500,1,175.14,453,117
warehouse.map,29,30,TP,5,500,1,172.984,463,129
warehouse.map,30,30,TP,5,500,1,185.0,509,170
warehouse.map,31,30,TP,5,500,1,169.894,573,209
warehouse.map,40,30,TP,5,500,1,168.36,467,110
warehouse.map,41,30,TP,5,500,1,182.184,454,180
warehouse.map,42,30,TP,5,500,1,182.826,535,201
warehouse.map,43,30,TP,5,500,1,186.262,485,154
warehouse.map,36,30,TP,5,500,1,176.332,487,140
warehouse.map,37,30,TP,5,500,1,174.54,462,182
warehouse.map,38,30,TP,5,500,1,176.248,466,150
warehouse.map,39,30,TP,5,500,1,163.808,449,88
warehouse.map,64,30,TP,5,500,1,178.224,540,185
warehouse.map,65,30,TP,5,500,1,169.452,464,121
warehouse.map,66,30,TP,5,500,1,171.924,459,153
warehouse.map,67,30,TP,5,500,1,167.436,487,97
warehouse.map,56,30,TP,5,500,1,163.16,507,96
warehouse.map,57,30,TP,5,500,1,178.748,457,161
warehouse.map,58,30,TP,5,500,1,176.584,476,116
warehouse.map,59,30,TP,5,500,1,175.85,489,154
warehouse.map,52,30,TP,5,500,1,182.286,467,194
warehouse.map,53,30,TP,5,500,1,169.48,467,131
warehouse.map,54,30,TP,5,500,1,174.844,500,129
warehouse.map,55,30,TP,5,500,1,174.77,511,111
warehouse.map,32,30,TP,5,500,1,167.646,454,110
warehouse.map,33,30,TP,5,500,1,174.474,497,188
warehouse.map,34,30,TP,5,500,1,169.892,508,246
warehouse.map,35,30,TP,5,500,1,168.64,463,152
warehouse.map,44,30,TP,5,500,1,178.22,527,154
warehouse.map,45,30,TP,5,500,1,164.59,468,122
warehouse.map,46,30,TP,5,500,1,187.94,496,174
warehouse.map,47,30,TP,5,500,1,179.808,525,226
warehouse.map,48,30,TP,5,500,1,174.92,475,197
warehouse.map,49,30,TP,5,500,1,178.852,468,115
warehouse.map,50,30,TP,5,500,1,173.256,487,149
warehouse.map,51,30,TP,5,500,1,178.994,498,155
warehouse.map,16,30,TP,5,500,1,165.816,487,109
warehouse.map,17,30,TP,5,500,1,188.03,482,188
warehouse.map,18,30,TP,5,500,1,195.428,508,616
warehouse.map,19,30,TP,5,500,1,163.028,444,95
warehouse.map,76,30,TP,5,500,1,175.322,468,134
warehouse.map,77,30,TP,5,500,1,181.626,467,145
warehouse.map,78,30,TP,5,500,1,160.638,433,86
warehouse.map,79,30,TP,5,500,1,167.548,463,128
warehouse.map,60,30,TP,5,500,1,159.734,440,75
warehouse.map,61,30,TP,5,500,1,173.856,478,180
warehouse.map,62,30,TP,5,500,1,180.726,495,154
warehouse.map,63,30,TP,5,500,1,175.072,470,299
warehouse.map,80,30,TP,5,500,1,164.676,545,107
warehouse.map,81,30,TP,5,500,1,180.214,469,138
warehouse.map,82,30,TP,5,500,1,179.748,480,94
warehouse.map,83,30,TP,5,500,1,161.302,438,102
warehouse.map,68,30,TP,5,500,1,172.368,487,170
warehouse.map,69,30,TP,5,500,1,169.28,454,91
warehouse.map,70,30,TP,5,500,1,186.782,498,411
warehouse.map,71,30,TP,5,500,1,164.87,453,87
warehouse.map,72,30,TP,5,500,1,170.458,482,118
warehouse.map,73,30,TP,5,500,1,183.84,491,153
warehouse.map,74,30,TP,5,500,1,173.78,477,168
warehouse.map,75,30,TP,5,500,1,182.11,499,246
warehouse.map,88,30,TP,5,500,1,183.956,481,153
warehouse.map,89,30,TP,5,500,1,182.562,510,101
warehouse.map,90,30,TP,5,500,1,174.162,475,104
warehouse.map,91,30,TP,5,500,1,177.832,506,123
warehouse.map,84,30,TP,5,500,1,183.372,486,209
warehouse.map,85,30,TP,5,500,1,201.096,538,314
warehouse.map,86,30,TP,5,500,1,185.956,523,231
warehouse.map,87,30,TP,5,500,1,167.348,455,80
warehouse.map,92,30,TP,5,500,1,175.054,481,133
warehouse.map,93,30,TP,5,500,1,181.476,454,180
warehouse.map,94,30,TP,5,500,1,164.802,464,129
warehouse.map,95,30,TP,5,500,1,176.914,470,291
warehouse.map,96,30,TP,5,500,1,169.392,507,111
warehouse.map,97,30,TP,5,500,1,171.602,451,86
warehouse.map,98,30,TP,5,500,1,169.708,456,136
warehouse.map,99,30,TP,5,500,1,186.768,487,147
warehouse.map,12,40,TP,5,500,1,131.964,395,193
warehouse.map,13,40,TP,5,500,1,144.358,392,272
warehouse.map,14,40,TP,5,500,1,134.41,408,181
warehouse.map,15,40,TP,5,500,1,131.346,396,206
warehouse.map,8,40,TP,5,500,1,125.948,412,118
warehouse.map,9,40,TP,5,500,1,139.578,438,220
warehouse.map,10,40,TP,5,500,1,136.054,449,327
warehouse.map,11,40,TP,5,500,1,139.318,396,257
warehouse.map,4,40,TP,5,500,1,134.81,426,306
warehouse.map,5,40,TP,5,500,1,130.092,388,149
warehouse.map,6,40,TP,5,500,1,138.626,390,268
warehouse.map,7,40,TP,5,500,1,142.072,429,327
warehouse.map,0,40,TP,5,500,1,129.768,398,111
warehouse.map,1,40,TP,5,500,1,145.68,458,614
warehouse.map,2,40,TP,5,500,1,135.97,385,165
warehouse.map,3,40,TP,5,500,1,132.064,399,263
warehouse.map,24,40,TP,5,500,1,141.764,412,267
warehouse.map,25,40,TP,5,500,1,141.634,376,256
warehouse.map,26,40,TP,5,500,1,139.768,389,176
warehouse.map,27,40,TP,5,500,1,140.49,400,241
warehouse.map,20,40,TP,5,500,1,142.816,402,179
warehouse.map,21,40,TP,5,500,1,150.892,409,350
warehouse.map,22,40,TP,5,500,1,139.902,509,179
warehouse.map,23,40,TP,5,500,1,140.25,443,238
warehouse.map,32,40,TP,5,500,1,132.466,395,186
warehouse.map,33,40,TP,5,500,1,134.92,416,212
warehouse.map,34,40,TP,5,500,1,129.934,382,153
warehouse.map,35,40,TP,5,500,1,128.556,386,177
warehouse.map,28,40,TP,5,500,1,135.942,371,202
warehouse.map,29,40,TP,5,500,1,136.516,383,189
warehouse.map,30,40,TP,5,500,1,147.118,411,283
warehouse.map,31,40,TP,5,500,1,131.576,459,175
warehouse.map,36,40,TP,5,500,1,135.196,399,230
warehouse.map,37,40,TP,5,500,1,137.5,372,204
warehouse.map,38,40,TP,5,500,1,132.194,384,201
warehouse.map,39,40,TP,5,500,1,131.96,393,202
warehouse.map,48,40,TP,5,500,1,131.514,378,166
warehouse.map,49,40,TP,5,500,1,145.312,417,309
warehouse.map,50,40,TP,5,500,1,135.402,392,162
warehouse.map,51,40,TP,5,500,1,139.498,414,179
warehouse.map,56,40,TP,5,500,1,128.71,411,204
warehouse.map,57,40,TP,5,500,1,129.538,385,149
warehouse.map,58,40,TP,5,500,1,133.602,398,180
warehouse.map,59,40,TP,5,500,1,131.036,477,258
warehouse.map,64,40,TP,5,500,1,134.052,440,210
warehouse.map,65,40,TP,5,500,1,135.854,394,281
warehouse.map,66,40,TP,5,500,1,133.084,371,177
warehouse.map,67,40,TP,5,500,1,131.296,496,145
warehouse.map,40,40,TP,5,500,1,132.262,402,183
warehouse.map,41,40,TP,5,500,1,139.166,393,288
warehouse.map,42,40,TP,5,500,1,148.71,400,281
warehouse.map,43,40,TP,5,500,1,143.48,404,142
warehouse.map,72,40,TP,5,500,1,130.438,381,138
warehouse.map,73,40,TP,5,500,1,140.342,383,188
warehouse.map,74,40,TP,5,500,1,133.208,379,277
warehouse.map,75,40,TP,5,500,1,132.132,405,234
warehouse.map,44,40,TP,5,500,1,142.61,461,224
warehouse.map,45,40,TP,5,500,1,126.912,413,200
warehouse.map,46,40,TP,5,500,1,147.738,472,281
warehouse.map,47,40,TP,5,500,1,135.16,428,272
warehouse.map,80,40,TP,5,500,1,129.146,484,176
warehouse.map,81,40,TP,5,500,1,137.416,395,199
warehouse.map,82,40,TP,5,500,1,137.158,423,129
warehouse.map,83,40,TP,5,500,1,123.138,364,142
warehouse.map,60,40,TP,5,500,1,123.912,382,142
warehouse.map,61,40,TP,5,500,1,133.348,417,213
warehouse.map,62,40,TP,5,500,1,134.364,399,177
warehouse.map,63,40,TP,5,500,1,140.9,397,386
warehouse.map,76,40,TP,5,500,1,138.058,475,176
warehouse.map,77,40,TP,5,500,1,142.322,397,271
warehouse.map,78,40,TP,5,500,1,128.914,380,140
warehouse.map,79,40,TP,5,500,1,137.708,457,222
warehouse.map,68,40,TP,5,500,1,130.076,410,193
warehouse.map,69,40,TP,5,500,1,130.706,371,149
warehouse.map,70,40,TP,5,500,1,142.164,403,502
warehouse.map,71,40,TP,5,500,1,127.4,385,122
warehouse.map,16,40,TP,5,500,1,126.302,383,192
warehouse.map,17,40,TP,5,500,1,143.146,386,251
warehouse.map,18,40,TP,5,500,1,168.174,413,938
warehouse.map,19,40,TP,5,500,1,123.696,369,116
warehouse.map,52,40,TP,5,500,1,143.652,404,473
warehouse.map,53,40,TP,5,500,1,131.75,491,187
warehouse.map,54,40,TP,5,500,1,142.776,417,321
warehouse.map,55,40,TP,5,500,1,137.0,495,224
warehouse.map,84,40,TP,5,500,1,140.832,420,233
warehouse.map,85,40,TP,5,500,1,152.914,459,414
warehouse.map,86,40,TP,5,500,1,140.526,389,265
warehouse.map,87,40,TP,5,500,1,124.588,387,121
warehouse.map,88,40,TP,5,500,1,140.434,398,238
warehouse.map,89,40,TP,5,500,1,141.13,424,145
warehouse.map,90,40,TP,5,500,1,134.108,379,135
warehouse.map,91,40,TP,5,500,1,141.048,434,277
warehouse.map,92,40,TP,5,500,1,135.7,417,217
warehouse.map,93,40,TP,5,500,1,140.8,404,258
warehouse.map,94,40,TP,5,500,1,132.56,400,151
warehouse.map,95,40,TP,5,500,1,138.19,415,275
warehouse.map,96,40,TP,5,500,1,134.79,410,208
warehouse.map,97,40,TP,5,500,1,136.594,384,168
warehouse.map,98,40,TP,5,500,1,136.272,486,187
warehouse.map,99,40,TP,5,500,1,152.17,435,454
warehouse.map,0,50,TP,5,500,1,111.402,324,193
warehouse.map,1,50,TP,5,500,1,122.332,376,400
warehouse.map,2,50,TP,5,500,1,113.636,349,237
warehouse.map,3,50,TP,5,500,1,111.748,369,403
warehouse.map,28,50,TP,5,500,1,113.264,359,199
warehouse.map,29,50,TP,5,500,1,111.644,369,206
warehouse.map,30,50,TP,5,500,1,121.584,397,375
warehouse.map,31,50,TP,5,500,1,106.568,402,198
warehouse.map,4,50,TP,5,500,1,104.094,365,210
warehouse.map,5,50,TP,5,500,1,108.376,386,201
warehouse.map,6,50,TP,5,500,1,115.108,334,284
warehouse.map,7,50,TP,5,500,1,124.204,379,466
warehouse.map,24,50,TP,5,500,1,111.774,364,236
warehouse.map,25,50,TP,5,500,1,118.568,357,300
warehouse.map,26,50,TP,5,500,1,113.286,315,184
warehouse.map,27,50,TP,5,500,1,116.266,345,255
warehouse.map,56,50,TP,5,500,1,106.968,370,207
warehouse.map,57,50,TP,5,500,1,115.396,354,226
warehouse.map,58,50,TP,5,500,1,111.644,383,192
warehouse.map,59,50,TP,5,500,1,111.492,385,210
warehouse.map,44,50,TP,5,500,1,117.98,440,241
warehouse.map,45,50,TP,5,500,1,105.262,369,140
warehouse.map,46,50,TP,5,500,1,121.624,420,358
warehouse.map,47,50,TP,5,500,1,115.98,368,277
warehouse.map,32,50,TP,5,500,1,111.526,332,241
warehouse.map,33,50,TP,5,500,1,114.962,365,327
warehouse.map,34,50,TP,5,500,1,113.772,335,279
warehouse.map,35,50,TP,5,500,1,112.416,350,324
warehouse.map,8,50,TP,5,500,1,109.638,433,257
warehouse.map,9,50,TP,5,500,1,124.344,365,251
warehouse.map,10,50,TP,5,500,1,114.692,415,383
warehouse.map,11,50,TP,5,500,1,122.572,405,392
warehouse.map,48,50,TP,5,500,1,118.314,351,361
warehouse.map,49,50,TP,5,500,1,116.452,358,251
warehouse.map,50,50,TP,5,500,1,113.56,354,196
warehouse.map,51,50,TP,5,500,1,115.286,368,239
warehouse.map,36,50,TP,5,500,1,111.644,337,228
warehouse.map,37,50,TP,5,500,1,116.278,367,343
warehouse.map,38,50,TP,5,500,1,116.986,352,363
warehouse.map,39,50,TP,5,500,1,106.334,332,257
warehouse.map,12,50,TP,5,500,1,116.452,381,417
warehouse.map,13,50,TP,5,500,1,115.574,348,286
warehouse.map,14,50,TP,5,500,1,108.964,356,328
warehouse.map,15,50,TP,5,500,1,109.122,348,249
warehouse.map,40,50,TP,5,500,1,110.774,388,232
warehouse.map,41,50,TP,5,500,1,120.354,345,501
warehouse.map,42,50,TP,5,500,1,121.296,402,377
warehouse.map,43,50,TP,5,500,1,119.368,349,280
warehouse.map,72,50,TP,5,500,1,106.63,342,168
warehouse.map,73,50,TP,5,500,1,120.774,354,246
warehouse.map,74,50,TP,5,500,1,105.066,355,264
warehouse.map,75,50,TP,5,500,1,113.37,366,328
warehouse.map,20,50,TP,5,500,1,123.272,376,371
warehouse.map,21,50,TP,5,500,1,124.696,343,375
warehouse.map,22,50,TP,5,500,1,121.06,532,281
warehouse.map,23,50,TP,5,500,1,118.184,465,479
warehouse.map,64,50,TP,5,500,1,121.326,397,515
warehouse.map,65,50,TP,5,500,1,111.638,327,271
warehouse.map,66,50,TP,5,500,1,109.77,325,181
warehouse.map,67,50,TP,5,500,1,113.266,448,254
warehouse.map,60,50,TP,5,500,1,98.776,339,137
warehouse.map,61,50,TP,5,500,1,108.754,373,206
warehouse.map,62,50,TP,5,500,1,117.852,353,283
warehouse.map,63,50,TP,5,500,1,116.608,404,520
warehouse.map,52,50,TP,5,500,1,118.468,371,457
warehouse.map,53,50,TP,5,500,1,109.744,375,204
warehouse.map,54,50,TP,5,500,1,118.516,358,391
warehouse.map,55,50,TP,5,500,1,118.864,452,294
warehouse.map,68,50,TP,5,500,1,114.334,409,411
warehouse.map,69,50,TP,5,500,1,109.918,345,241
warehouse.map,70,50,TP,5,500,1,114.664,334,427
warehouse.map,71,50,TP,5,500,1,105.528,371,286
warehouse.map,76,50,TP,5,500,1,112.768,357,285
warehouse.map,77,50,TP,5,500,1,116.514,365,260
warehouse.map,78,50,TP,5,500,1,106.96,347,282
warehouse.map,79,50,TP,5,500,1,113.144,347,292
warehouse.map,80,50,TP,5,500,1,112.364,426,368
warehouse.map,81,50,TP,5,500,1,115.868,374,274
warehouse.map,82,50,TP,5,500,1,111.35,360,241
warehouse.map,83,50,TP,5,500,1,104.902,346,184
warehouse.map,0,10,TP,10,500,1,520.258,1153,27
warehouse.map,1,10,TP,10,500,1,529.636,1168,35
warehouse.map,2,10,TP,10,500,1,514.512,1143,69
warehouse.map,3,10,TP,10,500,1,508.764,1138,43
warehouse.map,84,50,TP,5,500,1,117.748,355,314
warehouse.map,85,50,TP,5,500,1,129.272,400,489
warehouse.map,86,50,TP,5,500,1,120.152,346,401
warehouse.map,87,50,TP,5,500,1,105.242,371,144
warehouse.map,16,50,TP,5,500,1,104.73,353,197
warehouse.map,17,50,TP,5,500,1,119.766,368,312
warehouse.map,18,50,TP,5,500,1,149.682,388,1386
warehouse.map,19,50,TP,5,500,1,110.45,391,358
warehouse.map,8,10,TP,10,500,1,497.416,1132,39
warehouse.map,9,10,TP,10,500,1,536.792,1187,46
warehouse.map,10,10,TP,10,500,1,527.506,1182,37
warehouse.map,11,10,TP,10,500,1,531.996,1197,48
warehouse.map,4,10,TP,10,500,1,500.324,1141,41
warehouse.map,5,10,TP,10,500,1,510.33,1107,33
warehouse.map,6,10,TP,10,500,1,510.012,1130,63
warehouse.map,7,10,TP,10,500,1,519.71,1110,25
warehouse.map,88,50,TP,5,500,1,114.594,409,286
warehouse.map,89,50,TP,5,500,1,124.822,368,392
warehouse.map,90,50,TP,5,500,1,113.108,372,200
warehouse.map,91,50,TP,5,500,1,117.564,408,261
warehouse.map,16,10,TP,10,500,1,501.78,1150,50
warehouse.map,17,10,TP,10,500,1,531.948,1170,46
warehouse.map,18,10,TP,10,500,1,506.592,1122,57
warehouse.map,19,10,TP,10,500,1,516.42,1149,55
warehouse.map,12,10,TP,10,500,1,516.49,1150,52
warehouse.map,13,10,TP,10,500,1,524.37,1154,42
warehouse.map,14,10,TP,10,500,1,521.344,1173,66
warehouse.map,15,10,TP,10,500,1,506.54,1130,45
warehouse.map,24,10,TP,10,500,1,518.43,1152,72
warehouse.map,25,10,TP,10,500,1,507.534,1118,38
warehouse.map,26,10,TP,10,500,1,535.516,1140,37
warehouse.map,27,10,TP,10,500,1,533.476,1188,53
warehouse.map,20,10,TP,10,500,1,538.204,1206,52
warehouse.map,21,10,TP,10,500,1,531.888,1169,45
warehouse.map,22,10,TP,10,500,1,544.906,1186,57
warehouse.map,23,10,TP,10,500,1,526.324,1166,47
warehouse.map,28,10,TP,10,500,1,524.798,1130,31
warehouse.map,29,10,TP,10,500,1,519.882,1192,64
warehouse.map,30,10,TP,10,500,1,549.494,1197,38
warehouse.map,31,10,TP,10,500,1,521.324,1165,48
warehouse.map,36,10,TP,10,500,1,501.47,1118,29
warehouse.map,37,10,TP,10,500,1,517.204,1121,58
warehouse.map,38,10,TP,10,500,1,504.432,1123,31
warehouse.map,39,10,TP,10,500,1,517.918,1155,49
warehouse.map,32,10,TP,10,500,1,517.872,1183,38
warehouse.map,33,10,TP,10,500,1,516.946,1129,38
warehouse.map,34,10,TP,10,500,1,505.712,1127,36
warehouse.map,35,10,TP,10,500,1,504.338,1152,43
warehouse.map,44,10,TP,10,500,1,532.818,1181,44
warehouse.map,45,10,TP,10,500,1,517.76,1154,47
warehouse.map,46,10,TP,10,500,1,546.528,1198,44
warehouse.map,47,10,TP,10,500,1,535.43,1174,55
warehouse.map,40,10,TP,10,500,1,530.444,1188,49
warehouse.map,41,10,TP,10,500,1,504.36,1080,33
warehouse.map,42,10,TP,10,500,1,543.86,1187,85
warehouse.map,43,10,TP,10,500,1,553.488,1198,52
warehouse.map,92,50,TP,5,500,1,114.884,351,273
warehouse.map,93,50,TP,5,500,1,115.102,329,259
warehouse.map,94,50,TP,5,500,1,111.412,357,226
warehouse.map,95,50,TP,5,500,1,114.236,348,280
warehouse.map,52,10,TP,10,500,1,521.218,1139,50
warehouse.map,53,10,TP,10,500,1,497.332,1118,43
warehouse.map,54,10,TP,10,500,1,523.796,1186,52
warehouse.map,55,10,TP,10,500,1,530.158,1181,35
warehouse.map,48,10,TP,10,500,1,514.584,1129,39
warehouse.map,49,10,TP,10,500,1,531.874,1134,54
warehouse.map,50,10,TP,10,500,1,534.53,1149,54
warehouse.map,51,10,TP,10,500,1,546.532,1216,66
warehouse.map,56,10,TP,10,500,1,512.132,1144,30
warehouse.map,57,10,TP,10,500,1,533.504,1169,67
warehouse.map,58,10,TP,10,500,1,542.656,1156,41
warehouse.map,59,10,TP,10,500,1,509.974,1155,43
warehouse.map,60,10,TP,10,500,1,483.47,1128,49
warehouse.map,61,10,TP,10,500,1,516.226,1139,44
warehouse.map,62,10,TP,10,500,1,525.176,1164,45
warehouse.map,63,10,TP,10,500,1,508.806,1121,53
warehouse.map,68,10,TP,10,500,1,502.896,1116,33
warehouse.map,69,10,TP,10,500,1,504.256,1106,45
warehouse.map,70,10,TP,10,500,1,522.078,1140,39
warehouse.map,71,10,TP,10,500,1,499.81,1111,55
warehouse.map,64,10,TP,10,500,1,511.02,1153,32
warehouse.map,65,10,TP,10,500,1,499.868,1135,48
warehouse.map,66,10,TP,10,500,1,512.378,1114,37
warehouse.map,67,10,TP,10,500,1,510.15,1135,40
warehouse.map,96,50,TP,5,500,1,113.242,340,232
warehouse.map,97,50,TP,5,500,1,112.834,385,313
warehouse.map,98,50,TP,5,500,1,116.532,429,304
warehouse.map,99,50,TP,5,500,1,118.862,352,244
warehouse.map,80,10,TP,10,500,1,498.486,1205,32
warehouse.map,81,10,TP,10,500,1,527.612,1188,59
warehouse.map,82,10,TP,10,500,1,532.136,1135,43
warehouse.map,83,10,TP,10,500,1,496.624,1099,42
warehouse.map,76,10,TP,10,500,1,537.202,1129,49
warehouse.map,77,10,TP,10,500,1,542.36,1150,42
warehouse.map,78,10,TP,10,500,1,504.608,1099,43
warehouse.map,79,10,TP,10,500,1,517.706,1156,46
warehouse.map,72,10,TP,10,500,1,503.722,1143,31
warehouse.map,73,10,TP,10,500,1,528.89,1178,89
warehouse.map,74,10,TP,10,500,1,501.998,1120,29
warehouse.map,75,10,TP,10,500,1,515.02,1153,47
warehouse.map,84,10,TP,10,500,1,541.708,1157,60
warehouse.map,85,10,TP,10,500,1,527.174,1183,37
warehouse.map,86,10,TP,10,500,1,535.414,1216,42
warehouse.map,87,10,TP,10,500,1,505.488,1137,24
warehouse.map,88,10,TP,10,500,1,543.532,1161,68
warehouse.map,89,10,TP,10,500,1,538.088,1180,39
warehouse.map,90,10,TP,10,500,1,516.52,1121,46
warehouse.map,91,10,TP,10,500,1,541.27,1185,41
warehouse.map,92,10,TP,10,500,1,540.926,1197,57
warehouse.map,93,10,TP,10,500,1,529.44,1166,59
warehouse.map,94,10,TP,10,500,1,518.108,1156,51
warehouse.map,95,10,TP,10,500,1,526.816,1191,42
warehouse.map,96,10,TP,10,500,1,527.804,1177,55
warehouse.map,97,10,TP,10,500,1,531.766,1138,44
warehouse.map,98,10,TP,10,500,1,516.854,1149,29
warehouse.map,99,10,TP,10,500,1,539.942,1197,39
warehouse.map,8,20,TP,10,500,1,263.438,620,56
warehouse.map,9,20,TP,10,500,1,288.734,660,109
warehouse.map,10,20,TP,10,500,1,278.062,655,83
warehouse.map,11,20,TP,10,500,1,279.296,657,93
warehouse.map,0,20,TP,10,500,1,276.458,627,77
warehouse.map,1,20,TP,10,500,1,284.596,651,115
warehouse.map,2,20,TP,10,500,1,272.024,605,107
warehouse.map,3,20,TP,10,500,1,268.402,640,67
warehouse.map,4,20,TP,10,500,1,267.0,667,152
warehouse.map,5,20,TP,10,500,1,266.564,617,73
warehouse.map,6,20,TP,10,500,1,272.056,648,98
warehouse.map,7,20,TP,10,500,1,269.592,666,71
warehouse.map,24,20,TP,10,500,1,266.074,617,58
warehouse.map,25,20,TP,10,500,1,269.938,616,76
warehouse.map,26,20,TP,10,500,1,285.386,625,70
warehouse.map,27,20,TP,10,500,1,288.624,661,135
warehouse.map,20,20,TP,10,500,1,280.126,665,77
warehouse.map,21,20,TP,10,500,1,284.58,639,96
warehouse.map,22,20,TP,10,500,1,281.21,686,67
warehouse.map,23,20,TP,10,500,1,287.324,658,118
warehouse.map,16,20,TP,10,500,1,257.028,621,69
warehouse.map,17,20,TP,10,500,1,288.332,634,100
warehouse.map,18,20,TP,10,500,1,270.104,612,115
warehouse.map,19,20,TP,10,500,1,267.884,638,100
warehouse.map,12,20,TP,10,500,1,274.774,625,103
warehouse.map,13,20,TP,10,500,1,276.114,628,104
warehouse.map,14,20,TP,10,500,1,273.736,645,88
warehouse.map,15,20,TP,10,500,1,267.32,661,168
warehouse.map,48,20,TP,10,500,1,271.748,624,77
warehouse.map,49,20,TP,10,500,1,278.064,626,71
warehouse.map,50,20,TP,10,500,1,270.61,620,45
warehouse.map,51,20,TP,10,500,1,275.852,629,70
warehouse.map,36,20,TP,10,500,1,265.718,620,52
warehouse.map,37,20,TP,10,500,1,275.534,623,88
warehouse.map,38,20,TP,10,500,1,269.282,617,88
warehouse.map,39,20,TP,10,500,1,262.986,630,50
warehouse.map,32,20,TP,10,500,1,270.272,646,75
warehouse.map,33,20,TP,10,500,1,277.598,651,133
warehouse.map,34,20,TP,10,500,1,262.154,611,55
warehouse.map,35,20,TP,10,500,1,262.002,630,95
warehouse.map,44,20,TP,10,500,1,273.804,659,72
warehouse.map,45,20,TP,10,500,1,275.308,650,129
warehouse.map,46,20,TP,10,500,1,286.378,662,76
warehouse.map,47,20,TP,10,500,1,272.92,654,56
warehouse.map,56,20,TP,10,500,1,273.546,656,76
warehouse.map,57,20,TP,10,500,1,270.62,656,59
warehouse.map,58,20,TP,10,500,1,280.478,622,82
warehouse.map,59,20,TP,10,500,1,268.65,640,114
warehouse.map,40,20,TP,10,500,1,277.54,662,70
warehouse.map,41,20,TP,10,500,1,272.584,626,90
warehouse.map,42,20,TP,10,500,1,284.99,632,101
warehouse.map,43,20,TP,10,500,1,292.814,657,109
warehouse.map,52,20,TP,10,500,1,277.388,634,124
warehouse.map,53,20,TP,10,500,1,265.268,690,95
warehouse.map,54,20,TP,10,500,1,278.292,677,93
warehouse.map,55,20,TP,10,500,1,276.04,640,64
warehouse.map,28,20,TP,10,500,1,276.762,615,84
warehouse.map,29,20,TP,10,500,1,272.302,641,123
warehouse.map,30,20,TP,10,500,1,287.632,665,108
warehouse.map,31,20,TP,10,500,1,272.3,689,204
warehouse.map,64,20,TP,10,500,1,280.408,694,127
warehouse.map,65,20,TP,10,500,1,260.122,618,65
warehouse.map,66,20,TP,10,500,1,270.374,628,115
warehouse.map,67,20,TP,10,500,1,272.076,698,77
warehouse.map,60,20,TP,10,500,1,253.372,621,61
warehouse.map,61,20,TP,10,500,1,270.356,656,71
warehouse.map,62,20,TP,10,500,1,278.48,682,117
warehouse.map,63,20,TP,10,500,1,265.924,630,147
warehouse.map,76,20,TP,10,500,1,286.17,642,108
warehouse.map,77,20,TP,10,500,1,284.744,637,83
warehouse.map,78,20,TP,10,500,1,271.71,602,115
warehouse.map,79,20,TP,10,500,1,276.04,634,90
warehouse.map,68,20,TP,10,500,1,265.762,654,96
warehouse.map,69,20,TP,10,500,1,262.466,592,46
warehouse.map,70,20,TP,10,500,1,279.132,647,109
warehouse.map,71,20,TP,10,500,1,260.438,613,72
warehouse.map,72,20,TP,10,500,1,272.98,636,104
warehouse.map,73,20,TP,10,500,1,275.876,637,65
warehouse.map,74,20,TP,10,500,1,264.912,617,91
warehouse.map,75,20,TP,10,500,1,275.244,655,103
warehouse.map,80,20,TP,10,500,1,265.416,711,70
warehouse.map,81,20,TP,10,500,1,270.756,629,58
warehouse.map,82,20,TP,10,500,1,284.91,634,100
warehouse.map,83,20,TP,10,500,1,266.344,598,123
warehouse.map,84,20,TP,10,500,1,281.568,629,79
warehouse.map,85,20,TP,10,500,1,292.746,664,133
warehouse.map,86,20,TP,10,500,1,281.502,635,72
warehouse.map,87,20,TP,10,500,1,263.344,621,54
warehouse.map,88,20,TP,10,500,1,282.628,672,86
warehouse.map,89,20,TP,10,500,1,287.63,650,100
warehouse.map,90,20,TP,10,500,1,268.042,622,69
warehouse.map,91,20,TP,10,500,1,283.33,667,86
warehouse.map,92,20,TP,10,500,1,277.582,656,76
warehouse.map,93,20,TP,10,500,1,276.77,636,99
warehouse.map,94,20,TP,10,500,1,272.144,644,90
warehouse.map,95,20,TP,10,500,1,274.11,674,77
warehouse.map,96,20,TP,10,500,1,277.356,650,98
warehouse.map,97,20,TP,10,500,1,282.02,630,126
warehouse.map,98,20,TP,10,500,1,267.968,626,67
warehouse.map,99,20,TP,10,500,1,288.002,672,100
warehouse.map,0,30,TP,10,500,1,192.238,457,82
warehouse.map,1,30,TP,10,500,1,199.092,472,158
warehouse.map,2,30,TP,10,500,1,191.406,460,203
warehouse.map,3,30,TP,10,500,1,185.26,460,119
warehouse.map,4,30,TP,10,500,1,190.912,490,169
warehouse.map,5,30,TP,10,500,1,184.162,466,109
warehouse.map,6,30,TP,10,500,1,190.644,459,155
warehouse.map,7,30,TP,10,500,1,190.488,497,96
warehouse.map,24,30,TP,10,500,1,192.48,466,139
warehouse.map,25,30,TP,10,500,1,190.236,460,113
warehouse.map,26,30,TP,10,500,1,201.1,491,162
warehouse.map,27,30,TP,10,500,1,193.64,465,130
warehouse.map,16,30,TP,10,500,1,183.192,456,76
warehouse.map,17,30,TP,10,500,1,205.372,485,221
warehouse.map,18,30,TP,10,500,1,195.28,440,191
warehouse.map,19,30,TP,10,500,1,184.178,451,106
warehouse.map,8,30,TP,10,500,1,186.268,479,131
warehouse.map,9,30,TP,10,500,1,209.552,504,143
warehouse.map,10,30,TP,10,500,1,194.162,576,179
warehouse.map,11,30,TP,10,500,1,196.33,516,194
warehouse.map,32,30,TP,10,500,1,193.236,475,117
warehouse.map,33,30,TP,10,500,1,187.634,488,117
warehouse.map,34,30,TP,10,500,1,192.136,466,116
warehouse.map,35,30,TP,10,500,1,186.942,445,114
warehouse.map,20,30,TP,10,500,1,198.76,481,160
warehouse.map,21,30,TP,10,500,1,205.284,474,148
warehouse.map,22,30,TP,10,500,1,199.506,581,179
warehouse.map,23,30,TP,10,500,1,199.532,487,149
warehouse.map,36,30,TP,10,500,1,190.546,456,103
warehouse.map,37,30,TP,10,500,1,190.784,458,109
warehouse.map,38,30,TP,10,500,1,191.74,465,147
warehouse.map,39,30,TP,10,500,1,188.676,462,151
warehouse.map,40,30,TP,10,500,1,192.822,462,94
warehouse.map,41,30,TP,10,500,1,193.918,461,161
warehouse.map,42,30,TP,10,500,1,204.096,523,176
warehouse.map,43,30,TP,10,500,1,206.542,504,193
warehouse.map,48,30,TP,10,500,1,194.572,456,139
warehouse.map,49,30,TP,10,500,1,196.72,447,103
warehouse.map,50,30,TP,10,500,1,195.162,472,99
warehouse.map,51,30,TP,10,500,1,202.884,490,157
warehouse.map,28,30,TP,10,500,1,195.406,465,179
warehouse.map,29,30,TP,10,500,1,191.7,464,142
warehouse.map,30,30,TP,10,500,1,199.266,466,101
warehouse.map,31,30,TP,10,500,1,195.616,529,177
warehouse.map,44,30,TP,10,500,1,196.77,516,168
warehouse.map,45,30,TP,10,500,1,190.262,475,125
warehouse.map,46,30,TP,10,500,1,205.014,553,177
warehouse.map,47,30,TP,10,500,1,189.37,522,189
warehouse.map,52,30,TP,10,500,1,193.186,454,148
warehouse.map,53,30,TP,10,500,1,185.966,491,156
warehouse.map,54,30,TP,10,500,1,191.008,464,127
warehouse.map,55,30,TP,10,500,1,195.214,504,139
warehouse.map,64,30,TP,10,500,1,193.004,509,112
warehouse.map,65,30,TP,10,500,1,182.082,492,98
warehouse.map,66,30,TP,10,500,1,189.332,447,93
warehouse.map,67,30,TP,10,500,1,186.094,499,98
warehouse.map,56,30,TP,10,500,1,191.8,493,86
warehouse.map,57,30,TP,10,500,1,193.13,464,193
warehouse.map,58,30,TP,10,500,1,201.472,453,163
warehouse.map,59,30,TP,10,500,1,193.3,488,156
warehouse.map,60,30,TP,10,500,1,179.708,466,119
warehouse.map,61,30,TP,10,500,1,196.816,484,161
warehouse.map,62,30,TP,10,500,1,199.954,462,170
warehouse.map,63,30,TP,10,500,1,183.11,433,112
warehouse.map,68,30,TP,10,500,1,188.09,466,235
warehouse.map,69,30,TP,10,500,1,186.664,437,117
warehouse.map,70,30,TP,10,500,1,198.508,471,190
warehouse.map,71,30,TP,10,500,1,187.076,470,93
warehouse.map,76,30,TP,10,500,1,197.042,464,140
warehouse.map,77,30,TP,10,500,1,194.882,459,132
warehouse.map,78,30,TP,10,500,1,188.864,462,115
warehouse.map,79,30,TP,10,500,1,192.154,464,145
warehouse.map,12,30,TP,10,500,1,202.336,484,193
warehouse.map,13,30,TP,10,500,1,201.37,492,184
warehouse.map,14,30,TP,10,500,1,192.76,530,194
warehouse.map,15,30,TP,10,500,1,187.574,521,662
warehouse.map,72,30,TP,10,500,1,191.408,471,144
warehouse.map,73,30,TP,10,500,1,197.452,461,97
warehouse.map,74,30,TP,10,500,1,189.88,465,148
warehouse.map,75,30,TP,10,500,1,196.8,520,265
warehouse.map,80,30,TP,10,500,1,182.694,561,118
warehouse.map,81,30,TP,10,500,1,193.092,487,186
warehouse.map,82,30,TP,10,500,1,198.592,469,139
warehouse.map,83,30,TP,10,500,1,182.858,443,96
warehouse.map,88,30,TP,10,500,1,200.82,471,147
warehouse.map,89,30,TP,10,500,1,204.392,480,200
warehouse.map,90,30,TP,10,500,1,190.766,491,107
warehouse.map,91,30,TP,10,500,1,199.422,499,116
warehouse.map,84,30,TP,10,500,1,202.732,475,199
warehouse.map,85,30,TP,10,500,1,205.582,493,190
warehouse.map,86,30,TP,10,500,1,205.83,524,323
warehouse.map,87,30,TP,10,500,1,186.004,501,93
warehouse.map,92,30,TP,10,500,1,195.668,488,192
warehouse.map,93,30,TP,10,500,1,203.904,474,218
warehouse.map,94,30,TP,10,500,1,192.616,467,115
warehouse.map,95,30,TP,10,500,1,198.196,493,159
warehouse.map,96,30,TP,10,500,1,189.746,496,180
warehouse.map,97,30,TP,10,500,1,197.342,457,139
warehouse.map,98,30,TP,10,500,1,192.966,462,105
warehouse.map,99,30,TP,10,500,1,203.868,475,150
warehouse.map,0,40,TP,10,500,1,152.594,413,145
warehouse.map,1,40,TP,10,500,1,156.452,392,187
warehouse.map,2,40,TP,10,500,1,152.304,371,149
warehouse.map,3,40,TP,10,500,1,149.502,405,196
warehouse.map,8,40,TP,10,500,1,144.912,390,146
warehouse.map,9,40,TP,10,500,1,156.88,404,157
warehouse.map,10,40,TP,10,500,1,154.634,474,212
warehouse.map,11,40,TP,10,500,1,156.882,397,274
warehouse.map,12,40,TP,10,500,1,160.686,407,233
warehouse.map,13,40,TP,10,500,1,161.192,373,256
warehouse.map,14,40,TP,10,500,1,155.996,427,221
warehouse.map,15,40,TP,10,500,1,151.704,391,221
warehouse.map,24,40,TP,10,500,1,151.92,437,164
warehouse.map,25,40,TP,10,500,1,156.656,383,246
warehouse.map,26,40,TP,10,500,1,154.518,375,131
warehouse.map,27,40,TP,10,500,1,163.684,395,267
warehouse.map,4,40,TP,10,500,1,149.5,401,148
warehouse.map,5,40,TP,10,500,1,148.572,383,223
warehouse.map,6,40,TP,10,500,1,159.162,407,350
warehouse.map,7,40,TP,10,500,1,159.66,376,277
warehouse.map,28,40,TP,10,500,1,155.81,373,249
warehouse.map,29,40,TP,10,500,1,148.034,400,117
warehouse.map,30,40,TP,10,500,1,163.134,394,217
warehouse.map,31,40,TP,10,500,1,152.792,428,181
warehouse.map,48,40,TP,10,500,1,156.936,385,178
warehouse.map,49,40,TP,10,500,1,158.396,398,151
warehouse.map,50,40,TP,10,500,1,158.88,422,192
warehouse.map,51,40,TP,10,500,1,162.194,439,264
warehouse.map,36,40,TP,10,500,1,149.348,393,170
warehouse.map,37,40,TP,10,500,1,157.24,371,237
warehouse.map,38,40,TP,10,500,1,156.182,396,214
warehouse.map,39,40,TP,10,500,1,144.888,369,203
warehouse.map,56,40,TP,10,500,1,151.728,416,144
warehouse.map,57,40,TP,10,500,1,152.738,402,137
warehouse.map,58,40,TP,10,500,1,159.768,407,245
warehouse.map,59,40,TP,10,500,1,147.592,373,123
warehouse.map,16,40,TP,10,500,1,150.352,431,232
warehouse.map,17,40,TP,10,500,1,157.136,378,187
warehouse.map,18,40,TP,10,500,1,161.286,379,381
warehouse.map,19,40,TP,10,500,1,146.93,366,224
warehouse.map,44,40,TP,10,500,1,161.352,517,253
warehouse.map,45,40,TP,10,500,1,148.6,429,183
warehouse.map,46,40,TP,10,500,1,159.954,406,234
warehouse.map,47,40,TP,10,500,1,152.772,463,189
warehouse.map,20,40,TP,10,500,1,155.812,398,145
warehouse.map,21,40,TP,10,500,1,165.006,414,257
warehouse.map,22,40,TP,10,500,1,166.17,509,236
warehouse.map,23,40,TP,10,500,1,162.084,449,462
warehouse.map,40,40,TP,10,500,1,152.068,389,168
warehouse.map,41,40,TP,10,500,1,150.274,380,245
warehouse.map,42,40,TP,10,500,1,164.898,392,231
warehouse.map,43,40,TP,10,500,1,166.372,426,278
warehouse.map,64,40,TP,10,500,1,155.838,441,228
warehouse.map,65,40,TP,10,500,1,149.58,377,192
warehouse.map,66,40,TP,10,500,1,152.744,362,154
warehouse.map,67,40,TP,10,500,1,148.138,396,129
warehouse.map,60,40,TP,10,500,1,142.432,374,161
warehouse.map,61,40,TP,10,500,1,157.352,421,189
warehouse.map,62,40,TP,10,500,1,155.222,409,159
warehouse.map,63,40,TP,10,500,1,145.792,364,127
warehouse.map,32,40,TP,10,500,1,154.824,400,205
warehouse.map,33,40,TP,10,500,1,153.138,385,265
warehouse.map,34,40,TP,10,500,1,148.398,375,190
warehouse.map,35,40,TP,10,500,1,164.448,388,559
warehouse.map,68,40,TP,10,500,1,149.014,400,151
warehouse.map,69,40,TP,10,500,1,145.414,351,127
warehouse.map,70,40,TP,10,500,1,153.416,405,230
warehouse.map,71,40,TP,10,500,1,146.38,402,130
warehouse.map,52,40,TP,10,500,1,149.802,385,112
warehouse.map,53,40,TP,10,500,1,149.792,491,623
warehouse.map,54,40,TP,10,500,1,152.362,404,157
warehouse.map,55,40,TP,10,500,1,154.016,433,178
warehouse.map,80,40,TP,10,500,1,146.98,494,156
warehouse.map,81,40,TP,10,500,1,149.376,390,141
warehouse.map,82,40,TP,10,500,1,157.46,396,170
warehouse.map,83,40,TP,10,500,1,143.026,365,179
warehouse.map,76,40,TP,10,500,1,156.968,445,179
warehouse.map,77,40,TP,10,500,1,160.52,423,201
warehouse.map,78,40,TP,10,500,1,150.382,370,170
warehouse.map,79,40,TP,10,500,1,154.206,396,226
warehouse.map,72,40,TP,10,500,1,150.4,387,155
warehouse.map,73,40,TP,10,500,1,155.12,386,193
warehouse.map,74,40,TP,10,500,1,148.698,382,203
warehouse.map,75,40,TP,10,500,1,162.822,425,359
warehouse.map,84,40,TP,10,500,1,162.088,401,288
warehouse.map,85,40,TP,10,500,1,159.004,467,176
warehouse.map,86,40,TP,10,500,1,157.378,435,218
warehouse.map,87,40,TP,10,500,1,147.14,481,133
warehouse.map,88,40,TP,10,500,1,166.882,413,267
warehouse.map,89,40,TP,10,500,1,159.308,399,258
warehouse.map,90,40,TP,10,500,1,149.966,381,116
warehouse.map,91,40,TP,10,500,1,160.13,435,218
warehouse.map,92,40,TP,10,500,1,156.284,457,465
warehouse.map,93,40,TP,10,500,1,158.734,383,220
warehouse.map,94,40,TP,10,500,1,153.052,406,187
warehouse.map,95,40,TP,10,500,1,153.468,375,165
warehouse.map,96,40,TP,10,500,1,151.314,393,263
warehouse.map,97,40,TP,10,500,1,155.552,384,171
warehouse.map,98,40,TP,10,500,1,151.42,461,136
warehouse.map,99,40,TP,10,500,1,167.276,436,257
warehouse.map,8,50,TP,10,500,1,123.714,360,401
warehouse.map,9,50,TP,10,500,1,137.806,370,223
warehouse.map,10,50,TP,10,500,1,127.266,422,233
warehouse.map,11,50,TP,10,500,1,130.258,343,262
warehouse.map,0,50,TP,10,500,1,127.0,378,169
warehouse.map,1,50,TP,10,500,1,136.904,340,335
warehouse.map,2,50,TP,10,500,1,129.736,333,237
warehouse.map,3,50,TP,10,500,1,125.298,350,298
warehouse.map,4,50,TP,10,500,1,128.87,345,263
warehouse.map,5,50,TP,10,500,1,121.876,313,153
warehouse.map,6,50,TP,10,500,1,133.1,347,296
warehouse.map,7,50,TP,10,500,1,139.464,367,350
warehouse.map,12,50,TP,10,500,1,134.812,388,264
warehouse.map,13,50,TP,10,500,1,135.41,325,296
warehouse.map,14,50,TP,10,500,1,132.936,360,234
warehouse.map,15,50,TP,10,500,1,129.088,382,386
warehouse.map,36,50,TP,10,500,1,123.218,384,176
warehouse.map,37,50,TP,10,500,1,135.314,368,334
warehouse.map,38,50,TP,10,500,1,138.296,342,422
warehouse.map,39,50,TP,10,500,1,124.708,346,161
warehouse.map,16,50,TP,10,500,1,126.35,356,250
warehouse.map,17,50,TP,10,500,1,133.124,320,229
warehouse.map,18,50,TP,10,500,1,134.586,343,394
warehouse.map,19,50,TP,10,500,1,123.99,325,210
warehouse.map,24,50,TP,10,500,1,132.754,344,281
warehouse.map,25,50,TP,10,500,1,136.474,334,325
warehouse.map,26,50,TP,10,500,1,134.882,303,222
warehouse.map,27,50,TP,10,500,1,140.706,376,393
warehouse.map,20,50,TP,10,500,1,134.058,344,191
warehouse.map,21,50,TP,10,500,1,145.192,344,380
warehouse.map,22,50,TP,10,500,1,139.656,447,306
warehouse.map,23,50,TP,10,500,1,135.534,367,292
warehouse.map,56,50,TP,10,500,1,130.23,360,255
warehouse.map,57,50,TP,10,500,1,126.986,334,192
warehouse.map,58,50,TP,10,500,1,131.18,354,251
warehouse.map,59,50,TP,10,500,1,126.648,376,324
warehouse.map,60,50,TP,10,500,1,118.962,352,192
warehouse.map,61,50,TP,10,500,1,126.874,348,185
warehouse.map,62,50,TP,10,500,1,132.74,348,305
warehouse.map,63,50,TP,10,500,1,124.724,345,178
warehouse.map,40,50,TP,10,500,1,130.432,381,230
warehouse.map,41,50,TP,10,500,1,137.19,366,426
warehouse.map,42,50,TP,10,500,1,139.374,347,304
warehouse.map,43,50,TP,10,500,1,139.422,375,207
warehouse.map,48,50,TP,10,500,1,133.79,336,277
warehouse.map,49,50,TP,10,500,1,132.732,334,225
warehouse.map,50,50,TP,10,500,1,134.95,401,227
warehouse.map,51,50,TP,10,500,1,136.472,358,285
warehouse.map,44,50,TP,10,500,1,138.39,385,317
warehouse.map,45,50,TP,10,500,1,126.392,414,233
warehouse.map,46,50,TP,10,500,1,136.776,358,311
warehouse.map,47,50,TP,10,500,1,134.708,362,343
warehouse.map,28,50,TP,10,500,1,135.088,344,366
warehouse.map,29,50,TP,10,500,1,124.204,370,168
warehouse.map,30,50,TP,10,500,1,140.478,429,462
warehouse.map,31,50,TP,10,500,1,130.782,364,331
warehouse.map,68,50,TP,10,500,1,130.122,346,231
warehouse.map,69,50,TP,10,500,1,125.122,380,181
warehouse.map,70,50,TP,10,500,1,129.392,351,255
warehouse.map,71,50,TP,10,500,1,123.978,342,162
warehouse.map,32,50,TP,10,500,1,136.31,368,319
warehouse.map,33,50,TP,10,500,1,131.892,332,280
warehouse.map,34,50,TP,10,500,1,124.646,351,192
warehouse.map,35,50,TP,10,500,1,146.504,366,728
warehouse.map,64,50,TP,10,500,1,139.202,371,398
warehouse.map,65,50,TP,10,500,1,125.998,364,180
warehouse.map,66,50,TP,10,500,1,132.358,334,268
warehouse.map,67,50,TP,10,500,1,126.316,447,142
warehouse.map,72,50,TP,10,500,1,128.754,324,176
warehouse.map,73,50,TP,10,500,1,136.522,366,238
warehouse.map,74,50,TP,10,500,1,126.734,359,297
warehouse.map,75,50,TP,10,500,1,139.992,371,370
warehouse.map,76,50,TP,10,500,1,142.656,383,364
warehouse.map,77,50,TP,10,500,1,130.02,373,148
warehouse.map,78,50,TP,10,500,1,123.576,337,143
warehouse.map,79,50,TP,10,500,1,139.004,414,365
warehouse.map,80,50,TP,10,500,1,125.444,500,214
warehouse.map,81,50,TP,10,500,1,134.042,377,253
warehouse.map,82,50,TP,10,500,1,136.33,358,243
warehouse.map,83,50,TP,10,500,1,123.344,328,159
warehouse.map,52,50,TP,10,500,1,130.686,350,252
warehouse.map,53,50,TP,10,500,1,130.65,408,331
warehouse.map,54,50,TP,10,500,1,127.232,359,180
warehouse.map,55,50,TP,10,500,1,139.726,470,574
warehouse.map,84,50,TP,10,500,1,136.222,341,292
warehouse.map,85,50,TP,10,500,1,141.116,381,311
warehouse.map,86,50,TP,10,500,1,134.416,369,262
warehouse.map,87,50,TP,10,500,1,124.622,361,203
warehouse.map,88,50,TP,10,500,1,144.566,353,443
warehouse.map,89,50,TP,10,500,1,136.79,367,224
warehouse.map,90,50,TP,10,500,1,127.09,410,143
warehouse.map,91,50,TP,10,500,1,136.454,400,238
warehouse.map,96,50,TP,10,500,1,127.332,366,208
warehouse.map,97,50,TP,10,500,1,137.432,401,257
warehouse.map,98,50,TP,10,500,1,128.108,381,119
warehouse.map,99,50,TP,10,500,1,137.188,344,145
warehouse.map,92,50,TP,10,500,1,136.572,372,629
warehouse.map,93,50,TP,10,500,1,139.59,376,388
warehouse.map,94,50,TP,10,500,1,129.228,368,165
warehouse.map,95,50,TP,10,500,1,134.216,388,213
